-- phpMyAdmin SQL Dump
-- version 4.0.10.7
-- http://www.phpmyadmin.net
--
-- Host: localhost
-- Generation Time: Jul 27, 2015 at 09:57 PM
-- Server version: 5.5.41-cll-lve
-- PHP Version: 5.4.23

SET SQL_MODE = "NO_AUTO_VALUE_ON_ZERO";
SET time_zone = "+00:00";


/*!40101 SET @OLD_CHARACTER_SET_CLIENT=@@CHARACTER_SET_CLIENT */;
/*!40101 SET @OLD_CHARACTER_SET_RESULTS=@@CHARACTER_SET_RESULTS */;
/*!40101 SET @OLD_COLLATION_CONNECTION=@@COLLATION_CONNECTION */;
/*!40101 SET NAMES utf8 */;

--
-- Database: `admin_yolove_web`
--

-- --------------------------------------------------------

--
-- Table structure for table `activity`
--

CREATE TABLE IF NOT EXISTS `activity` (
  `id` int(11) NOT NULL AUTO_INCREMENT,
  `user_id` int(11) NOT NULL,
  `to_user_id` int(11) DEFAULT '0',
  `act_code` varchar(50) NOT NULL DEFAULT '',
  `act_title` varchar(255) NOT NULL DEFAULT '',
  `create_time` int(10) NOT NULL DEFAULT '0',
  `is_read` tinyint(4) DEFAULT '0',
  `rel_id` int(11) DEFAULT '0',
  PRIMARY KEY (`id`)
) ENGINE=MyISAM  DEFAULT CHARSET=utf8 AUTO_INCREMENT=40 ;

--
-- Dumping data for table `activity`
--

INSERT INTO `activity` (`id`, `user_id`, `to_user_id`, `act_code`, `act_title`, `create_time`, `is_read`, `rel_id`) VALUES
(10, 351, 10, 'addlike', 'Nasty Gal Buckle Me Up Swimsuit', 1436776379, 0, 26),
(11, 6, 10, 'addlike', 'White Spaghetti Strap Cascading Ruffle Dress ', 1436779243, 0, 25),
(12, 6, 351, 'postcomment', 'Crystal fringe top', 1436779801, 0, 16),
(13, 6, 351, 'postcomment', 'Crystal fringe top', 1436779810, 0, 16),
(4, 20, 351, 'addlike', 'Border Print Dropwaist Tunic at Free People Clothing Boutique', 1436333064, 1, 15),
(14, 6, 351, 'postcomment', 'Crystal fringe top', 1436779823, 1, 16),
(7, 20, 351, 'addlike', 'Crystal fringe top', 1436333639, 0, 16),
(8, 20, 351, 'postcomment', 'Gemma''s Apron Dress ', 1436333676, 0, 17),
(9, 10, 351, 'postcomment', 'Gemma''s Apron Dress ', 1436333795, 0, 17),
(15, 351, 351, 'postcomment', 'Border Print Dropwaist Tunic at Free People Clothing Boutique', 1436779888, 0, 15),
(16, 351, 351, 'postcomment', 'Border Print Dropwaist Tunic at Free People Clothing Boutique', 1436780001, 0, 15),
(17, 6, 351, 'addlike', 'Crystal fringe top', 1436781265, 1, 16),
(18, 115, 351, 'addlike', 'Women Sexy Strappy Swimsuit Swimwear Bathing Monokini Push Up Padded Bikini', 1437024638, 0, 38),
(20, 115, 351, 'addlike', 'Patch Lace Sheer Style Black Chiffon Shirt', 1437029645, 0, 34),
(21, 115, 351, 'postcomment', 'Gardenia Floral Dress | Shop Clothes at Nasty Gal!', 1437030621, 0, 39),
(24, 115, 351, 'postcomment', 'Patch Lace Sheer Style Black Chiffon Shirt', 1437031207, 0, 34),
(23, 115, 351, 'postcomment', 'Women Sexy Strappy Swimsuit Swimwear Bathing Monokini Push Up Padded Bikini', 1437030743, 0, 38),
(25, 115, 351, 'postcomment', 'Patch Lace Sheer Style Black Chiffon Shirt', 1437031732, 0, 34),
(26, 115, 351, 'postcomment', 'Patch Lace Sheer Style Black Chiffon Shirt', 1437031919, 0, 34),
(27, 115, 351, 'postcomment', 'Patch Lace Sheer Style Black Chiffon Shirt', 1437031979, 0, 34),
(28, 115, 351, 'postcomment', 'Patch Lace Sheer Style Black Chiffon Shirt', 1437032038, 0, 34),
(29, 115, 351, 'postcomment', 'Patch Lace Sheer Style Black Chiffon Shirt', 1437032205, 0, 34),
(30, 115, 351, 'postcomment', 'Patch Lace Sheer Style Black Chiffon Shirt', 1437032883, 0, 34),
(31, 115, 351, 'postcomment', 'Patch Lace Sheer Style Black Chiffon Shirt', 1437033166, 0, 34),
(32, 359, 351, 'postcomment', 'Gardenia Floral Dress | Shop Clothes at Nasty Gal!', 1437815380, 0, 39),
(33, 115, 351, 'addlike', 'Gemma''s Apron Dress ', 1437973191, 0, 17),
(34, 115, 10, 'addlike', '				Shop Women''s New Arrivals - Boston Proper', 1437973304, 0, 19),
(35, 115, 10, 'addlike', 'Romantic Garden Organza Peter Pan Collar Dress ', 1437995046, 0, 27),
(36, 115, 10, 'addlikealbum', 'Dress', 1437995068, 0, 10),
(37, 359, 115, 'addlike', '''Round Midnight Crochet Lace Kimono | Shop Clothes at Nasty Gal!', 1437998429, 0, 64),
(38, 359, 115, 'postcomment', '''Round Midnight Crochet Lace Kimono | Shop Clothes at Nasty Gal!', 1437998439, 0, 64),
(39, 359, 351, 'addlike', 'Border Print  Free Boutique', 1437999042, 0, 15);

-- --------------------------------------------------------

--
-- Table structure for table `album`
--

CREATE TABLE IF NOT EXISTS `album` (
  `id` int(11) NOT NULL AUTO_INCREMENT,
  `category_id` int(11) DEFAULT '0',
  `album_title` varchar(255) NOT NULL,
  `album_desc` text,
  `create_time` int(10) NOT NULL,
  `update_time` int(10) DEFAULT NULL,
  `user_id` int(11) NOT NULL,
  `album_cover` text,
  `total_share` int(11) DEFAULT '0',
  `total_like` int(11) DEFAULT '0',
  PRIMARY KEY (`id`),
  KEY `idx_user_id` (`user_id`),
  KEY `idx_category_id` (`category_id`)
) ENGINE=MyISAM  DEFAULT CHARSET=utf8 AUTO_INCREMENT=42 ;

--
-- Dumping data for table `album`
--

INSERT INTO `album` (`id`, `category_id`, `album_title`, `album_desc`, `create_time`, `update_time`, `user_id`, `album_cover`, `total_share`, `total_like`) VALUES
(10, 17, 'Dress', '', 1436350161, 1436351618, 10, NULL, 3, 1),
(18, 5, 'Winter Collection', '', 1437042353, 1437042353, 115, NULL, 0, 0),
(3, 15, 'Tunic', '', 1436333025, 1436333041, 351, NULL, 1, 0),
(4, 15, 'Tops', '', 1436333276, 1437380442, 351, NULL, 5, 1),
(5, 17, 'Dress', '', 1436333344, 1436940453, 351, NULL, 4, 0),
(6, 18, 'Earrings', '', 1436333453, 1437831783, 351, NULL, 2, 1),
(7, 15, 'tops ', '', 1436333963, 1436349799, 10, NULL, 2, 0),
(8, 20, 'Skirts', '', 1436347827, 1436347844, 10, NULL, 1, 0),
(12, 27, 'Swimwear', '', 1436351467, 1436351534, 10, NULL, 1, 0),
(11, 25, 'Jumpsuits', '', 1436350973, 1436351010, 10, NULL, 1, 0),
(13, 5, 'Bracelet ', '', 1436432105, 1436432125, 351, NULL, 1, 0),
(14, 25, 'Rompers', '', 1436765979, 1436765994, 351, NULL, 1, 0),
(15, 17, 'New collection', 'This is the new collection', 1436781251, 1436781332, 6, NULL, 0, 0),
(16, 21, 'Jackets', '', 1436782133, 1436782133, 351, NULL, 0, 0),
(17, 27, 'Swimwear', '', 1436786480, 1436786567, 351, NULL, 2, 0),
(19, 5, 'new Winter', '', 1437042787, 1437998307, 115, NULL, 3, 0),
(20, 17, 'Audrey Hepburn Style', '', 1437466819, 1437466994, 328, NULL, 2, 0),
(21, 5, 'my album', NULL, 1437810052, 1437997215, 340, NULL, 1, 0),
(22, 5, 'my album 2', NULL, 1437810274, 1437810274, 340, NULL, 0, 0),
(23, 5, 'temp', NULL, 1437815700, 1437980661, 359, NULL, 8, 0),
(35, 5, 'dooooo', NULL, 1437983176, 1437983176, 359, NULL, 0, 0),
(25, 5, 'Wish List', NULL, 1437818636, 1437818636, 360, NULL, 0, 0),
(26, 5, 'Wish List', NULL, 1437819540, 1437819540, 361, NULL, 0, 0),
(32, 18, 'accessories', NULL, 1437981142, 1437981142, 359, NULL, 0, 0),
(33, 5, 'new', NULL, 1437981676, 1437981676, 359, NULL, 0, 0),
(34, 5, 'test', NULL, 1437982878, 1437982878, 359, NULL, 0, 0),
(36, 5, 'yesssdd', NULL, 1437983659, 1437983659, 359, NULL, 0, 0),
(37, 5, 'don', NULL, 1437985218, 1437985218, 340, NULL, 0, 0),
(38, 5, 'done', NULL, 1437985261, 1437985261, 340, NULL, 0, 0),
(39, 5, 'red', NULL, 1437991228, 1437991228, 359, NULL, 0, 0),
(40, 5, 'Wish List', NULL, 1437994037, 1437994037, 362, NULL, 0, 0),
(41, 5, 'Wish List', NULL, 1438000791, 1438000791, 363, NULL, 0, 0);

-- --------------------------------------------------------

--
-- Table structure for table `attachment`
--

CREATE TABLE IF NOT EXISTS `attachment` (
  `id` int(11) unsigned NOT NULL AUTO_INCREMENT,
  `item_id` int(11) unsigned NOT NULL DEFAULT '0',
  `user_id` mediumint(8) unsigned NOT NULL DEFAULT '0',
  `create_time` int(10) unsigned NOT NULL DEFAULT '0',
  `filename` varchar(255) NOT NULL DEFAULT '',
  `fileext` varchar(50) NOT NULL DEFAULT '',
  `filesize` int(10) unsigned NOT NULL DEFAULT '0',
  `attachment` varchar(255) NOT NULL DEFAULT '',
  `remote` varchar(255) NOT NULL DEFAULT '',
  `source` varchar(255) NOT NULL DEFAULT '',
  `description` varchar(255) NOT NULL,
  `readperm` tinyint(3) unsigned NOT NULL DEFAULT '0',
  `isimage` tinyint(1) NOT NULL DEFAULT '0',
  `width` smallint(6) unsigned NOT NULL DEFAULT '0',
  `height` smallint(6) unsigned NOT NULL DEFAULT '0',
  `thumb` tinyint(1) unsigned NOT NULL DEFAULT '0',
  `downloads` mediumint(8) NOT NULL DEFAULT '0',
  `cloud` varchar(80) NOT NULL DEFAULT '',
  PRIMARY KEY (`id`),
  KEY `idx_item_id` (`item_id`),
  KEY `idx_user_id` (`user_id`)
) ENGINE=MyISAM  DEFAULT CHARSET=utf8 AUTO_INCREMENT=65 ;

--
-- Dumping data for table `attachment`
--

INSERT INTO `attachment` (`id`, `item_id`, `user_id`, `create_time`, `filename`, `fileext`, `filesize`, `attachment`, `remote`, `source`, `description`, `readperm`, `isimage`, `width`, `height`, `thumb`, `downloads`, `cloud`) VALUES
(33, 33, 351, 1436781023, '351_55a389dde9680.jpg', 'jpg', 214286, 'uploads/attachments/products/large/351_55a389dde9680.jpg', 'http://www.jollychic.com/p/sexy-cut-out-a-line-white-floral-dress-g155161.html', 'www.jollychic.com', '', 0, 1, 600, 800, 0, 0, ''),
(32, 32, 351, 1436780922, '351_55a38978d7f1c.jpg', 'jpg', 308635, 'uploads/attachments/products/large/351_55a38978d7f1c.jpg', 'http://www.shein.com/White-Spaghetti-Strap-Sequined-Chiffon-Dress-p-221145-cat-1727.html#', 'www.shein.com', '', 0, 1, 580, 772, 0, 0, ''),
(31, 31, 351, 1436776209, '351_55a377114400f.jpg', 'jpg', 101122, 'uploads/attachments/products/large/351_55a377114400f.jpg', 'http://www.bostonproper.com/store/product/crystal-fringe-top/570110838?color=2430', 'www.bostonproper.com', '', 0, 1, 408, 615, 0, 0, ''),
(30, 30, 351, 1436765994, '351_55a34f28ada9f.jpg', 'jpg', 194924, 'uploads/attachments/products/large/351_55a34f28ada9f.jpg', 'http://www.nastygal.com/whats-new/blank-nyc-living-dead-girl-chambray-romper', 'www.nastygal.com', '', 0, 1, 1340, 2010, 0, 0, ''),
(29, 29, 351, 1436432125, '351_559e36fb53ba7.jpg', 'jpg', 302373, 'uploads/attachments/products/large/351_559e36fb53ba7.jpg', 'http://www.shein.com/Cheap-Simple-Style-Rhinestone-Star-Gold-Plated-Chain-Bracelet-p-216486-cat-1758.html', 'www.shein.com', '', 0, 1, 650, 837, 0, 0, ''),
(28, 28, 351, 1436431877, '351_559e3603b8055.jpg', 'jpg', 81517, 'uploads/attachments/products/large/351_559e3603b8055.jpg', 'http://www.shein.com/Blue-White-Round-Neck-Short-Sleeve-Striped-Dress-p-220553-cat-1727.html#', 'www.shein.com', '', 0, 1, 310, 418, 0, 0, ''),
(27, 27, 10, 1436351618, '10_559cfc80e34ee.jpg', 'jpg', 27008, 'uploads/attachments/products/large/10_559cfc80e34ee.jpg', 'http://www.chicwish.com/romantic-garden-organza-peter-pan-collar-dress.html', 'www.chicwish.com', '', 0, 1, 345, 505, 0, 0, ''),
(26, 26, 10, 1436351534, '10_559cfc2e04be8.jpg', 'jpg', 136721, 'uploads/attachments/products/large/10_559cfc2e04be8.jpg', 'http://www.nastygal.com/whats-new/nasty-gal-buckle-me-up-swimsuit', 'www.nastygal.com', '', 0, 1, 1340, 2010, 0, 0, ''),
(24, 24, 10, 1436351010, '10_559cfa2181989.jpg', 'jpg', 87614, 'uploads/attachments/products/large/10_559cfa2181989.jpg', 'http://www.nastygal.com/whats-new/lavish-alice-drop-it-down-laceup-jumpsuit', 'www.nastygal.com', '', 0, 1, 1340, 2010, 0, 0, ''),
(25, 25, 10, 1436351327, '10_559cfb5e090cc.jpg', 'jpg', 178408, 'uploads/attachments/products/large/10_559cfb5e090cc.jpg', 'http://www.shein.com/White-Spaghetti-Strap-Cascading-Ruffle-Dress-p-220470-cat-1727.html#', 'www.shein.com', '', 0, 1, 500, 683, 0, 0, ''),
(22, 22, 10, 1436350177, '10_559cf6e06c88d.jpg', 'jpg', 51974, 'uploads/attachments/products/large/10_559cf6e06c88d.jpg', 'http://www.shein.com/White-Spaghetti-Strap-Backless-Lace-Bodycon-Dress-p-220472-cat-1727.html#', 'www.shein.com', '', 0, 1, 398, 552, 0, 0, ''),
(21, 21, 10, 1436349799, '10_559cf5668ec34.jpg', 'jpg', 134217, 'uploads/attachments/products/large/10_559cf5668ec34.jpg', 'http://www.nastygal.com/whats-new/see-no-evil-sheer-organza-top', 'www.nastygal.com', '', 0, 1, 1340, 2010, 0, 0, ''),
(15, 15, 351, 1436333041, '351_559cb3f16902d.jpg', 'jpg', 37937, 'uploads/attachments/products/large/351_559cb3f16902d.jpg', 'http://www.freepeople.com/shop/border-print-dropwaist-tunic-35213586/?c=whats-new', 'www.freepeople.com', '', 0, 1, 356, 475, 0, 0, ''),
(16, 16, 351, 1436333286, '351_559cb4e4b17ea.jpg', 'jpg', 1206658, 'uploads/attachments/products/large/351_559cb4e4b17ea.jpg', 'http://www.bostonproper.com/store/product/crystal-fringe-top/570110838?color=2430&catId=cat8289430&fromSearch=true&scPos=1-2324-3248', 'www.bostonproper.com', '', 0, 1, 1384, 2075, 0, 0, ''),
(17, 17, 351, 1436333360, '351_559cb530888f6.jpg', 'jpg', 25489, 'uploads/attachments/products/large/351_559cb530888f6.jpg', 'http://www.freepeople.com/shop/gemmas-apron-dress/?c=whats-new', 'www.freepeople.com', '', 0, 1, 356, 475, 0, 0, ''),
(18, 18, 351, 1436333518, '351_559cb5cdab84c.jpg', 'jpg', 508492, 'uploads/attachments/products/large/351_559cb5cdab84c.jpg', 'http://www.bostonproper.com/store/product/colorful-earrings/570141044?color=1262&catId=cat8289430&fromSearch=true&scPos=1-4994-3248', 'www.bostonproper.com', '', 0, 1, 1384, 2075, 0, 0, ''),
(19, 19, 10, 1436333978, '10_559cb798910ff.jpg', 'jpg', 1200784, 'uploads/attachments/products/large/10_559cb798910ff.jpg', 'http://www.bostonproper.com/store/product/studded-animal-coldshoulder-tee/570141273?color=1166&catId=cat8289430&fromSearch=true&scPos=1-2960-3248', 'www.bostonproper.com', '', 0, 1, 1384, 2075, 0, 0, ''),
(20, 20, 10, 1436347844, '10_559cedc307293.jpg', 'jpg', 27147, 'uploads/attachments/products/large/10_559cedc307293.jpg', 'http://www.chicwish.com/favor-stripes-pleated-midi-skirt.html', 'www.chicwish.com', '', 0, 1, 345, 505, 0, 0, ''),
(34, 34, 351, 1436781949, '351_55a38d7bd090c.jpg', 'jpg', 124567, 'uploads/attachments/products/large/351_55a38d7bd090c.jpg', 'http://www.jollychic.com/p/patch-lace-sheer-style-black-chiffon-shirt-g155419.html', 'www.jollychic.com', '', 0, 1, 360, 480, 0, 0, ''),
(37, 37, 351, 1436786515, '351_55a39f52c3d7e.jpg', 'jpg', 33890, 'uploads/attachments/products/large/351_55a39f52c3d7e.jpg', 'http://www.aliexpress.com/item/Women-s-Bandage-Bikini-Set-Push-up-Padded-Bra-Swimsuit-Bathing-Suit-Swimwear-HB88/32336119492.html', 'www.aliexpress.com', '', 0, 1, 350, 350, 0, 0, ''),
(38, 38, 351, 1436786567, '351_55a39f86ef1c7.jpg', 'jpg', 48350, 'uploads/attachments/products/large/351_55a39f86ef1c7.jpg', 'http://www.aliexpress.com/item/Women-Sexy-Strappy-Swimsuit-Swimwear-Bathing-Monokini-Push-Up-Padded-Bikini/32327041565.html', 'www.aliexpress.com', '', 0, 1, 350, 350, 0, 0, ''),
(39, 39, 351, 1436940453, '351_55a5f8a518be1.jpg', 'jpg', 63172, 'uploads/attachments/products/large/351_55a5f8a518be1.jpg', 'http://www.nastygal.com/whats-new/gardenia-floral-dress', 'www.nastygal.com', '', 0, 1, 680, 1022, 0, 0, ''),
(41, 41, 351, 1437380442, '351_55acaf5ad8cdd.jpg', 'jpg', 39827, 'uploads/attachments/products/large/351_55acaf5ad8cdd.jpg', 'http://www.aeropostale.com/product/index.jsp?productId=58392866&cp=3534618.3534619.3534623.3541049.3536163', 'www.aeropostale.com', '', 0, 1, 386, 450, 0, 0, ''),
(42, 42, 328, 1437466935, '328_55ae01359e0be.jpg', 'jpg', 107177, 'uploads/attachments/products/large/328_55ae01359e0be.jpg', 'http://www.wsdear.com/audrey-hepburn-style-1950-s-polka-dot-printed-button-halter-swing-dress-rockabilly-vintage-inspired-party-dress.html', 'www.wsdear.com', '', 0, 1, 600, 800, 0, 0, ''),
(43, 43, 328, 1437466994, '328_55ae0171367df.jpg', 'jpg', 76540, 'uploads/attachments/products/large/328_55ae0171367df.jpg', 'http://www.wsdear.com/candy-colored-audrey-hepburn-inspired-dress-classic-vintage-sleeveless-swing-cotton-dress-plus-size.html', 'www.wsdear.com', '', 0, 1, 737, 982, 0, 0, ''),
(44, 44, 359, 1437816964, '359_55b35883ca453.jpg', 'jpg', 17351, 'uploads/attachments/products/large/359_55b35883ca453.jpg', 'http://www.nastygal.com/', 'www.nastygal.com', '', 0, 1, 175, 262, 0, 0, ''),
(46, 46, 359, 1437828265, '359_55b384a961b19.jpg', 'jpg', 48036, 'uploads/attachments/products/large/359_55b384a961b19.jpg', 'http://www.nastygal.com/sale/nasty-gal-good-sport-cutout-dress', 'www.nastygal.com', '', 0, 1, 680, 1022, 0, 0, ''),
(47, 47, 359, 1437828931, '359_55b387438394e.jpg', 'jpg', 43998, 'uploads/attachments/products/large/359_55b387438394e.jpg', 'http://www.nastygal.com/sale/nasty-gal-denim--slayin-frayin-shorts', 'www.nastygal.com', '', 0, 1, 680, 1022, 0, 0, ''),
(48, 48, 359, 1437829356, '359_55b388ebc81a6.jpg', 'jpg', 38300, 'uploads/attachments/products/large/359_55b388ebc81a6.jpg', 'http://www.nastygal.com/clothes-dresses-basics-styling/ramblin-ann-highlow-jersey-dress', 'www.nastygal.com', '', 0, 1, 680, 1022, 0, 0, ''),
(55, 55, 359, 1437973522, '359_55b5bc1190841.jpg', 'jpg', 35952, 'uploads/attachments/products/large/359_55b5bc1190841.jpg', 'http://www.nastygal.com/clothes-dresses-basics-styling', 'www.nastygal.com', '', 0, 1, 175, 262, 0, 0, ''),
(54, 54, 115, 1437831783, '115_55b3926728f13.jpg', 'jpg', 156354, 'uploads/attachments/products/large/115_55b3926728f13.jpg', 'http://www.nastygal.com/sale/wyldr-cherry-bomb-lace-rompers', 'www.nastygal.com', '', 0, 1, 1340, 2010, 0, 0, ''),
(56, 56, 359, 1437973963, '359_55b5bdcac76d2.jpg', 'jpg', 14676, 'uploads/attachments/products/large/359_55b5bdcac76d2.jpg', 'http://www.nastygal.com/clothes-dresses-basics-styling/nasty-gal-ride-out-vegan-leather-moto-jacket', 'www.nastygal.com', '', 0, 1, 175, 262, 0, 0, ''),
(57, 57, 359, 1437974289, '359_55b5bf11c76eb.jpg', 'jpg', 50896, 'uploads/attachments/products/large/359_55b5bf11c76eb.jpg', 'http://www.nastygal.com/clothes-dresses-basics-styling/blow-the-belt-totem-leather-fringe-clutch', 'www.nastygal.com', '', 0, 1, 175, 262, 0, 0, ''),
(58, 58, 359, 1437974530, '359_55b5c001d9d11.jpg', 'jpg', 15598, 'uploads/attachments/products/large/359_55b5c001d9d11.jpg', 'http://www.nastygal.com/sale/crazy-daisy-handbag', 'www.nastygal.com', '', 0, 1, 680, 1022, 0, 0, ''),
(59, 59, 359, 1437975594, '359_55b5c42a6b9c3.jpg', 'jpg', 36790, 'uploads/attachments/products/large/359_55b5c42a6b9c3.jpg', 'http://www.nastygal.com/clothes-dresses-basics-styling/rain-or-shine-trench-coat--blue', 'www.nastygal.com', '', 0, 1, 680, 1022, 0, 0, ''),
(60, 60, 359, 1437980661, '359_55b5d7f500a02.jpg', 'jpg', 33318, 'uploads/attachments/products/large/359_55b5d7f500a02.jpg', 'http://www.nastygal.com.au/clothes-dresses-basics-styling/converse-all-star-hightop-sneaker--white-leather', 'www.nastygal.com.au', '', 0, 1, 680, 1022, 0, 0, ''),
(61, 61, 115, 1437997215, '115_55b6189dc8355.jpg', 'jpg', 34159, 'uploads/attachments/products/large/115_55b6189dc8355.jpg', 'http://www.aliexpress.com/item/Free-shipping-2015-BAOSHIDI-66-66cm-new-fashion-summer-style-women-silk-shawl/32394348174.html?s=p', 'www.aliexpress.com', '', 0, 1, 345, 350, 0, 0, ''),
(62, 62, 115, 1437998012, '115_55b61bbc3f72f.jpg', 'jpg', 47618, 'uploads/attachments/products/large/115_55b61bbc3f72f.jpg', 'http://www.nastygal.com.au/clothes-dresses/romantics-lace-dress', 'www.nastygal.com.au', '', 0, 1, 680, 1022, 0, 0, ''),
(63, 63, 115, 1437998232, '115_55b61c9805fd8.jpg', 'jpg', 47618, 'uploads/attachments/products/large/115_55b61c9805fd8.jpg', 'http://www.nastygal.com/clothes-dresses/romantics-lace-dress', 'www.nastygal.com', '', 0, 1, 680, 1022, 0, 0, ''),
(64, 64, 115, 1437998307, '115_55b61ce34f1ed.jpg', 'jpg', 89464, 'uploads/attachments/products/large/115_55b61ce34f1ed.jpg', 'http://www.nastygal.com.au/clothes-sweaters/round-midnight-crochet-lace-kimono', 'www.nastygal.com.au', '', 0, 1, 680, 1022, 0, 0, '');

-- --------------------------------------------------------

--
-- Table structure for table `category`
--

CREATE TABLE IF NOT EXISTS `category` (
  `id` int(11) NOT NULL AUTO_INCREMENT,
  `category_name_cn` varchar(80) NOT NULL,
  `category_name_en` varchar(80) NOT NULL,
  `parent_id` int(11) NOT NULL DEFAULT '0',
  `parent_name` varchar(80) DEFAULT NULL,
  `is_system` tinyint(4) NOT NULL DEFAULT '0',
  `is_open` tinyint(4) DEFAULT '1',
  `is_home` tinyint(1) DEFAULT '1',
  `description` text,
  `category_hot_words` varchar(255) DEFAULT NULL,
  `category_home_shares` varchar(255) DEFAULT NULL,
  `display_order` int(11) NOT NULL DEFAULT '100',
  `total_share` int(11) DEFAULT '0',
  PRIMARY KEY (`id`),
  KEY `idx_category_name_en` (`category_name_en`),
  KEY `idx_display_order` (`display_order`),
  KEY `idx_parent_id` (`parent_id`),
  KEY `idx_is_system` (`is_system`)
) ENGINE=MyISAM  DEFAULT CHARSET=utf8 AUTO_INCREMENT=31 ;

--
-- Dumping data for table `category`
--

INSERT INTO `category` (`id`, `category_name_cn`, `category_name_en`, `parent_id`, `parent_name`, `is_system`, `is_open`, `is_home`, `description`, `category_hot_words`, `category_home_shares`, `display_order`, `total_share`) VALUES
(5, 'Clothing', 'apparel', 0, '0', 1, 0, 0, '0', '0', '', 112, 74),
(19, 'Bags', 'handbags', 0, '0', 0, 1, 1, '0', 'Backpacks,Handbags,Messenger Bags,Wallets', 'a:7:{s:5:"style";s:6:"home_3";s:2:"s1";s:4:"3792";s:2:"s3";s:4:"4777";s:2:"s4";s:4:"4782";s:2:"s2";s:4:"3806";s:2:"s5";s:4:"4132";s:2:"s6";s:4:"4780";}', 120, 1127),
(15, 'Tops', 'top', 0, 'Please select', 0, 1, 1, '0', 'Blouses,Cardigans,Sweaters,Sweatshirts & Hoodies,Tanks,T-Shirts,Tunics', 'a:7:{s:5:"style";s:6:"home_2";s:2:"s1";s:4:"2835";s:2:"s2";s:4:"3819";s:2:"s3";s:4:"2852";s:2:"s4";s:4:"2829";s:2:"s5";s:3:"674";s:2:"s6";s:3:"675";}', 124, 6015),
(17, 'Dresses', 'dresses', 0, 'Please select', 0, 1, 1, '0', 'Day, Cocktail,Gowns', 'a:6:{s:5:"style";s:6:"home_2";s:2:"s1";s:4:"4868";s:2:"s2";s:4:"3788";s:2:"s3";s:4:"4307";s:2:"s4";s:4:"3790";s:2:"s5";s:3:"184";}', 122, 5895),
(18, 'Accessories', 'accessories', 0, '0', 0, 1, 1, '0', 'Belts,Eyewear,Gloves,Hair Accessories,Hats,Scarves,Tech,Umbrellas', 'a:8:{s:5:"style";s:5:"false";s:2:"s1";s:4:"4300";s:2:"s5";s:4:"3432";s:2:"s2";s:4:"3801";s:2:"s4";s:4:"4981";s:2:"s6";s:4:"4855";s:2:"s7";s:4:"3528";s:2:"s3";s:4:"4131";}', 121, 2339),
(21, 'Outerwear', 'outerwear', 0, 'Please select', 0, 1, 1, '0', 'Coats,Jackets,Vests', 'a:7:{s:5:"style";s:6:"home_2";s:2:"s1";s:4:"2241";s:2:"s2";s:4:"2239";s:2:"s3";s:4:"2240";s:2:"s4";s:4:"2405";s:2:"s5";s:3:"580";s:2:"s6";s:4:"2356";}', 0, 701),
(20, 'Skirts', 'skirts', 0, 'Please select', 0, 1, 0, '0', 'Mini,Knee Length,Long', 'a:2:{s:5:"style";s:5:"false";s:2:"s1";s:3:"206";}', 0, 931),
(22, 'Jeans', 'jeans', 0, 'Please select', 0, 1, 0, '0', 'Bootcut,Boyfriend,Flared,Skinny,Straight Leg,Wide Leg', NULL, 0, 1011),
(23, 'Pants', 'pants', 0, 'Please select', 0, 1, 0, '0', 'Capri & Cropped,Leggings', NULL, 0, 674),
(24, 'Shorts', 'shorts', 0, 'Please select', 0, 1, 0, '0', 'Shorts', NULL, 0, 671),
(25, 'Jumpsuits & Rompers', 'jumpsuits_and_rompers', 0, 'Please select', 0, 1, 0, '0', 'Jumpsuits,Rompers', NULL, 0, 1141),
(26, 'Intimates', 'intimates', 0, 'Please select', 0, 1, 0, '0', 'Bras,Camisoles,Chemises,Hosiery,Sleepwear,Panties & Thongs,Robes', NULL, 0, 266),
(27, 'Swimwear', 'swimwear', 0, 'Please select', 0, 1, 0, '0', 'Bikinis,One Piece,Cover-Ups', NULL, 0, 600),
(28, 'Activewear', 'activewear', 0, 'Please select', 0, 1, 0, '0', 'Jackets,Pants,Shorts,Skirts,Sports Bras,Tank Tops,Tops', 'a:3:{s:5:"style";s:5:"false";s:2:"s2";s:3:"544";s:2:"s3";s:3:"538";}', 0, 151),
(30, 'Cosmetics', 'cosmetics', 0, NULL, 0, 1, 0, NULL, 'Lipstick,Cream & Nailpolish', NULL, 132, 3);

-- --------------------------------------------------------

--
-- Table structure for table `comment`
--

CREATE TABLE IF NOT EXISTS `comment` (
  `id` int(11) NOT NULL AUTO_INCREMENT,
  `user_id` int(11) NOT NULL,
  `share_id` int(11) NOT NULL,
  `comment_txt` text,
  `search_en` text,
  `create_time` int(10) NOT NULL,
  PRIMARY KEY (`id`),
  KEY `idx_comment_id` (`id`),
  KEY `idx_share_id` (`share_id`),
  KEY `idx_user_id` (`user_id`),
  FULLTEXT KEY `idx_comment_search` (`search_en`)
) ENGINE=MyISAM  DEFAULT CHARSET=utf8 AUTO_INCREMENT=21 ;

--
-- Dumping data for table `comment`
--

INSERT INTO `comment` (`id`, `user_id`, `share_id`, `comment_txt`, `search_en`, `create_time`) VALUES
(4, 6, 16, '#dress', '', 1436779801),
(2, 20, 17, '@ckhaimunnice dress ', 'a:1:{i:0;i:6;}', 1436333676),
(3, 10, 17, '@Ck.Chengquality dress . #dress ', 'a:1:{i:0;i:351;}', 1436333796),
(5, 6, 16, '#ck.cheng hello', '', 1436779810),
(6, 6, 16, '@Ck.Chenghello ', 'a:1:{i:0;i:351;}', 1436779823),
(7, 351, 15, '@ckhaimun #tunic', '', 1436779888),
(8, 351, 15, '@Khaimun.Chan', 'a:1:{i:0;i:6;}', 1436780001),
(19, 359, 39, 'guy sensy', '', 1437815380),
(20, 359, 64, 'hot', '', 1437998439);

-- --------------------------------------------------------

--
-- Table structure for table `connector`
--

CREATE TABLE IF NOT EXISTS `connector` (
  `id` int(11) NOT NULL AUTO_INCREMENT,
  `user_id` int(11) NOT NULL,
  `social_userid` varchar(100) NOT NULL,
  `vendor` varchar(40) NOT NULL,
  `vendor_info` text,
  `name` varchar(80) DEFAULT NULL,
  `username` varchar(80) NOT NULL,
  `description` varchar(255) DEFAULT NULL,
  `homepage` varchar(255) DEFAULT NULL,
  `avatar` varchar(255) DEFAULT NULL,
  `email` varchar(80) DEFAULT NULL,
  `gender` varchar(10) DEFAULT NULL,
  `location` varchar(80) DEFAULT NULL,
  PRIMARY KEY (`id`),
  KEY `idx_user_id` (`user_id`)
) ENGINE=MyISAM  DEFAULT CHARSET=utf8 AUTO_INCREMENT=57 ;

--
-- Dumping data for table `connector`
--

INSERT INTO `connector` (`id`, `user_id`, `social_userid`, `vendor`, `vendor_info`, `name`, `username`, `description`, `homepage`, `avatar`, `email`, `gender`, `location`) VALUES
(2, 2, '34002388', 'facebook', 'b:1;', 'Khaimun Chan', 'ckhaimun', NULL, 'http://www.facebook.com/ckhaimun', 'https://graph.facebook.com/34002388/picture?type=large', NULL, 'male', ''),
(5, 13, '1178331635', 'facebook', 'b:1;', 'Ck Cheng', 'chengchoonket', NULL, 'https://www.facebook.com/chengchoonket', 'https://graph.facebook.com/1178331635/picture', NULL, 'male', ''),
(11, 6, '154197975', 'twitter', 'a:4:{s:11:"oauth_token";s:50:"154197975-Ixf0fhZCrreiNBslfFFSfHzpD0ZXtvIC6ZEHEZg2";s:18:"oauth_token_secret";s:42:"V7yMygkV4CGLjAMlBYFARcvVKVJslGuHQq83Gy3bNM";s:7:"user_id";s:9:"154197975";s:11:"screen_name";s:8:"ckhaimun";}', 'Khaimun Chan', 'ckhaimun', '', NULL, 'http://abs.twimg.com/sticky/default_profile_images/default_profile_1_normal.png', NULL, 'none', ''),
(7, 19, '473608678', 'twitter', 'a:4:{s:11:"oauth_token";s:50:"473608678-5dDsoI4rWQ9EeRveurHGmdjMhuLk1PDFTU1EgFMg";s:18:"oauth_token_secret";s:40:"YQ7JOWC23GesxWXL5xWQNMUJjoBeAb4Id7Hs5gSM";s:7:"user_id";s:9:"473608678";s:11:"screen_name";s:12:"kumarskm2291";}', 'Susheel Kumar', 'kumarskm2291', 'Be happy... :)', NULL, 'http://a0.twimg.com/profile_images/3441780420/d2ab9ce9eb0fe030e432ad9b171baf15_normal.jpeg', NULL, 'none', 'Karachi, Pakistan'),
(8, 21, '100002171171776', 'facebook', 'b:1;', 'Jamilla Zubac', 'jamilla.zubac.3', NULL, 'https://www.facebook.com/jamilla.zubac.3', 'https://graph.facebook.com/100002171171776/picture', 'snips_jamilla@hotmail.com', 'none', 'Mullumbimby, New South Wales'),
(9, 109, '105017928', 'twitter', 'a:4:{s:11:"oauth_token";s:50:"105017928-TdYfbtXufnqLVc31EAk2o2kJqdZXzZdmHBjGESnC";s:18:"oauth_token_secret";s:45:"wIhwYJ6XEZLSnkym6CMm4tfFqEabzGPMjX4smJ8Fhjn5w";s:7:"user_id";s:9:"105017928";s:11:"screen_name";s:15:"beatricekatcher";}', 'Beatrice Katcher', 'beatricekatcher', 'Photographer, Filmmaker, Coder, DJ & @UCBerkeley Grad Student', 'http://t.co/yfnv3i2jev', 'http://pbs.twimg.com/profile_images/429332933954912256/PswJW7zW_normal.jpeg', NULL, 'none', 'California (Bay Area)'),
(10, 115, '1271003366', 'facebook', 'b:1;', 'Zahedul Alam', 'zahedul', NULL, 'https://www.facebook.com/zahedul', 'https://graph.facebook.com/1271003366/picture', 'z.alam015@gmail.com', 'male', 'Dhaka, Bangladesh'),
(13, 120, '100000013867348', 'facebook', 'b:1;', 'Celeste Aguirre', 'celeste.aguirre.7', NULL, 'https://www.facebook.com/celeste.aguirre.7', 'https://graph.facebook.com/100000013867348/picture', 'celeste_fresa_98@hotmail.com', 'none', ''),
(14, 123, '100001955592253', 'facebook', 'b:1;', 'Danielle Scott', 'danielle.hackett.969', NULL, 'https://www.facebook.com/danielle.hackett.969', 'https://graph.facebook.com/100001955592253/picture', 'danielle410@ymail.com', 'none', 'Everett, Washington'),
(15, 129, '612613033', 'facebook', 'b:1;', 'Yap Kai Lun Leon', 'yapkailun', 'LEon', 'https://www.facebook.com/yapkailun', 'https://graph.facebook.com/612613033/picture', 'leonyapkl@gmail.com', 'male', 'Singapore'),
(16, 137, '100001240221279', 'facebook', 'b:1;', 'Elsa Gashi', 'ElsaShAdY', NULL, 'https://www.facebook.com/ElsaShAdY', 'https://graph.facebook.com/100001240221279/picture', 'elsagashi98@live.com', 'none', ''),
(17, 139, '100001640404839', 'facebook', 'b:1;', 'Mayra Alex Gallegos', 'mayra.alexhope', NULL, 'https://www.facebook.com/mayra.alexhope', 'https://graph.facebook.com/100001640404839/picture', 'lolasolluna@gmail.com', 'none', 'Denver, Colorado'),
(18, 141, '515857868', 'facebook', 'b:1;', 'Jieqiang Tan', 'jieqiang', NULL, 'https://www.facebook.com/jieqiang', 'https://graph.facebook.com/515857868/picture', 'tanjq87@yahoo.com', 'male', 'Kuala Lumpur, Malaysia'),
(19, 146, '873705421', 'facebook', 'b:1;', 'Aveline Han', 'aveline.han', NULL, 'https://www.facebook.com/aveline.han', 'https://graph.facebook.com/873705421/picture', 'hansilver817817@hotmail.com', 'none', 'Bulle, Fribourg'),
(20, 99, '100000741943602', 'facebook', 'b:1;', 'Mahedi Hasan', 'mahedi807', NULL, 'https://www.facebook.com/mahedi807', 'https://graph.facebook.com/100000741943602/picture?type=large', 'mahedi.hasan47@yahoo.com', 'male', 'Dhaka, Bangladesh'),
(23, 150, '1572518495', 'facebook', 'b:1;', 'Mercy Tucker', 'mercy.tucker', NULL, 'https://www.facebook.com/mercy.tucker', 'https://graph.facebook.com/1572518495/picture', 'mercytucker@hotmail.com', 'none', ''),
(24, 155, '100002517436423', 'facebook', 'b:1;', 'Bribri Breanna', 'bribribreanna', 'Ask me what you wanna know Lol', 'https://www.facebook.com/bribribreanna', 'https://graph.facebook.com/100002517436423/picture', 'fosterb22@yahoo.com', 'none', 'Euclid, Ohio'),
(25, 168, '100006576279982', 'facebook', 'b:1;', 'Adrian Kiv', 'adrian.neo.52', NULL, 'https://www.facebook.com/adrian.neo.52', 'https://graph.facebook.com/100006576279982/picture', 'adrian@kivthis.com', 'male', ''),
(26, 172, '100004255748662', 'facebook', 'b:1;', 'Aisin Gioro', 'aisin.gioro.75', NULL, 'https://www.facebook.com/aisin.gioro.75', 'https://graph.facebook.com/100004255748662/picture', 'backpacksforgirl@gmail.com', 'none', 'Los Angeles, California'),
(28, 186, '100007605017151', 'facebook', 'b:1;', 'Dev Workspace', 'dev.workspace', NULL, 'https://www.facebook.com/dev.workspace', 'https://graph.facebook.com/100007605017151/picture?type=large', 'workspaceinfotech@gmail.com', 'male', 'Dhaka, Bangladesh'),
(33, 192, '2803079292', 'twitter', 'a:4:{s:11:"oauth_token";s:50:"2803079292-w6uwaksHxHXKFPpAcx7qYf6r2mNu81nsRCHhHQB";s:18:"oauth_token_secret";s:45:"5LFRSA0nHXVSLhVzpiPSzvA1n1Kz2WM6USbyGYkGG9yzx";s:7:"user_id";s:10:"2803079292";s:11:"screen_name";s:10:"AiubMahedi";}', 'Zahedul Alam', 'AiubMahedi', '', NULL, 'http://pbs.twimg.com/profile_images/509944920367312896/utEtgAOV.jpeg', NULL, 'none', ''),
(30, 189, '1758684874', 'facebook', 'b:1;', 'Sunno Sakib', 'sunno.sakib', NULL, 'https://www.facebook.com/sunno.sakib', 'https://graph.facebook.com/1758684874/picture?type=large', 'sakib.cb09@yahoo.com', 'male', ''),
(34, 206, '533496800', 'facebook', 'b:1;', 'Stan Tan', 'stanleyhomies', NULL, 'https://www.facebook.com/stanleyhomies', 'https://graph.facebook.com/533496800/picture?type=large', 'stanleyhomies@rocketmail.com', 'male', 'Kuala Lumpur, Malaysia'),
(35, 207, '639511760', 'facebook', 'b:1;', 'Francis Pang', 'francis.pang.589', NULL, 'https://www.facebook.com/francis.pang.589', 'https://graph.facebook.com/639511760/picture?type=large', 'francispang83@yahoo.com', 'male', 'Kuala Lumpur, Malaysia'),
(36, 214, '100002764862635', 'facebook', 'b:1;', 'Terry Chong', 'terry.chong.520', NULL, 'https://www.facebook.com/terry.chong.520', 'https://graph.facebook.com/100002764862635/picture?type=large', 'terryeen@gmail.com', 'male', ''),
(37, 215, '202902605', 'facebook', 'b:1;', 'Andrew Chok', 'andrewchokchok', NULL, 'https://www.facebook.com/andrewchokchok', 'https://graph.facebook.com/202902605/picture?type=large', 'choksingwei@gmail.com', 'male', 'Singapore'),
(38, 5, '100005738462305', 'facebook', 'b:1;', '徐筱敏', 'sym.chai', NULL, 'https://www.facebook.com/sym.chai', 'https://graph.facebook.com/100005738462305/picture?type=large', 'symantha@pinkals.com', 'none', 'Kuala Lumpur, Malaysia'),
(39, 272, '1348606739', 'facebook', 'b:1;', 'Xandra Leong', 'xandra.leong', NULL, 'https://www.facebook.com/xandra.leong', 'https://graph.facebook.com/1348606739/picture?type=large', 'xandraleong81@yahoo.com', 'none', 'Lahad Datu'),
(40, 273, '583113167', 'facebook', 'b:1;', 'Iris Chua', 'irischuasf', NULL, 'https://www.facebook.com/irischuasf', 'https://graph.facebook.com/583113167/picture?type=large', 'irischua@gmail.com', 'none', 'Singapore'),
(41, 279, '1149189455', 'facebook', 'b:1;', 'Rakibul Hasan', 'rakibul.hasan.501', NULL, 'https://www.facebook.com/rakibul.hasan.501', 'https://graph.facebook.com/1149189455/picture?type=large', 'rakibul_mist32@yahoo.co.in', 'male', 'Dhaka, Bangladesh'),
(42, 280, '100000563267334', 'facebook', 'b:1;', 'Ian Ong', 'ian.ong.73', NULL, 'https://www.facebook.com/ian.ong.73', 'https://graph.facebook.com/100000563267334/picture?type=large', 'ian8812@gmail.com', 'male', ''),
(43, 281, '100000116142789', 'facebook', 'b:1;', 'Dee Fir', 'dewi.fir', NULL, 'https://www.facebook.com/dewi.fir', 'https://graph.facebook.com/100000116142789/picture?type=large', 'dewirose.fir@gmail.com', 'none', ''),
(44, 298, '100002766100418', 'facebook', 'b:1;', 'Zhu Jiunn', 'zhujiunn', NULL, 'https://www.facebook.com/zhujiunn', 'https://graph.facebook.com/100002766100418/picture?type=large', 'zj0326@live.com', 'none', 'Kuala Lumpur, Malaysia'),
(45, 307, '1478118585', 'facebook', 'b:1;', 'Alexis Seow', 'alexis.seow.unchanged', 'INSTAGRAM : ___alexisseow___', 'https://www.facebook.com/alexis.seow.unchanged', 'https://graph.facebook.com/1478118585/picture?type=large', 'xia0bei_lap@hotmail.com', 'none', 'Kuala Lumpur, Malaysia'),
(46, 339, '841369605957167', 'facebook', NULL, 'Shuvo Bhuiyan', 'Shuvo.Bhuiyan', NULL, 'https://www.facebook.com/app_scoped_user_id/841369605957167/', 'https://graph.facebook.com/841369605957167/picture?width=150&height=150', 'xmenfc@hotmail.com', 'male', NULL),
(47, 350, '344367532431193', 'facebook', NULL, 'Symantha Chai', 'Symantha.Chai', NULL, 'https://www.facebook.com/app_scoped_user_id/344367532431193/', 'https://graph.facebook.com/344367532431193/picture?width=150&height=150', 'symantha@pinkals.com', 'female', NULL),
(48, 351, '10205012277684813', 'facebook', NULL, 'Ck Cheng', 'Ck.Cheng', NULL, 'https://www.facebook.com/app_scoped_user_id/10205012277684813/', 'https://graph.facebook.com/10205012277684813/picture?width=150&height=150', 'ccket0055@yahoo.com', 'male', NULL),
(49, 352, '1897105500', 'twitter', NULL, 'YOLOVE.IT ', 'YOLOVE_IT', NULL, 'http://twitter.com/YOLOVE_IT', 'http://pbs.twimg.com/profile_images/477259539822018561/DwOefSIv_normal.png', '559ca84d3150d@yolve.it', NULL, NULL),
(50, 353, '2772536809', 'twitter', NULL, 'YoLoveit Malaysia ', 'YoloveitMy', NULL, 'http://twitter.com/YoloveitMy', 'http://pbs.twimg.com/profile_images/504519173922242560/U1pVEoIl_normal.png', '559ca93291664@yolve.it', NULL, NULL),
(51, 355, '848363398581682', 'facebook', NULL, 'Jam Jussi', 'Jam.Jussi', NULL, 'https://www.facebook.com/app_scoped_user_id/848363398581682/', 'https://graph.facebook.com/848363398581682/picture?width=150&height=150', 'jamilbd11@gmail.com', 'female', NULL),
(52, 186, '1566930423570443', 'FACEBOOK', NULL, 'Dev Workspace', 'Dev.Workspace', NULL, 'https://www.facebook.com/app_scoped_user_id/1566930423570443/', 'https://graph.facebook.com/1566930423570443/picture?type=large', 'workspaceinfotech@gmail.com', 'male', NULL),
(53, 356, '554866634651858', 'facebook', NULL, 'Fly Flyerson', 'Fly.Flyerson', NULL, 'https://www.facebook.com/app_scoped_user_id/554866634651858/', 'https://fbcdn-profile-a.akamaihd.net/hprofile-ak-xta1/v/t1.0-1/p50x50/10378314_484142091724313_6258816365420424287_n.jpg?oh=f6bfff07691b212dd0a1b1e6c7223b4d&oe=56186E89&__gda__=1445588344_78ade983a3279cf6adc368953d8ab609', 'flyflyerson@gmail.com', 'male', NULL),
(54, 6, '10100212669111531', 'facebook', NULL, 'Khaimun Chan', 'Khaimun.Chan', NULL, 'https://www.facebook.com/app_scoped_user_id/10100212669111531/', 'https://graph.facebook.com/10100212669111531/picture?width=150&height=150', 'ckhaimun@hotmail.com', 'male', NULL),
(55, 18, '869662579789281', 'facebook', NULL, 'Wendy Yap', 'Wendy.Yap', NULL, 'https://www.facebook.com/app_scoped_user_id/869662579789281/', 'https://graph.facebook.com/869662579789281/picture?width=150&height=150', 'pandayapps@gmail.com', 'female', NULL),
(56, 362, '2797373492', 'twitter', NULL, 'mahedi hasan ', 'mahedi807', NULL, 'http://twitter.com/mahedi807', 'http://pbs.twimg.com/profile_images/527871623219535872/tpvLcSC6_normal.jpeg', '55b60c358750b@yolve.it', NULL, NULL);

-- --------------------------------------------------------

--
-- Table structure for table `coupons`
--

CREATE TABLE IF NOT EXISTS `coupons` (
  `id` int(11) NOT NULL AUTO_INCREMENT,
  `coupon_name` varchar(100) NOT NULL,
  `code` varchar(100) NOT NULL,
  `above` float NOT NULL,
  `type` varchar(100) NOT NULL,
  `discount` float NOT NULL,
  `free_shipping` tinyint(2) NOT NULL,
  `date_start` int(10) NOT NULL,
  `date_end` int(10) NOT NULL,
  `status` varchar(100) NOT NULL,
  PRIMARY KEY (`id`)
) ENGINE=InnoDB DEFAULT CHARSET=latin1 AUTO_INCREMENT=1 ;

-- --------------------------------------------------------

--
-- Table structure for table `event`
--

CREATE TABLE IF NOT EXISTS `event` (
  `id` int(11) NOT NULL AUTO_INCREMENT,
  `event_code` varchar(50) NOT NULL DEFAULT '',
  `event_name` varchar(100) NOT NULL DEFAULT '',
  `cycletype` enum('onetime','everyday','notimelimit') NOT NULL DEFAULT 'everyday',
  `cycletime` int(10) NOT NULL DEFAULT '0',
  `rewardnum` tinyint(2) NOT NULL DEFAULT '1',
  `ext_credits_1` int(10) NOT NULL DEFAULT '0',
  `ext_credits_2` int(10) NOT NULL DEFAULT '0',
  `ext_credits_3` int(10) NOT NULL DEFAULT '0',
  `send_message` tinyint(1) NOT NULL DEFAULT '0',
  `send_tip` tinyint(1) NOT NULL DEFAULT '0',
  `message_tpl` text,
  PRIMARY KEY (`id`),
  KEY `idx_event_id` (`id`),
  KEY `idx_event_code` (`event_code`)
) ENGINE=MyISAM  DEFAULT CHARSET=utf8 AUTO_INCREMENT=14 ;

--
-- Dumping data for table `event`
--

INSERT INTO `event` (`id`, `event_code`, `event_name`, `cycletype`, `cycletime`, `rewardnum`, `ext_credits_1`, `ext_credits_2`, `ext_credits_3`, `send_message`, `send_tip`, `message_tpl`) VALUES
(1, 'daylogin', 'Login Everyday', 'everyday', 0, 1, 0, 0, 1, 0, 0, NULL),
(2, 'setavatar', 'Upload Avatar', 'onetime', 0, 1, 0, 0, 1, 0, 0, NULL),
(3, 'postshare', 'Post Share', 'everyday', 0, 10, 0, 0, 2, 0, 0, NULL),
(4, 'postvideo', 'Post Video', 'everyday', 0, 10, 0, 0, 3, 0, 0, NULL),
(5, 'postcomment', 'Post Comment', 'everyday', 0, 10, 0, 0, 1, 0, 0, NULL),
(6, 'realemail', 'Active Email', 'onetime', 0, 0, 1, 0, 1, 0, 0, NULL),
(7, 'addlike', 'Add Like to users', 'everyday', 0, 10, 0, 1, 0, 0, 0, NULL),
(8, 'beenlike', 'Your share/album has been liked', 'everyday', 0, 10, 0, 1, 0, 0, 0, NULL),
(9, 'digist', 'Add fine tag to you', 'everyday', 0, 2, 1, 0, 0, 0, 0, NULL),
(10, 'top', 'Made a top', 'everyday', 0, 1, 1, 0, 0, 0, 0, NULL),
(11, 'follow', 'Focus On Friend', 'everyday', 0, 5, 1, 0, 0, 0, 0, NULL),
(12, 'beenfollow', 'Been Focus', 'everyday', 0, 5, 1, 0, 0, 0, 0, NULL),
(13, 'register', 'Register', 'onetime', 0, 1, 10, 10, 10, 0, 0, NULL);

-- --------------------------------------------------------

--
-- Table structure for table `event_log`
--

CREATE TABLE IF NOT EXISTS `event_log` (
  `id` int(11) NOT NULL AUTO_INCREMENT,
  `event_id` int(11) DEFAULT NULL,
  `user_id` int(11) NOT NULL,
  `total` mediumint(8) unsigned NOT NULL DEFAULT '0',
  `cyclenum` mediumint(8) unsigned NOT NULL DEFAULT '0',
  `ext_credits_1` int(10) NOT NULL DEFAULT '0',
  `ext_credits_2` int(10) NOT NULL DEFAULT '0',
  `ext_credits_3` int(10) NOT NULL DEFAULT '0',
  `is_read` tinyint(1) NOT NULL DEFAULT '0',
  `starttime` int(10) unsigned NOT NULL DEFAULT '0',
  `dateline` int(10) unsigned NOT NULL DEFAULT '0',
  PRIMARY KEY (`id`),
  KEY `idx_user_id` (`user_id`),
  KEY `idx_is_read` (`is_read`),
  KEY `idx_dateline` (`dateline`)
) ENGINE=MyISAM  DEFAULT CHARSET=utf8 AUTO_INCREMENT=437 ;

--
-- Dumping data for table `event_log`
--

INSERT INTO `event_log` (`id`, `event_id`, `user_id`, `total`, `cyclenum`, `ext_credits_1`, `ext_credits_2`, `ext_credits_3`, `is_read`, `starttime`, `dateline`) VALUES
(1, 3, 1, 7, 2, 0, 0, 4, 1, 1417495433, 1417498986),
(2, 13, 2, 1, 1, 10, 10, 10, 1, 1373968834, 1373968834),
(3, 3, 2, 8, 2, 0, 0, 4, 1, 1374636212, 1374636403),
(4, 7, 1, 3, 1, 0, 1, 0, 1, 1417524040, 1417524040),
(5, 11, 1, 1, 1, 1, 0, 0, 1, 1374052766, 1374052766),
(6, 12, 2, 1, 1, 1, 0, 0, 1, 1374052766, 1374052766),
(7, 13, 3, 1, 1, 10, 10, 10, 1, 1374221672, 1374221672),
(8, 1, 3, 1, 1, 0, 0, 1, 1, 1374221715, 1374221715),
(9, 13, 4, 1, 1, 10, 10, 10, 1, 1377758570, 1377758570),
(10, 1, 4, 47, 1, 0, 0, 1, 1, 1405325959, 1405325959),
(11, 13, 5, 1, 1, 10, 10, 10, 1, 1377758685, 1377758685),
(12, 13, 6, 1, 1, 10, 10, 10, 1, 1377758697, 1377758697),
(13, 1, 6, 243, 1, 0, 0, 1, 1, 1413102617, 1413102617),
(14, 1, 5, 66, 1, 0, 0, 1, 0, 1413345009, 1413345009),
(15, 2, 4, 1, 1, 0, 0, 1, 1, 1377758783, 1377758783),
(16, 2, 5, 1, 1, 0, 0, 1, 1, 1377758831, 1377758831),
(17, 13, 7, 1, 1, 10, 10, 10, 1, 1377758924, 1377758924),
(18, 11, 4, 2, 2, 2, 0, 0, 1, 1377758990, 1377759022),
(19, 12, 5, 4, 1, 1, 0, 0, 1, 1393923651, 1393923651),
(20, 12, 6, 7, 1, 1, 0, 0, 1, 1393923647, 1393923647),
(21, 11, 5, 5, 3, 3, 0, 0, 1, 1380533026, 1380533053),
(22, 12, 4, 2, 1, 1, 0, 0, 1, 1379914049, 1379914049),
(23, 3, 5, 83, 10, 0, 0, 20, 1, 1402042803, 1402043481),
(24, 7, 4, 1, 1, 0, 1, 0, 1, 1377763198, 1377763198),
(25, 3, 6, 108, 2, 0, 0, 4, 1, 1412930105, 1412930118),
(26, 1, 7, 2, 1, 0, 0, 1, 1, 1379997627, 1379997627),
(27, 2, 6, 1, 1, 0, 0, 1, 1, 1377855613, 1377855613),
(28, 13, 8, 1, 1, 10, 10, 10, 1, 1378200338, 1378200338),
(29, 3, 4, 32, 1, 0, 0, 2, 1, 1400559798, 1400559798),
(30, 7, 6, 49, 1, 0, 1, 0, 1, 1411967770, 1411967770),
(31, 13, 9, 1, 1, 10, 10, 10, 1, 1378723815, 1378723815),
(32, 1, 9, 6, 1, 0, 0, 1, 1, 1379584782, 1379584782),
(33, 3, 9, 20, 5, 0, 0, 10, 1, 1379070874, 1379071334),
(34, 13, 10, 1, 1, 10, 10, 10, 1, 1379063265, 1379063265),
(35, 11, 10, 20, 5, 5, 0, 0, 1, 1413303178, 1413307669),
(36, 7, 10, 122, 4, 0, 4, 0, 1, 1413031265, 1413031280),
(37, 1, 10, 158, 1, 0, 0, 1, 1, 1413290142, 1413290142),
(38, 3, 10, 617, 10, 0, 0, 20, 1, 1413296130, 1413298836),
(39, 5, 5, 2, 2, 0, 0, 2, 1, 1379398887, 1379412463),
(40, 7, 5, 12, 1, 0, 1, 0, 1, 1398311620, 1398311620),
(41, 9, 6, 2, 2, 2, 0, 0, 1, 1379479030, 1379479043),
(42, 13, 11, 1, 1, 10, 10, 10, 1, 1379479197, 1379479197),
(43, 3, 11, 207, 1, 0, 0, 2, 1, 1405671914, 1405671914),
(44, 13, 12, 1, 1, 10, 10, 10, 1, 1379480511, 1379480511),
(45, 13, 13, 1, 1, 10, 10, 10, 1, 1379485744, 1379485744),
(46, 1, 13, 2, 1, 0, 0, 1, 1, 1379747389, 1379747389),
(47, 13, 14, 1, 1, 10, 10, 10, 1, 1379564014, 1379564014),
(48, 2, 14, 1, 1, 0, 0, 1, 1, 1379564176, 1379564176),
(49, 3, 14, 10, 10, 0, 0, 20, 1, 1379564876, 1379566215),
(50, 1, 14, 1, 1, 0, 0, 1, 1, 1379571160, 1379571160),
(51, 13, 15, 1, 1, 10, 10, 10, 1, 1379574053, 1379574053),
(52, 1, 15, 1, 1, 0, 0, 1, 1, 1379574054, 1379574054),
(53, 7, 15, 2, 1, 0, 1, 0, 1, 1380015291, 1380015291),
(54, 3, 15, 2, 2, 0, 0, 4, 1, 1379648120, 1379648225),
(55, 11, 13, 1, 1, 1, 0, 0, 1, 1379747514, 1379747514),
(56, 11, 6, 20, 1, 1, 0, 0, 1, 1400086736, 1400086736),
(57, 12, 1, 1, 1, 1, 0, 0, 1, 1379914040, 1379914040),
(58, 13, 16, 1, 1, 10, 10, 10, 1, 1379934087, 1379934087),
(59, 1, 16, 6, 1, 0, 0, 1, 1, 1381443576, 1381443576),
(60, 3, 16, 30, 10, 0, 0, 20, 1, 1380089757, 1380090458),
(61, 2, 16, 1, 1, 0, 0, 1, 1, 1379934972, 1379934972),
(62, 13, 17, 1, 1, 10, 10, 10, 1, 1379939339, 1379939339),
(63, 3, 17, 25, 10, 0, 0, 20, 1, 1380096146, 1380099082),
(64, 5, 13, 3, 3, 0, 0, 3, 1, 1379996741, 1379996810),
(65, 1, 1, 1, 1, 0, 0, 1, 1, 1379996874, 1379996874),
(66, 5, 1, 5, 1, 0, 0, 1, 1, 1418027742, 1418027742),
(67, 11, 15, 1, 1, 1, 0, 0, 1, 1380005826, 1380005826),
(68, 1, 17, 2, 1, 0, 0, 1, 1, 1380091900, 1380091900),
(69, 2, 17, 1, 1, 0, 0, 1, 1, 1380049827, 1380049827),
(70, 12, 17, 2, 1, 1, 0, 0, 0, 1409150607, 1409150607),
(71, 13, 18, 1, 1, 10, 10, 10, 1, 1380265677, 1380265677),
(72, 3, 18, 326, 10, 0, 0, 20, 1, 1400648429, 1400650212),
(73, 1, 18, 70, 1, 0, 0, 1, 1, 1412241019, 1412241019),
(74, 12, 18, 10, 1, 1, 0, 0, 1, 1401186517, 1401186517),
(75, 13, 19, 1, 1, 10, 10, 10, 1, 1380709430, 1380709430),
(76, 1, 19, 1, 1, 0, 0, 1, 1, 1380709432, 1380709432),
(77, 13, 20, 1, 1, 10, 10, 10, 1, 1382513251, 1382513251),
(78, 3, 20, 728, 10, 0, 0, 20, 1, 1412930526, 1412932597),
(79, 1, 20, 127, 1, 0, 0, 1, 1, 1413015218, 1413015218),
(80, 13, 21, 1, 1, 10, 10, 10, 1, 1382607056, 1382607056),
(81, 1, 21, 4, 1, 0, 0, 1, 1, 1385632915, 1385632915),
(82, 5, 21, 1, 1, 0, 0, 1, 1, 1382607207, 1382607207),
(83, 13, 22, 1, 1, 10, 10, 10, 1, 1382948658, 1382948658),
(84, 3, 22, 1, 1, 0, 0, 2, 1, 1382952293, 1382952293),
(85, 13, 23, 1, 1, 10, 10, 10, 1, 1382954369, 1382954369),
(86, 3, 23, 1, 1, 0, 0, 2, 1, 1382962261, 1382962261),
(87, 11, 18, 3, 1, 1, 0, 0, 1, 1396845592, 1396845592),
(88, 12, 20, 7, 1, 1, 0, 0, 1, 1403375037, 1403375037),
(89, 5, 18, 8, 1, 0, 0, 1, 1, 1397813636, 1397813636),
(90, NULL, 18, 0, 0, 0, 0, 0, 1, 1383904520, 0),
(91, 7, 25, 7, 1, 0, 1, 0, 1, 1391808018, 1391808018),
(92, 1, 25, 17, 1, 0, 0, 1, 1, 1392373127, 1392373127),
(93, 3, 25, 6, 1, 0, 0, 2, 1, 1392218961, 1392218961),
(94, 5, 10, 3, 1, 0, 0, 1, 1, 1404448214, 1404448214),
(95, 2, 10, 1, 1, 0, 0, 1, 1, 1389859652, 1389859652),
(96, 11, 25, 2, 1, 1, 0, 0, 1, 1391810475, 1391810475),
(97, 12, 25, 8, 1, 1, 0, 0, 1, 1392264170, 1392264170),
(98, 12, 10, 8, 1, 1, 0, 0, 1, 1405066099, 1405066099),
(99, 13, 26, 1, 1, 10, 10, 10, 0, 1392474845, 1392474845),
(100, 12, 14, 3, 1, 1, 0, 0, 0, 1409150633, 1409150633),
(101, 7, 20, 96, 1, 0, 1, 0, 1, 1412932381, 1412932381),
(102, 2, 20, 1, 1, 0, 0, 1, 1, 1392614577, 1392614577),
(103, 13, 27, 1, 1, 10, 10, 10, 0, 1393373237, 1393373237),
(104, 2, 18, 1, 1, 0, 0, 1, 1, 1393389850, 1393389850),
(105, 7, 18, 57, 3, 0, 3, 0, 1, 1400054928, 1400054931),
(106, 11, 20, 8, 1, 1, 0, 0, 1, 1412270425, 1412270425),
(107, 5, 20, 7, 2, 0, 0, 2, 1, 1398523422, 1398523439),
(108, 9, 4, 1, 1, 1, 0, 0, 1, 1393843264, 1393843264),
(109, 5, 6, 1, 1, 0, 0, 1, 1, 1394000519, 1394000519),
(110, 13, 30, 1, 1, 10, 10, 10, 1, 1394874542, 1394874542),
(111, 13, 32, 1, 1, 10, 10, 10, 1, 1394879666, 1394879666),
(112, 1, 32, 1, 1, 0, 0, 1, 1, 1394879685, 1394879685),
(113, 1, 12, 1, 1, 0, 0, 1, 0, 1395299716, 1395299716),
(114, 13, 33, 1, 1, 10, 10, 10, 0, 1395330432, 1395330432),
(115, 1, 33, 2, 1, 0, 0, 1, 0, 1395402175, 1395402175),
(116, 13, 34, 1, 1, 10, 10, 10, 0, 1395641956, 1395641956),
(117, 13, 35, 1, 1, 10, 10, 10, 0, 1395642492, 1395642492),
(118, 13, 36, 1, 1, 10, 10, 10, 0, 1395659423, 1395659423),
(119, 13, 37, 1, 1, 10, 10, 10, 0, 1395668825, 1395668825),
(120, 13, 38, 1, 1, 10, 10, 10, 0, 1395669900, 1395669900),
(121, 13, 39, 1, 1, 10, 10, 10, 0, 1395670167, 1395670167),
(122, 13, 40, 1, 1, 10, 10, 10, 0, 1395670911, 1395670911),
(123, 13, 41, 1, 1, 10, 10, 10, 0, 1395676605, 1395676605),
(124, 13, 42, 1, 1, 10, 10, 10, 0, 1395681824, 1395681824),
(125, 13, 43, 1, 1, 10, 10, 10, 0, 1395684499, 1395684499),
(126, 13, 44, 1, 1, 10, 10, 10, 0, 1395686408, 1395686408),
(127, 13, 45, 1, 1, 10, 10, 10, 0, 1395697638, 1395697638),
(128, 13, 46, 1, 1, 10, 10, 10, 0, 1395699629, 1395699629),
(129, 13, 47, 1, 1, 10, 10, 10, 0, 1395705615, 1395705615),
(130, 1, 44, 12, 1, 0, 0, 1, 0, 1396675577, 1396675577),
(131, 1, 41, 4, 1, 0, 0, 1, 0, 1396803586, 1396803586),
(132, 1, 45, 15, 1, 0, 0, 1, 0, 1397107164, 1397107164),
(133, 1, 38, 9, 1, 0, 0, 1, 0, 1396674812, 1396674812),
(134, 1, 47, 12, 1, 0, 0, 1, 0, 1396674135, 1396674135),
(135, 1, 40, 12, 1, 0, 0, 1, 0, 1396674298, 1396674298),
(136, 1, 37, 10, 1, 0, 0, 1, 0, 1396613112, 1396613112),
(137, 1, 36, 12, 1, 0, 0, 1, 0, 1396677488, 1396677488),
(138, 1, 34, 12, 1, 0, 0, 1, 0, 1396677577, 1396677577),
(139, 1, 35, 10, 1, 0, 0, 1, 0, 1396679335, 1396679335),
(140, 13, 48, 1, 1, 10, 10, 10, 0, 1395891782, 1395891782),
(141, 13, 49, 1, 1, 10, 10, 10, 0, 1395905404, 1395905404),
(142, 13, 50, 1, 1, 10, 10, 10, 0, 1395949530, 1395949530),
(143, 13, 51, 1, 1, 10, 10, 10, 0, 1396382868, 1396382868),
(144, 13, 52, 1, 1, 10, 10, 10, 0, 1396422461, 1396422461),
(145, 13, 53, 1, 1, 10, 10, 10, 0, 1396617124, 1396617124),
(146, 13, 54, 1, 1, 10, 10, 10, 1, 1396724299, 1396724299),
(147, 7, 54, 1, 1, 0, 1, 0, 1, 1396724339, 1396724339),
(148, 2, 54, 1, 1, 0, 0, 1, 1, 1396724407, 1396724407),
(149, 12, 54, 3, 1, 1, 0, 0, 0, 1401275537, 1401275537),
(150, 13, 55, 1, 1, 10, 10, 10, 0, 1396962759, 1396962759),
(151, 13, 56, 1, 1, 10, 10, 10, 0, 1397026269, 1397026269),
(152, 13, 57, 1, 1, 10, 10, 10, 0, 1397288218, 1397288218),
(153, 13, 58, 1, 1, 10, 10, 10, 0, 1397901369, 1397901369),
(154, 13, 59, 1, 1, 10, 10, 10, 0, 1397963184, 1397963184),
(155, 13, 60, 1, 1, 10, 10, 10, 0, 1398200185, 1398200185),
(156, 13, 61, 1, 1, 10, 10, 10, 0, 1398547641, 1398547641),
(157, 13, 62, 1, 1, 10, 10, 10, 0, 1398581803, 1398581803),
(158, 13, 63, 1, 1, 10, 10, 10, 0, 1398592043, 1398592043),
(159, 13, 64, 1, 1, 10, 10, 10, 0, 1398604800, 1398604800),
(160, 13, 65, 1, 1, 10, 10, 10, 0, 1398637816, 1398637816),
(161, 13, 66, 1, 1, 10, 10, 10, 0, 1398820066, 1398820066),
(162, 13, 67, 1, 1, 10, 10, 10, 0, 1398838332, 1398838332),
(163, 13, 68, 1, 1, 10, 10, 10, 0, 1398921239, 1398921239),
(164, 13, 69, 1, 1, 10, 10, 10, 0, 1398977957, 1398977957),
(165, 13, 70, 1, 1, 10, 10, 10, 0, 1399045113, 1399045113),
(166, 13, 71, 1, 1, 10, 10, 10, 0, 1399051879, 1399051879),
(167, 13, 72, 1, 1, 10, 10, 10, 0, 1399054648, 1399054648),
(168, 13, 73, 1, 1, 10, 10, 10, 0, 1399155972, 1399155972),
(169, 13, 74, 1, 1, 10, 10, 10, 0, 1399365988, 1399365988),
(170, 13, 75, 1, 1, 10, 10, 10, 0, 1399404780, 1399404780),
(171, 13, 76, 1, 1, 10, 10, 10, 0, 1399506959, 1399506959),
(172, 13, 77, 1, 1, 10, 10, 10, 0, 1399510489, 1399510489),
(173, 13, 78, 1, 1, 10, 10, 10, 0, 1399530654, 1399530654),
(174, 13, 79, 1, 1, 10, 10, 10, 0, 1399629100, 1399629100),
(175, 13, 80, 1, 1, 10, 10, 10, 0, 1399644412, 1399644412),
(176, 13, 81, 1, 1, 10, 10, 10, 0, 1399788937, 1399788937),
(177, 13, 82, 1, 1, 10, 10, 10, 0, 1399942258, 1399942258),
(178, 13, 83, 1, 1, 10, 10, 10, 0, 1399942272, 1399942272),
(179, 13, 84, 1, 1, 10, 10, 10, 0, 1400012495, 1400012495),
(180, 13, 85, 1, 1, 10, 10, 10, 0, 1400185563, 1400185563),
(181, 13, 87, 1, 1, 10, 10, 10, 0, 1400367153, 1400367153),
(182, 13, 86, 1, 1, 10, 10, 10, 0, 1400367153, 1400367153),
(183, 13, 88, 1, 1, 10, 10, 10, 0, 1400401734, 1400401734),
(184, 13, 89, 1, 1, 10, 10, 10, 0, 1400585563, 1400585563),
(185, 13, 90, 1, 1, 10, 10, 10, 0, 1400619082, 1400619082),
(186, 1, 90, 1, 1, 0, 0, 1, 0, 1400774833, 1400774833),
(187, 1, 11, 27, 1, 0, 0, 1, 1, 1410837945, 1410837945),
(188, 13, 91, 1, 1, 10, 10, 10, 0, 1400859493, 1400859493),
(189, 13, 92, 1, 1, 10, 10, 10, 0, 1400953720, 1400953720),
(190, 13, 93, 1, 1, 10, 10, 10, 0, 1400979166, 1400979166),
(191, 13, 94, 1, 1, 10, 10, 10, 0, 1401033267, 1401033267),
(192, 13, 95, 1, 1, 10, 10, 10, 0, 1401141656, 1401141656),
(193, 13, 96, 1, 1, 10, 10, 10, 0, 1401153539, 1401153539),
(194, 13, 97, 1, 1, 10, 10, 10, 1, 1401164545, 1401164545),
(195, 11, 97, 3, 1, 1, 0, 0, 1, 1415850468, 1415850468),
(196, 3, 97, 29, 1, 0, 0, 2, 1, 1416461549, 1416461549),
(197, 1, 97, 101, 1, 0, 0, 1, 1, 1418027551, 1418027551),
(198, 13, 98, 1, 1, 10, 10, 10, 0, 1401198243, 1401198243),
(199, 13, 99, 1, 1, 10, 10, 10, 1, 1401326778, 1401326778),
(200, 13, 100, 1, 1, 10, 10, 10, 1, 1401355461, 1401355461),
(201, 13, 101, 1, 1, 10, 10, 10, 0, 1401367938, 1401367938),
(202, 13, 102, 1, 1, 10, 10, 10, 0, 1401499566, 1401499566),
(203, 13, 103, 1, 1, 10, 10, 10, 0, 1401500359, 1401500359),
(204, 13, 104, 1, 1, 10, 10, 10, 0, 1401507192, 1401507192),
(205, 13, 105, 1, 1, 10, 10, 10, 0, 1401556545, 1401556545),
(206, 13, 106, 1, 1, 10, 10, 10, 0, 1401696540, 1401696540),
(207, 13, 107, 1, 1, 10, 10, 10, 1, 1401701562, 1401701562),
(208, 13, 108, 1, 1, 10, 10, 10, 0, 1401757603, 1401757603),
(209, 13, 109, 1, 1, 10, 10, 10, 0, 1401775072, 1401775072),
(210, 13, 110, 1, 1, 10, 10, 10, 0, 1401788933, 1401788933),
(211, 13, 111, 1, 1, 10, 10, 10, 0, 1401821388, 1401821388),
(212, 13, 112, 1, 1, 10, 10, 10, 0, 1401827203, 1401827203),
(213, 1, 112, 1, 1, 0, 0, 1, 0, 1401837979, 1401837979),
(214, 13, 113, 1, 1, 10, 10, 10, 0, 1401920710, 1401920710),
(215, 13, 114, 1, 1, 10, 10, 10, 0, 1401946168, 1401946168),
(216, 13, 115, 1, 1, 10, 10, 10, 1, 1401956979, 1401956979),
(217, 13, 116, 1, 1, 10, 10, 10, 0, 1402003037, 1402003037),
(218, 13, 117, 1, 1, 10, 10, 10, 0, 1402308338, 1402308338),
(219, 1, 117, 11, 1, 0, 0, 1, 0, 1408358308, 1408358308),
(220, 13, 118, 1, 1, 10, 10, 10, 1, 1402627717, 1402627717),
(221, 2, 118, 1, 1, 0, 0, 1, 1, 1402631967, 1402631967),
(222, 13, 119, 1, 1, 10, 10, 10, 1, 1402633532, 1402633532),
(223, 1, 115, 44, 1, 0, 0, 1, 1, 1418020444, 1418020444),
(224, 13, 120, 1, 1, 10, 10, 10, 1, 1403069683, 1403069683),
(225, 13, 121, 1, 1, 10, 10, 10, 0, 1403143396, 1403143396),
(226, 1, 121, 2, 1, 0, 0, 1, 0, 1403360520, 1403360520),
(227, 7, 115, 4, 1, 0, 1, 0, 1, 1415681025, 1415681025),
(228, 13, 122, 1, 1, 10, 10, 10, 1, 1403293193, 1403293193),
(229, 7, 122, 10, 10, 0, 10, 0, 1, 1403293332, 1403293472),
(230, 11, 122, 1, 1, 1, 0, 0, 1, 1403293425, 1403293425),
(231, 12, 11, 14, 1, 1, 0, 0, 0, 1418027507, 1418027507),
(232, 13, 123, 1, 1, 10, 10, 10, 0, 1403300434, 1403300434),
(233, 11, 11, 6, 3, 3, 0, 0, 0, 1410838114, 1410838219),
(234, 13, 124, 1, 1, 10, 10, 10, 1, 1403383715, 1403383715),
(235, 7, 124, 10, 10, 0, 10, 0, 1, 1403383772, 1403384247),
(236, 11, 124, 1, 1, 1, 0, 0, 1, 1403383914, 1403383914),
(237, 5, 124, 2, 2, 0, 0, 2, 1, 1403385744, 1403385934),
(238, 13, 125, 1, 1, 10, 10, 10, 1, 1403436776, 1403436776),
(239, 7, 125, 11, 1, 0, 1, 0, 1, 1404469797, 1404469797),
(240, 11, 125, 1, 1, 1, 0, 0, 1, 1403436862, 1403436862),
(241, 5, 125, 1, 1, 0, 0, 1, 1, 1403436891, 1403436891),
(242, 13, 126, 1, 1, 10, 10, 10, 1, 1403453217, 1403453217),
(243, 7, 126, 10, 10, 0, 10, 0, 1, 1403453398, 1403454078),
(244, 11, 126, 1, 1, 1, 0, 0, 1, 1403453416, 1403453416),
(245, 5, 126, 1, 1, 0, 0, 1, 1, 1403453443, 1403453443),
(246, 13, 127, 1, 1, 10, 10, 10, 0, 1403734384, 1403734384),
(247, 13, 128, 1, 1, 10, 10, 10, 0, 1403931300, 1403931300),
(248, 13, 129, 1, 1, 10, 10, 10, 0, 1404128948, 1404128948),
(249, 13, 130, 1, 1, 10, 10, 10, 0, 1404276827, 1404276827),
(250, 1, 130, 3, 1, 0, 0, 1, 0, 1406508821, 1406508821),
(251, 13, 131, 1, 1, 10, 10, 10, 0, 1404421333, 1404421333),
(252, 1, 125, 1, 1, 0, 0, 1, 1, 1404469447, 1404469447),
(253, 3, 125, 1, 1, 0, 0, 2, 1, 1404470356, 1404470356),
(254, 1, 131, 1, 1, 0, 0, 1, 0, 1404495274, 1404495274),
(255, 13, 132, 1, 1, 10, 10, 10, 0, 1404748046, 1404748046),
(256, 7, 11, 3, 3, 0, 3, 0, 1, 1404794590, 1404794599),
(257, 13, 133, 1, 1, 10, 10, 10, 1, 1404842061, 1404842061),
(258, 1, 133, 25, 1, 0, 0, 1, 1, 1407385929, 1407385929),
(259, 3, 133, 260, 10, 0, 0, 20, 1, 1407398530, 1407399295),
(260, 2, 133, 1, 1, 0, 0, 1, 1, 1404855283, 1404855283),
(261, 7, 97, 10, 1, 0, 1, 0, 1, 1418027561, 1418027561),
(262, 3, 100, 1, 1, 0, 0, 2, 1, 1404895335, 1404895335),
(263, 7, 100, 1, 1, 0, 1, 0, 1, 1404933979, 1404933979),
(264, 11, 133, 2, 2, 2, 0, 0, 1, 1405066099, 1405066237),
(265, 12, 133, 5, 2, 2, 0, 0, 0, 1410888149, 1410940528),
(266, 13, 134, 1, 1, 10, 10, 10, 1, 1405118079, 1405118079),
(267, 7, 134, 2, 2, 0, 2, 0, 1, 1405118223, 1405118836),
(268, 13, 135, 1, 1, 10, 10, 10, 0, 1405218623, 1405218623),
(269, 1, 135, 12, 1, 0, 0, 1, 0, 1406382108, 1406382108),
(270, 13, 136, 1, 1, 10, 10, 10, 0, 1405287324, 1405287324),
(271, 13, 137, 1, 1, 10, 10, 10, 1, 1405473106, 1405473106),
(272, 13, 138, 1, 1, 10, 10, 10, 1, 1405482102, 1405482102),
(273, 7, 138, 10, 10, 0, 10, 0, 1, 1405482158, 1405482528),
(274, 13, 139, 1, 1, 10, 10, 10, 1, 1405529911, 1405529911),
(275, 13, 140, 1, 1, 10, 10, 10, 1, 1405548296, 1405548296),
(276, 7, 140, 10, 10, 0, 10, 0, 1, 1405548392, 1405549613),
(277, 1, 140, 1, 1, 0, 0, 1, 1, 1405557927, 1405557927),
(278, 13, 141, 1, 1, 10, 10, 10, 1, 1405670210, 1405670210),
(279, 7, 139, 3, 3, 0, 3, 0, 1, 1405704932, 1405705020),
(280, 13, 142, 1, 1, 10, 10, 10, 1, 1405924501, 1405924501),
(281, 7, 142, 7, 1, 0, 1, 0, 1, 1407578603, 1407578603),
(282, 1, 142, 8, 1, 0, 0, 1, 1, 1409049199, 1409049199),
(283, 11, 142, 2, 1, 1, 0, 0, 1, 1406021324, 1406021324),
(284, 12, 97, 4, 1, 1, 0, 0, 1, 1418027529, 1418027529),
(285, 13, 146, 1, 1, 10, 10, 10, 0, 1406018552, 1406018552),
(286, 5, 142, 2, 1, 0, 0, 1, 1, 1407996971, 1407996971),
(287, 2, 97, 1, 1, 0, 0, 1, 1, 1406038165, 1406038165),
(288, 13, 147, 1, 1, 10, 10, 10, 1, 1406171994, 1406171994),
(289, 5, 97, 5, 1, 0, 0, 1, 1, 1418027579, 1418027579),
(290, 13, 148, 1, 1, 10, 10, 10, 0, 1406344112, 1406344112),
(291, 1, 148, 2, 1, 0, 0, 1, 0, 1409916435, 1409916435),
(292, 13, 149, 1, 1, 10, 10, 10, 1, 1406400304, 1406400304),
(293, 7, 149, 10, 10, 0, 10, 0, 1, 1406400330, 1406400479),
(294, 13, 150, 1, 1, 10, 10, 10, 0, 1406431650, 1406431650),
(295, 13, 151, 1, 1, 10, 10, 10, 0, 1406499700, 1406499700),
(296, 13, 152, 1, 1, 10, 10, 10, 0, 1406562764, 1406562764),
(297, 13, 153, 1, 1, 10, 10, 10, 1, 1406574847, 1406574847),
(298, 1, 151, 15, 1, 0, 0, 1, 0, 1408453261, 1408453261),
(299, 13, 154, 1, 1, 10, 10, 10, 1, 1406649100, 1406649100),
(300, 1, 154, 3, 1, 0, 0, 1, 1, 1406827424, 1406827424),
(301, 3, 154, 20, 10, 0, 0, 20, 1, 1406827694, 1406827948),
(302, 13, 155, 1, 1, 10, 10, 10, 1, 1406656761, 1406656761),
(303, 13, 156, 1, 1, 10, 10, 10, 1, 1406910492, 1406910492),
(304, 13, 157, 1, 1, 10, 10, 10, 0, 1407401169, 1407401169),
(305, 13, 158, 1, 1, 10, 10, 10, 0, 1407416824, 1407416824),
(306, 13, 159, 1, 1, 10, 10, 10, 1, 1407594032, 1407594032),
(307, 3, 159, 323, 10, 0, 0, 20, 1, 1410841012, 1410841147),
(308, 13, 160, 1, 1, 10, 10, 10, 1, 1407604077, 1407604077),
(309, 3, 160, 192, 1, 0, 0, 2, 1, 1412509585, 1412509585),
(310, 1, 160, 21, 1, 0, 0, 1, 1, 1412509560, 1412509560),
(311, 1, 159, 34, 1, 0, 0, 1, 1, 1410840651, 1410840651),
(312, 2, 159, 1, 1, 0, 0, 1, 1, 1407743727, 1407743727),
(313, 13, 161, 1, 1, 10, 10, 10, 0, 1407749652, 1407749652),
(314, 13, 162, 1, 1, 10, 10, 10, 0, 1407750216, 1407750216),
(315, 1, 161, 7, 1, 0, 0, 1, 0, 1411043007, 1411043007),
(316, 1, 162, 1, 1, 0, 0, 1, 0, 1407843296, 1407843296),
(317, 13, 163, 1, 1, 10, 10, 10, 1, 1407993733, 1407993733),
(318, 2, 163, 1, 1, 0, 0, 1, 1, 1407993763, 1407993763),
(319, 3, 163, 2, 2, 0, 0, 4, 1, 1407993952, 1407994018),
(320, 13, 164, 1, 1, 10, 10, 10, 0, 1408039161, 1408039161),
(321, 13, 165, 1, 1, 10, 10, 10, 1, 1408086982, 1408086982),
(322, 2, 165, 1, 1, 0, 0, 1, 1, 1408087155, 1408087155),
(323, 13, 166, 1, 1, 10, 10, 10, 0, 1408178599, 1408178599),
(324, 13, 167, 1, 1, 10, 10, 10, 0, 1408179298, 1408179298),
(325, 1, 158, 1, 1, 0, 0, 1, 0, 1408195087, 1408195087),
(326, 13, 168, 1, 1, 10, 10, 10, 1, 1408367825, 1408367825),
(327, 13, 169, 1, 1, 10, 10, 10, 0, 1408409561, 1408409561),
(328, 13, 170, 1, 1, 10, 10, 10, 0, 1408465686, 1408465686),
(329, 13, 171, 1, 1, 10, 10, 10, 0, 1408894425, 1408894425),
(330, 13, 172, 1, 1, 10, 10, 10, 0, 1408941513, 1408941513),
(331, 13, 173, 1, 1, 10, 10, 10, 1, 1408942263, 1408942263),
(332, 3, 173, 1, 1, 0, 0, 2, 1, 1408942446, 1408942446),
(333, 2, 173, 1, 1, 0, 0, 1, 1, 1408942564, 1408942564),
(334, 7, 159, 7, 4, 0, 4, 0, 1, 1410059276, 1410059297),
(335, 12, 13, 1, 1, 1, 0, 0, 0, 1409150063, 1409150063),
(336, 12, 123, 1, 1, 1, 0, 0, 0, 1409150112, 1409150112),
(337, 12, 118, 1, 1, 1, 0, 0, 0, 1409150117, 1409150117),
(338, 12, 137, 1, 1, 1, 0, 0, 0, 1409150125, 1409150125),
(339, 12, 109, 2, 2, 2, 0, 0, 0, 1409150129, 1409150489),
(340, 12, 146, 1, 1, 1, 0, 0, 0, 1409150140, 1409150140),
(341, 12, 160, 5, 2, 2, 0, 0, 1, 1410888146, 1410940525),
(342, 12, 159, 5, 2, 2, 0, 0, 0, 1410888142, 1410940518),
(343, 12, 173, 1, 1, 1, 0, 0, 0, 1409150368, 1409150368),
(344, 12, 165, 1, 1, 1, 0, 0, 0, 1409150440, 1409150440),
(345, 12, 154, 6, 1, 1, 0, 0, 0, 1415850468, 1415850468),
(346, 12, 155, 1, 1, 1, 0, 0, 0, 1409150450, 1409150450),
(347, 12, 150, 1, 1, 1, 0, 0, 0, 1409150456, 1409150456),
(348, 12, 120, 1, 1, 1, 0, 0, 0, 1409150478, 1409150478),
(349, 12, 115, 1, 1, 1, 0, 0, 1, 1409150480, 1409150480),
(350, 12, 139, 1, 1, 1, 0, 0, 0, 1409150491, 1409150491),
(351, 12, 21, 1, 1, 1, 0, 0, 0, 1409150601, 1409150601),
(352, 13, 174, 1, 1, 10, 10, 10, 0, 1409170656, 1409170656),
(353, 1, 174, 1, 1, 0, 0, 1, 0, 1409226473, 1409226473),
(354, 13, 175, 1, 1, 10, 10, 10, 0, 1409230483, 1409230483),
(355, 13, 176, 1, 1, 10, 10, 10, 0, 1409317962, 1409317962),
(356, 1, 176, 2, 1, 0, 0, 1, 0, 1409387310, 1409387310),
(357, 1, 166, 2, 1, 0, 0, 1, 0, 1411282755, 1411282755),
(358, 13, 177, 1, 1, 10, 10, 10, 0, 1409338006, 1409338006),
(359, 13, 178, 1, 1, 10, 10, 10, 0, 1409413505, 1409413505),
(360, 1, 171, 8, 1, 0, 0, 1, 0, 1410426461, 1410426461),
(361, 13, 179, 1, 1, 10, 10, 10, 0, 1409487668, 1409487668),
(362, 13, 180, 1, 1, 10, 10, 10, 0, 1409535514, 1409535514),
(363, 1, 178, 1, 1, 0, 0, 1, 0, 1409536044, 1409536044),
(364, 13, 181, 1, 1, 10, 10, 10, 0, 1409567436, 1409567436),
(365, 13, 182, 1, 1, 10, 10, 10, 0, 1409594046, 1409594046),
(366, 1, 179, 1, 1, 0, 0, 1, 0, 1409598327, 1409598327),
(367, 1, 182, 2, 1, 0, 0, 1, 0, 1409774034, 1409774034),
(368, 1, 181, 1, 1, 0, 0, 1, 0, 1409645240, 1409645240),
(369, 3, 115, 4, 1, 0, 0, 2, 1, 1417684347, 1417684347),
(370, 1, 167, 1, 1, 0, 0, 1, 0, 1409776660, 1409776660),
(371, 13, 183, 1, 1, 10, 10, 10, 0, 1409777048, 1409777048),
(372, 1, 180, 1, 1, 0, 0, 1, 0, 1409781812, 1409781812),
(373, 13, 184, 1, 1, 10, 10, 10, 0, 1409823341, 1409823341),
(374, 1, 184, 4, 1, 0, 0, 1, 0, 1410677017, 1410677017),
(375, 13, 185, 1, 1, 10, 10, 10, 1, 1409903111, 1409903111),
(376, 13, 186, 1, 1, 10, 10, 10, 1, 1409909719, 1409909719),
(377, 2, 186, 1, 1, 0, 0, 1, 1, 1409916441, 1409916441),
(378, 13, 187, 1, 1, 10, 10, 10, 1, 1409916914, 1409916914),
(379, 13, 189, 1, 1, 10, 10, 10, 1, 1410151776, 1410151776),
(380, 13, 190, 1, 1, 10, 10, 10, 1, 1410160062, 1410160062),
(381, 11, 159, 6, 2, 2, 0, 0, 1, 1410840684, 1410840726),
(382, 13, 191, 1, 1, 10, 10, 10, 1, 1410252762, 1410252762),
(383, 11, 160, 1, 1, 1, 0, 0, 1, 1410350782, 1410350782),
(384, 13, 192, 1, 1, 10, 10, 10, 1, 1410415375, 1410415375),
(385, 13, 193, 1, 1, 10, 10, 10, 1, 1410451509, 1410451509),
(386, 7, 193, 1, 1, 0, 1, 0, 1, 1410451661, 1410451661),
(387, 13, 194, 1, 1, 10, 10, 10, 0, 1410630243, 1410630243),
(388, 13, 195, 1, 1, 10, 10, 10, 0, 1410676367, 1410676367),
(389, 1, 195, 1, 1, 0, 0, 1, 0, 1410789114, 1410789114),
(390, 13, 196, 1, 1, 10, 10, 10, 0, 1410790581, 1410790581),
(391, 1, 196, 1, 1, 0, 0, 1, 0, 1410872490, 1410872490),
(392, 13, 197, 1, 1, 10, 10, 10, 0, 1410872829, 1410872829),
(393, 1, 197, 2, 1, 0, 0, 1, 0, 1410946548, 1410946548),
(394, 13, 198, 1, 1, 10, 10, 10, 1, 1410888087, 1410888087),
(395, 11, 198, 6, 1, 1, 0, 0, 1, 1410942046, 1410942046),
(396, 2, 198, 1, 1, 0, 0, 1, 1, 1410893412, 1410893412),
(397, 1, 198, 13, 1, 0, 0, 1, 1, 1412491533, 1412491533),
(398, 3, 198, 129, 10, 0, 0, 20, 1, 1412496296, 1412502755),
(399, 13, 199, 1, 1, 10, 10, 10, 1, 1410940270, 1410940270),
(400, 11, 199, 6, 1, 1, 0, 0, 1, 1410941244, 1410941244),
(401, 2, 199, 1, 1, 0, 0, 1, 1, 1410940653, 1410940653),
(402, 12, 198, 1, 1, 1, 0, 0, 1, 1410941244, 1410941244),
(403, 3, 199, 20, 10, 0, 0, 20, 1, 1411032093, 1411032270),
(404, 12, 199, 1, 1, 1, 0, 0, 1, 1410942046, 1410942046),
(405, 1, 199, 4, 1, 0, 0, 1, 1, 1411366569, 1411366569),
(406, 13, 200, 1, 1, 10, 10, 10, 0, 1410947574, 1410947574),
(407, 13, 201, 1, 1, 10, 10, 10, 0, 1410989403, 1410989403),
(408, 13, 202, 1, 1, 10, 10, 10, 0, 1411041064, 1411041064),
(409, 13, 203, 1, 1, 10, 10, 10, 0, 1411120550, 1411120550),
(410, 1, 200, 3, 1, 0, 0, 1, 0, 1411289430, 1411289430),
(411, 13, 204, 1, 1, 10, 10, 10, 0, 1411263375, 1411263375),
(412, 1, 169, 1, 1, 0, 0, 1, 0, 1411329525, 1411329525),
(413, 13, 205, 1, 1, 10, 10, 10, 0, 1411350551, 1411350551),
(414, 1, 204, 3, 1, 0, 0, 1, 0, 1411571849, 1411571849),
(415, 13, 206, 1, 1, 10, 10, 10, 1, 1411401269, 1411401269),
(416, 7, 206, 11, 1, 0, 1, 0, 1, 1412477717, 1412477717),
(417, 1, 205, 1, 1, 0, 0, 1, 0, 1411472696, 1411472696),
(418, 13, 207, 1, 1, 10, 10, 10, 1, 1411655612, 1411655612),
(419, 13, 208, 1, 1, 10, 10, 10, 0, 1412093771, 1412093771),
(420, 13, 209, 1, 1, 10, 10, 10, 0, 1412198193, 1412198193),
(421, 12, 206, 1, 1, 1, 0, 0, 1, 1412270425, 1412270425),
(422, 13, 210, 1, 1, 10, 10, 10, 0, 1412481287, 1412481287),
(423, 13, 211, 1, 1, 10, 10, 10, 0, 1412847078, 1412847078),
(424, 13, 212, 1, 1, 10, 10, 10, 0, 1412858879, 1412858879),
(425, 13, 213, 1, 1, 10, 10, 10, 1, 1413177435, 1413177435),
(426, 13, 214, 1, 1, 10, 10, 10, 1, 1413245658, 1413245658),
(427, 7, 214, 1, 1, 0, 1, 0, 1, 1413245754, 1413245754),
(428, 12, 214, 1, 1, 1, 0, 0, 0, 1413303178, 1413303178),
(429, 12, 193, 1, 1, 1, 0, 0, 0, 1413307589, 1413307589),
(430, 12, 149, 1, 1, 1, 0, 0, 0, 1413307601, 1413307601),
(431, 12, 138, 1, 1, 1, 0, 0, 0, 1413307636, 1413307636),
(432, 12, 125, 1, 1, 1, 0, 0, 0, 1413307669, 1413307669),
(433, 11, 115, 3, 2, 2, 0, 0, 1, 1418027507, 1418027529),
(434, 13, 215, 1, 1, 10, 10, 10, 1, 1417434434, 1417434434),
(435, 1, 215, 3, 1, 0, 0, 1, 1, 1417580446, 1417580446),
(436, 7, 215, 1, 1, 0, 1, 0, 1, 1417581936, 1417581936);

-- --------------------------------------------------------

--
-- Table structure for table `favorite_album`
--

CREATE TABLE IF NOT EXISTS `favorite_album` (
  `id` int(11) NOT NULL AUTO_INCREMENT,
  `user_id` int(11) NOT NULL,
  `album_id` int(11) NOT NULL,
  `create_time` int(10) NOT NULL,
  PRIMARY KEY (`id`),
  KEY `idx_user_id` (`user_id`),
  KEY `idx_album_id` (`album_id`)
) ENGINE=MyISAM  DEFAULT CHARSET=utf8 AUTO_INCREMENT=4 ;

--
-- Dumping data for table `favorite_album`
--

INSERT INTO `favorite_album` (`id`, `user_id`, `album_id`, `create_time`) VALUES
(1, 20, 6, 1436333565),
(2, 20, 4, 1436333633),
(3, 115, 10, 1437995068);

-- --------------------------------------------------------

--
-- Table structure for table `favorite_sharing`
--

CREATE TABLE IF NOT EXISTS `favorite_sharing` (
  `id` int(11) NOT NULL AUTO_INCREMENT,
  `user_id` int(11) NOT NULL,
  `share_id` int(11) NOT NULL,
  `create_time` int(10) NOT NULL,
  PRIMARY KEY (`id`),
  KEY `idx_user_id` (`user_id`),
  KEY `idx_share_id` (`share_id`)
) ENGINE=MyISAM  DEFAULT CHARSET=utf8 AUTO_INCREMENT=17 ;

--
-- Dumping data for table `favorite_sharing`
--

INSERT INTO `favorite_sharing` (`id`, `user_id`, `share_id`, `create_time`) VALUES
(5, 351, 26, 1436776379),
(6, 6, 25, 1436779243),
(3, 20, 15, 1436333064),
(4, 20, 16, 1436333639),
(7, 6, 16, 1436781265),
(8, 115, 38, 1437024638),
(10, 115, 34, 1437029645),
(12, 115, 17, 1437973191),
(13, 115, 19, 1437973304),
(14, 115, 27, 1437995046),
(15, 359, 64, 1437998429),
(16, 359, 15, 1437999042);

-- --------------------------------------------------------

--
-- Table structure for table `favorite_store`
--

CREATE TABLE IF NOT EXISTS `favorite_store` (
  `id` int(11) NOT NULL AUTO_INCREMENT,
  `user_id` int(11) NOT NULL,
  `store_id` int(11) NOT NULL,
  `create_time` int(10) NOT NULL,
  PRIMARY KEY (`id`),
  KEY `idx_user_id` (`user_id`),
  KEY `idx_store_id` (`store_id`)
) ENGINE=MyISAM  DEFAULT CHARSET=utf8 AUTO_INCREMENT=6 ;

--
-- Dumping data for table `favorite_store`
--

INSERT INTO `favorite_store` (`id`, `user_id`, `store_id`, `create_time`) VALUES
(2, 10, 4, 1436351832),
(3, 351, 2, 1436434865),
(4, 351, 4, 1436434867),
(5, 6, 6, 1436781468);

-- --------------------------------------------------------

--
-- Table structure for table `item`
--

CREATE TABLE IF NOT EXISTS `item` (
  `id` int(11) NOT NULL AUTO_INCREMENT,
  `user_id` int(11) NOT NULL,
  `user_nickname` varchar(80) DEFAULT NULL,
  `title` varchar(255) DEFAULT NULL,
  `reference_url` varchar(255) NOT NULL,
  `keyword` text,
  `keyword_search` text,
  `summary` text,
  `color` varchar(20) DEFAULT '',
  `image_large` varchar(255) DEFAULT NULL,
  `image_middle` varchar(255) DEFAULT NULL,
  `image_square` varchar(255) DEFAULT NULL,
  `width` varchar(20) DEFAULT NULL,
  `height` varchar(20) DEFAULT NULL,
  `item_type` varchar(10) DEFAULT NULL,
  `share_type` varchar(10) DEFAULT NULL,
  `price` float DEFAULT NULL,
  `is_show` tinyint(4) NOT NULL,
  `create_time` int(10) NOT NULL,
  `is_deleted` tinyint(4) DEFAULT '0',
  `total_images` tinyint(2) DEFAULT '0',
  `cloud` varchar(80) NOT NULL DEFAULT '',
  PRIMARY KEY (`id`),
  KEY `idx_user_id` (`user_id`),
  KEY `idx_is_show` (`is_show`),
  KEY `idx_item_type` (`item_type`),
  KEY `idx_share_type` (`share_type`),
  KEY `idx_is_deleted` (`is_deleted`),
  KEY `idx_create_time` (`create_time`),
  FULLTEXT KEY `idx_keyword_search` (`keyword_search`)
) ENGINE=MyISAM  DEFAULT CHARSET=utf8 AUTO_INCREMENT=65 ;

--
-- Dumping data for table `item`
--

INSERT INTO `item` (`id`, `user_id`, `user_nickname`, `title`, `reference_url`, `keyword`, `keyword_search`, `summary`, `color`, `image_large`, `image_middle`, `image_square`, `width`, `height`, `item_type`, `share_type`, `price`, `is_show`, `create_time`, `is_deleted`, `total_images`, `cloud`) VALUES
(37, 351, 'Ck.Cheng', 'Women''s Bandage Bikini Set Push up Padded Bra Underwear Swimsuit Bathing Suit Swimwear HB88', 'http://www.aliexpress.com/item/Women-s-Bandage-Bikini-Set-Push-up-Padded-Bra-Swimsuit-Bathing-Suit-Swimwear-HB88/32336119492.html', NULL, NULL, NULL, 'black', 'uploads/attachments/products/large/351_55a39f52c3d7e.jpg', 'uploads/attachments/products/middle/351_55a39f52c3d7e.jpg', 'uploads/attachments/products/square/351_55a39f52c3d7e.jpg', '350', '350', 'image', 'web', 10.37, 1, 1436786515, 0, 1, ''),
(34, 351, 'Ck.Cheng', 'Patch Lace Sheer Style Black Chiffon Shirt', 'http://www.jollychic.com/p/patch-lace-sheer-style-black-chiffon-shirt-g155419.html', NULL, NULL, NULL, 'black', 'uploads/attachments/products/large/351_55a38d7bd090c.jpg', 'uploads/attachments/products/middle/351_55a38d7bd090c.jpg', 'uploads/attachments/products/square/351_55a38d7bd090c.jpg', '360', '480', 'image', 'web', 18.99, 1, 1436781949, 0, 1, ''),
(33, 351, 'Ck.Cheng', 'Sexy Cut-Out A-Line White Floral Dress', 'http://www.jollychic.com/p/sexy-cut-out-a-line-white-floral-dress-g155161.html', NULL, NULL, NULL, 'gray', 'uploads/attachments/products/large/351_55a389dde9680.jpg', 'uploads/attachments/products/middle/351_55a389dde9680.jpg', 'uploads/attachments/products/square/351_55a389dde9680.jpg', '600', '800', 'image', 'web', 29.99, 1, 1436781023, 0, 1, ''),
(32, 351, 'Ck.Cheng', 'White Spaghetti Strap Sequined Chiffon Dress ', 'http://www.shein.com/White-Spaghetti-Strap-Sequined-Chiffon-Dress-p-221145-cat-1727.html#', NULL, NULL, NULL, 'gray', 'uploads/attachments/products/large/351_55a38978d7f1c.jpg', 'uploads/attachments/products/middle/351_55a38978d7f1c.jpg', 'uploads/attachments/products/square/351_55a38978d7f1c.jpg', '580', '772', 'image', 'web', 18.33, 1, 1436780922, 0, 1, ''),
(31, 351, 'Ck.Cheng', 'Crystal fringe top', 'http://www.bostonproper.com/store/product/crystal-fringe-top/570110838?color=2430', NULL, NULL, NULL, 'black', 'uploads/attachments/products/large/351_55a377114400f.jpg', 'uploads/attachments/products/middle/351_55a377114400f.jpg', 'uploads/attachments/products/square/351_55a377114400f.jpg', '408', '615', 'image', 'web', 98, 1, 1436776209, 0, 1, ''),
(30, 351, 'Ck.Cheng', 'Blank NYC Living Dead Girl Chambray Romper', 'http://www.nastygal.com/whats-new/blank-nyc-living-dead-girl-chambray-romper', NULL, NULL, NULL, 'blue', 'uploads/attachments/products/large/351_55a34f28ada9f.jpg', 'uploads/attachments/products/middle/351_55a34f28ada9f.jpg', 'uploads/attachments/products/square/351_55a34f28ada9f.jpg', '1340', '2010', 'image', 'web', 138, 1, 1436765994, 0, 1, ''),
(29, 351, 'Ck.Cheng', 'Cheap Simple Style Rhinestone Star Gold Plated Chain Bracelet ', 'http://www.shein.com/Cheap-Simple-Style-Rhinestone-Star-Gold-Plated-Chain-Bracelet-p-216486-cat-1758.html', NULL, NULL, NULL, 'yellow', 'uploads/attachments/products/large/351_559e36fb53ba7.jpg', 'uploads/attachments/products/middle/351_559e36fb53ba7.jpg', 'uploads/attachments/products/square/351_559e36fb53ba7.jpg', '650', '837', 'image', 'web', 4.09, 1, 1436432125, 0, 1, ''),
(28, 351, 'Ck.Cheng', 'Blue White Round Neck Short Sleeve Striped Dress -SheIn(Sheinside)', 'http://www.shein.com/Blue-White-Round-Neck-Short-Sleeve-Striped-Dress-p-220553-cat-1727.html#', NULL, NULL, NULL, 'gray', 'uploads/attachments/products/large/351_559e3603b8055.jpg', 'uploads/attachments/products/middle/351_559e3603b8055.jpg', 'uploads/attachments/products/square/351_559e3603b8055.jpg', '310', '418', 'image', 'web', 13.67, 1, 1436431877, 0, 1, ''),
(27, 10, 'Veronica', 'Romantic Garden Organza Peter Pan Collar Dress ', 'http://www.chicwish.com/romantic-garden-organza-peter-pan-collar-dress.html', NULL, NULL, NULL, 'gray', 'uploads/attachments/products/large/10_559cfc80e34ee.jpg', 'uploads/attachments/products/middle/10_559cfc80e34ee.jpg', 'uploads/attachments/products/square/10_559cfc80e34ee.jpg', '345', '505', 'image', 'web', 70.47, 1, 1436351618, 0, 1, ''),
(26, 10, 'Veronica', 'Nasty Gal Buckle Me Up Swimsuit', 'http://www.nastygal.com/whats-new/nasty-gal-buckle-me-up-swimsuit', NULL, NULL, NULL, 'black', 'uploads/attachments/products/large/10_559cfc2e04be8.jpg', 'uploads/attachments/products/middle/10_559cfc2e04be8.jpg', 'uploads/attachments/products/square/10_559cfc2e04be8.jpg', '1340', '2010', 'image', 'web', 128, 1, 1436351534, 0, 1, ''),
(24, 10, 'Veronica', 'Lavish Alice Drop It Down Lace-Up Jumpsuit', 'http://www.nastygal.com/whats-new/lavish-alice-drop-it-down-laceup-jumpsuit', NULL, NULL, NULL, 'black', 'uploads/attachments/products/large/10_559cfa2181989.jpg', 'uploads/attachments/products/middle/10_559cfa2181989.jpg', 'uploads/attachments/products/square/10_559cfa2181989.jpg', '1340', '2010', 'image', 'web', 88, 1, 1436351010, 0, 1, ''),
(25, 10, 'Veronica', 'White Spaghetti Strap Cascading Ruffle Dress ', 'http://www.shein.com/White-Spaghetti-Strap-Cascading-Ruffle-Dress-p-220470-cat-1727.html#', NULL, NULL, NULL, 'gray', 'uploads/attachments/products/large/10_559cfb5e090cc.jpg', 'uploads/attachments/products/middle/10_559cfb5e090cc.jpg', 'uploads/attachments/products/square/10_559cfb5e090cc.jpg', '500', '683', 'image', 'web', 23.67, 1, 1436351327, 0, 1, ''),
(22, 10, 'Veronica', 'White Spaghetti Strap Backless Lace Bodycon Dress', 'http://www.shein.com/White-Spaghetti-Strap-Backless-Lace-Bodycon-Dress-p-220472-cat-1727.html#', NULL, NULL, NULL, 'gray', 'uploads/attachments/products/large/10_559cf6e06c88d.jpg', 'uploads/attachments/products/middle/10_559cf6e06c88d.jpg', 'uploads/attachments/products/square/10_559cf6e06c88d.jpg', '398', '552', 'image', 'web', 32.67, 1, 1436350177, 0, 1, ''),
(21, 10, 'Veronica', 'See No Evil Sheer Organza Top ', 'http://www.nastygal.com/whats-new/see-no-evil-sheer-organza-top', NULL, NULL, NULL, 'black', 'uploads/attachments/products/large/10_559cf5668ec34.jpg', 'uploads/attachments/products/middle/10_559cf5668ec34.jpg', 'uploads/attachments/products/square/10_559cf5668ec34.jpg', '1340', '2010', 'image', 'web', 48, 1, 1436349799, 0, 1, ''),
(15, 351, 'Ck.Cheng', 'Border Print  Free Boutique', 'http://www.freepeople.com/shop/border-print-dropwaist-tunic-35213586/?c=whats-new', NULL, NULL, NULL, 'black', 'uploads/attachments/products/large/351_559cb3f16902d.jpg', 'uploads/attachments/products/middle/351_559cb3f16902d.jpg', 'uploads/attachments/products/square/351_559cb3f16902d.jpg', '356', '475', 'image', 'web', 128, 1, 1436333041, 0, 1, ''),
(16, 351, 'Ck.Cheng', 'Crystal fringe top', 'http://www.bostonproper.com/store/product/crystal-fringe-top/570110838?color=2430&catId=cat8289430&fromSearch=true&scPos=1-2324-3248', NULL, NULL, NULL, 'black', 'uploads/attachments/products/large/351_559cb4e4b17ea.jpg', 'uploads/attachments/products/middle/351_559cb4e4b17ea.jpg', 'uploads/attachments/products/square/351_559cb4e4b17ea.jpg', '1384', '2075', 'image', 'web', 98, 1, 1436333286, 0, 1, ''),
(17, 351, 'Ck.Cheng', 'Gemma''s Apron Dress ', 'http://www.freepeople.com/shop/gemmas-apron-dress/?c=whats-new', NULL, NULL, NULL, 'black', 'uploads/attachments/products/large/351_559cb530888f6.jpg', 'uploads/attachments/products/middle/351_559cb530888f6.jpg', 'uploads/attachments/products/square/351_559cb530888f6.jpg', '356', '475', 'image', 'web', 148, 1, 1436333360, 0, 1, ''),
(18, 351, 'Ck.Cheng', '	Colorful earrings', 'http://www.bostonproper.com/store/product/colorful-earrings/570141044?color=1262&catId=cat8289430&fromSearch=true&scPos=1-4994-3248', NULL, NULL, NULL, 'yellow', 'uploads/attachments/products/large/351_559cb5cdab84c.jpg', 'uploads/attachments/products/middle/351_559cb5cdab84c.jpg', 'uploads/attachments/products/square/351_559cb5cdab84c.jpg', '1384', '2075', 'image', 'web', 39, 1, 1436333518, 0, 1, ''),
(19, 10, 'Veronica', '				Shop Women''s New Arrivals - Boston Proper', 'http://www.bostonproper.com/store/product/studded-animal-coldshoulder-tee/570141273?color=1166&catId=cat8289430&fromSearch=true&scPos=1-2960-3248', NULL, NULL, NULL, 'red', 'uploads/attachments/products/large/10_559cb798910ff.jpg', 'uploads/attachments/products/middle/10_559cb798910ff.jpg', 'uploads/attachments/products/square/10_559cb798910ff.jpg', '1384', '2075', 'image', 'web', 59, 1, 1436333978, 0, 1, ''),
(20, 10, 'Veronica', 'Favor Stripes Pleated Midi Skirt ', 'http://www.chicwish.com/favor-stripes-pleated-midi-skirt.html', NULL, NULL, NULL, 'black', 'uploads/attachments/products/large/10_559cedc307293.jpg', 'uploads/attachments/products/middle/10_559cedc307293.jpg', 'uploads/attachments/products/square/10_559cedc307293.jpg', '345', '505', 'image', 'web', 44.97, 1, 1436347844, 0, 1, ''),
(38, 351, 'Ck.Cheng', 'Women Sexy Strappy Swimsuit Swimwear Bathing Monokini Push Up Padded Bikini', 'http://www.aliexpress.com/item/Women-Sexy-Strappy-Swimsuit-Swimwear-Bathing-Monokini-Push-Up-Padded-Bikini/32327041565.html', NULL, NULL, NULL, 'black', 'uploads/attachments/products/large/351_55a39f86ef1c7.jpg', 'uploads/attachments/products/middle/351_55a39f86ef1c7.jpg', 'uploads/attachments/products/square/351_55a39f86ef1c7.jpg', '350', '350', 'image', 'web', 8.07, 1, 1436786567, 0, 1, ''),
(39, 351, 'Ck.Cheng', 'Gardenia Floral Dress | Shop Clothes at Nasty Gal!', 'http://www.nastygal.com/whats-new/gardenia-floral-dress', NULL, NULL, NULL, 'black', 'uploads/attachments/products/large/351_55a5f8a518be1.jpg', 'uploads/attachments/products/middle/351_55a5f8a518be1.jpg', 'uploads/attachments/products/square/351_55a5f8a518be1.jpg', '680', '1022', 'image', 'web', 58, 1, 1436940453, 0, 1, ''),
(41, 351, 'Ck.Cheng', 'Optical Print V-Neck Cami ', 'http://www.aeropostale.com/product/index.jsp?productId=58392866&cp=3534618.3534619.3534623.3541049.3536163', NULL, NULL, NULL, 'gray', 'uploads/attachments/products/large/351_55acaf5ad8cdd.jpg', 'uploads/attachments/products/middle/351_55acaf5ad8cdd.jpg', 'uploads/attachments/products/square/351_55acaf5ad8cdd.jpg', '386', '450', 'image', 'web', 5, 1, 1437380442, 0, 1, ''),
(42, 328, 'anniejone', 'Audrey Hepburn Style 1950''s Polka Dot Printed Button Halter Swing Dress ', 'http://www.wsdear.com/audrey-hepburn-style-1950-s-polka-dot-printed-button-halter-swing-dress-rockabilly-vintage-inspired-party-dress.html', NULL, NULL, NULL, 'black', 'uploads/attachments/products/large/328_55ae01359e0be.jpg', 'uploads/attachments/products/middle/328_55ae01359e0be.jpg', 'uploads/attachments/products/square/328_55ae01359e0be.jpg', '600', '800', 'image', 'web', 40.99, 1, 1437466935, 0, 1, ''),
(43, 328, 'anniejone', 'Candy-Colored Audrey Hepburn Inspired Dress', 'http://www.wsdear.com/candy-colored-audrey-hepburn-inspired-dress-classic-vintage-sleeveless-swing-cotton-dress-plus-size.html', NULL, NULL, NULL, 'purple', 'uploads/attachments/products/large/328_55ae0171367df.jpg', 'uploads/attachments/products/middle/328_55ae0171367df.jpg', 'uploads/attachments/products/square/328_55ae0171367df.jpg', '737', '982', 'image', 'web', 41.99, 1, 1437466994, 0, 1, ''),
(44, 359, 'gada', 'Nasty Gals Do It Better. Shop Clothing, Shoes &amp; Vintage | Nasty Gal', 'http://www.nastygal.com/', NULL, NULL, NULL, 'yellow', 'uploads/attachments/products/large/359_55b35883ca453.jpg', 'uploads/attachments/products/middle/359_55b35883ca453.jpg', 'uploads/attachments/products/square/359_55b35883ca453.jpg', '175', '262', 'image', 'web', 75, 1, 1437816964, 0, 1, ''),
(46, 359, 'gada', 'Nasty Gal Good Sport Cutout Dress | Shop Clothes at Nasty Gal!', 'http://www.nastygal.com/sale/nasty-gal-good-sport-cutout-dress', NULL, NULL, NULL, 'blue', 'uploads/attachments/products/large/359_55b384a961b19.jpg', 'uploads/attachments/products/middle/359_55b384a961b19.jpg', 'uploads/attachments/products/square/359_55b384a961b19.jpg', '680', '1022', 'image', 'web', 60.35, 1, 1437828265, 0, 1, ''),
(47, 359, 'gada', 'Nasty Gal Denim - Slayin'' Frayin'' Shorts | Shop Clothes at Nasty Gal!', 'http://www.nastygal.com/sale/nasty-gal-denim--slayin-frayin-shorts', NULL, NULL, NULL, 'gray', 'uploads/attachments/products/large/359_55b387438394e.jpg', 'uploads/attachments/products/middle/359_55b387438394e.jpg', 'uploads/attachments/products/square/359_55b387438394e.jpg', '680', '1022', 'image', 'web', 94.19, 1, 1437828931, 0, 1, ''),
(48, 359, 'gada', 'Ramblin'' Ann High/Low Jersey Dress | Shop Clothes at Nasty Gal!', 'http://www.nastygal.com/clothes-dresses-basics-styling/ramblin-ann-highlow-jersey-dress', NULL, NULL, NULL, 'gray', 'uploads/attachments/products/large/359_55b388ebc81a6.jpg', 'uploads/attachments/products/middle/359_55b388ebc81a6.jpg', 'uploads/attachments/products/square/359_55b388ebc81a6.jpg', '680', '1022', 'image', 'web', 65.91, 1, 1437829356, 0, 1, ''),
(55, 359, 'gada', 'Styling Basic Dresses | Styling Ribbed Knit Dresses, Tank Dresses &amp; More', 'http://www.nastygal.com/clothes-dresses-basics-styling', NULL, NULL, NULL, 'black', 'uploads/attachments/products/large/359_55b5bc1190841.jpg', 'uploads/attachments/products/middle/359_55b5bc1190841.jpg', 'uploads/attachments/products/square/359_55b5bc1190841.jpg', '175', '262', 'image', 'web', 0, 1, 1437973522, 0, 1, ''),
(54, 115, 'zahedul', 'wyldr cherry bomb lace romper', 'http://www.nastygal.com/sale/wyldr-cherry-bomb-lace-rompers', NULL, NULL, NULL, 'purple', 'uploads/attachments/products/large/115_55b3926728f13.jpg', 'uploads/attachments/products/middle/115_55b3926728f13.jpg', 'uploads/attachments/products/square/115_55b3926728f13.jpg', '1340', '2010', 'image', 'web', 60, 1, 1437831783, 0, 1, ''),
(56, 359, 'gada', 'Nasty Gal Ride Out Vegan Leather Moto Jacket | Shop Clothes at Nasty Gal!', 'http://www.nastygal.com/clothes-dresses-basics-styling/nasty-gal-ride-out-vegan-leather-moto-jacket', NULL, NULL, NULL, 'black', 'uploads/attachments/products/large/359_55b5bdcac76d2.jpg', 'uploads/attachments/products/middle/359_55b5bdcac76d2.jpg', 'uploads/attachments/products/square/359_55b5bdcac76d2.jpg', '175', '262', 'image', 'web', 175.73, 1, 1437973963, 0, 1, ''),
(57, 359, 'gada', 'B-low the Belt Totem Leather Fringe Clutch | Shop Accessories at Nasty Gal!', 'http://www.nastygal.com/clothes-dresses-basics-styling/blow-the-belt-totem-leather-fringe-clutch', NULL, NULL, NULL, 'gray', 'uploads/attachments/products/large/359_55b5bf11c76eb.jpg', 'uploads/attachments/products/middle/359_55b5bf11c76eb.jpg', 'uploads/attachments/products/square/359_55b5bf11c76eb.jpg', '175', '262', 'image', 'web', 409.04, 1, 1437974289, 0, 1, ''),
(58, 359, 'gada', 'Crazy Daisy Handbag | Shop Accessories at Nasty Gal!', 'http://www.nastygal.com/sale/crazy-daisy-handbag', NULL, NULL, NULL, 'gray', 'uploads/attachments/products/large/359_55b5c001d9d11.jpg', 'uploads/attachments/products/middle/359_55b5c001d9d11.jpg', 'uploads/attachments/products/square/359_55b5c001d9d11.jpg', '680', '1022', 'image', 'web', 46.12, 1, 1437974530, 0, 1, ''),
(59, 359, 'gada', 'Rain or Shine Trench Coat - Blue | Shop Clothes at Nasty Gal!', 'http://www.nastygal.com/clothes-dresses-basics-styling/rain-or-shine-trench-coat--blue', NULL, NULL, NULL, 'gray', 'uploads/attachments/products/large/359_55b5c42a6b9c3.jpg', 'uploads/attachments/products/middle/359_55b5c42a6b9c3.jpg', 'uploads/attachments/products/square/359_55b5c42a6b9c3.jpg', '680', '1022', 'image', 'web', 93.34, 1, 1437975594, 0, 1, ''),
(60, 359, 'gada', 'Converse All Star High-Top Sneaker - White Leather | Shop Shoes at Nasty Gal!', 'http://www.nastygal.com.au/clothes-dresses-basics-styling/converse-all-star-hightop-sneaker--white-leather', NULL, NULL, NULL, 'gray', 'uploads/attachments/products/large/359_55b5d7f500a02.jpg', 'uploads/attachments/products/middle/359_55b5d7f500a02.jpg', 'uploads/attachments/products/square/359_55b5d7f500a02.jpg', '680', '1022', 'image', 'web', 96.01, 1, 1437980661, 0, 1, ''),
(61, 115, 'zahedul', 'Free shipping  2015 BAOSHIDI 66*66cm  new fashion famous brand high grade summer style  women square silk scarf-in Scarves from Women''s Clothing & Accessories on Aliexpress.com | Alibaba Group', 'http://www.aliexpress.com/item/Free-shipping-2015-BAOSHIDI-66-66cm-new-fashion-summer-style-women-silk-shawl/32394348174.html?s=p', NULL, NULL, NULL, 'red', 'uploads/attachments/products/large/115_55b6189dc8355.jpg', 'uploads/attachments/products/middle/115_55b6189dc8355.jpg', 'uploads/attachments/products/square/115_55b6189dc8355.jpg', '345', '350', 'image', 'web', 54, 1, 1437997215, 0, 1, ''),
(62, 115, 'zahedul', 'Romantics Lace Dress | Shop Clothes at Nasty Gal!', 'http://www.nastygal.com.au/clothes-dresses/romantics-lace-dress', NULL, NULL, NULL, 'blue', 'uploads/attachments/products/large/115_55b61bbc3f72f.jpg', 'uploads/attachments/products/middle/115_55b61bbc3f72f.jpg', 'uploads/attachments/products/square/115_55b61bbc3f72f.jpg', '680', '1022', 'image', 'web', 106.9, 1, 1437998012, 0, 1, ''),
(63, 115, 'zahedul', 'Romantics Lace Dress | Shop Clothes at Nasty Gal!', 'http://www.nastygal.com/clothes-dresses/romantics-lace-dress', NULL, NULL, NULL, 'blue', 'uploads/attachments/products/large/115_55b61c9805fd8.jpg', 'uploads/attachments/products/middle/115_55b61c9805fd8.jpg', 'uploads/attachments/products/square/115_55b61c9805fd8.jpg', '680', '1022', 'image', 'web', 106.9, 1, 1437998232, 0, 1, ''),
(64, 115, 'zahedul', '''Round Midnight Crochet Lace Kimono | Shop Clothes at Nasty Gal!', 'http://www.nastygal.com.au/clothes-sweaters/round-midnight-crochet-lace-kimono', NULL, NULL, NULL, 'gray', 'uploads/attachments/products/large/115_55b61ce34f1ed.jpg', 'uploads/attachments/products/middle/115_55b61ce34f1ed.jpg', 'uploads/attachments/products/square/115_55b61ce34f1ed.jpg', '680', '1022', 'image', 'web', 93.25, 1, 1437998307, 0, 1, '');

-- --------------------------------------------------------

--
-- Table structure for table `item_color`
--

CREATE TABLE IF NOT EXISTS `item_color` (
  `id` int(11) NOT NULL AUTO_INCREMENT,
  `size_id` int(11) NOT NULL,
  `color` varchar(50) NOT NULL,
  `quantity` int(11) NOT NULL,
  PRIMARY KEY (`id`)
) ENGINE=InnoDB  DEFAULT CHARSET=latin1 AUTO_INCREMENT=33 ;

--
-- Dumping data for table `item_color`
--

INSERT INTO `item_color` (`id`, `size_id`, `color`, `quantity`) VALUES
(1, 1, 'black', 12),
(2, 2, 'red', 12),
(3, 3, 'red', 12),
(4, 3, 'black', 12),
(5, 4, 'white', 12),
(6, 5, 'white', 12),
(7, 6, 'red', 10),
(8, 7, 'blue', 10),
(9, 8, 'red', 10),
(10, 9, 'blue', 10),
(11, 10, 'red', 10),
(12, 11, 'blue', 10),
(13, 12, 'red', 10),
(14, 13, 'blue', 10),
(15, 14, 'red', 10),
(16, 15, 'blue', 10),
(17, 16, 'red', 10),
(18, 17, 'blue', 10),
(19, 18, 'red', 12),
(20, 19, 'red', 12),
(21, 20, 'black', 1),
(22, 21, 'black', 1),
(23, 22, 'white', 1),
(24, 23, 'white', 1),
(25, 24, 'white', 1),
(26, 24, 'black', 1),
(27, 25, 'black', 5),
(28, 25, 'blue', 5),
(29, 26, 'green', 2),
(30, 27, 'yellow', 2),
(31, 27, 'white', 2),
(32, 28, 'black', 2);

-- --------------------------------------------------------

--
-- Table structure for table `item_size`
--

CREATE TABLE IF NOT EXISTS `item_size` (
  `id` int(11) NOT NULL AUTO_INCREMENT,
  `item_id` int(11) NOT NULL,
  `size` varchar(50) NOT NULL,
  PRIMARY KEY (`id`)
) ENGINE=InnoDB  DEFAULT CHARSET=latin1 AUTO_INCREMENT=29 ;

--
-- Dumping data for table `item_size`
--

INSERT INTO `item_size` (`id`, `item_id`, `size`) VALUES
(1, 46, 'L'),
(2, 47, 'XXL'),
(3, 47, 'XL'),
(4, 48, 'XXL'),
(5, 48, 'XL'),
(6, 49, 'XL'),
(7, 49, 'L'),
(8, 50, 'XL'),
(9, 50, 'L'),
(10, 51, 'XL'),
(11, 51, 'L'),
(12, 52, 'XL'),
(13, 52, 'L'),
(14, 53, 'XL'),
(15, 53, 'L'),
(16, 54, 'XL'),
(17, 54, 'L'),
(18, 57, 'XXL'),
(19, 57, 'L'),
(20, 58, 'M'),
(21, 58, 'L'),
(22, 59, 'XXL'),
(23, 59, 'L'),
(24, 60, 'XXL'),
(25, 61, 'XL'),
(26, 15, 'XL'),
(27, 15, 'M'),
(28, 64, 'XL');

-- --------------------------------------------------------

--
-- Table structure for table `relationship`
--

CREATE TABLE IF NOT EXISTS `relationship` (
  `id` int(11) NOT NULL AUTO_INCREMENT,
  `user_id` int(11) NOT NULL,
  `friend_id` int(11) NOT NULL,
  `relation_status` tinyint(2) NOT NULL,
  PRIMARY KEY (`id`),
  KEY `idx_relation_id` (`id`),
  KEY `idx_user_id` (`user_id`),
  KEY `idx_friend_id` (`friend_id`),
  KEY `idx_user_friend_id` (`user_id`,`friend_id`),
  KEY `idx_user_id_status` (`user_id`,`relation_status`),
  KEY `idx_friend_id_status` (`friend_id`,`relation_status`)
) ENGINE=MyISAM  DEFAULT CHARSET=utf8 AUTO_INCREMENT=4 ;

--
-- Dumping data for table `relationship`
--

INSERT INTO `relationship` (`id`, `user_id`, `friend_id`, `relation_status`) VALUES
(1, 20, 351, 1),
(2, 10, 351, 1),
(3, 351, 10, 1);

-- --------------------------------------------------------

--
-- Table structure for table `settings`
--

CREATE TABLE IF NOT EXISTS `settings` (
  `id` int(11) NOT NULL AUTO_INCREMENT,
  `set_key` varchar(100) NOT NULL,
  `set_value` text NOT NULL,
  PRIMARY KEY (`id`),
  KEY `idx_setting_id` (`id`)
) ENGINE=MyISAM  DEFAULT CHARSET=utf8 AUTO_INCREMENT=42 ;

--
-- Dumping data for table `settings`
--

INSERT INTO `settings` (`id`, `set_key`, `set_value`) VALUES
(1, 'ui_styles', 'a:4:{s:5:"style";s:7:"puzzing";s:5:"color";s:7:"default";s:7:"puzzing";a:6:{s:3:"red";a:39:{s:10:"themecolor";s:7:"#9d261d";s:11:"bordercolor";s:4:"#DDD";s:9:"smallFont";s:4:"13px";s:10:"mediumFont";s:4:"14px";s:9:"largeFont";s:4:"15px";s:4:"gray";s:4:"#999";s:4:"blue";s:7:"#049cdb";s:5:"green";s:7:"#46a546";s:3:"red";s:7:"#9d261d";s:6:"yellow";s:7:"#ffc40d";s:6:"orange";s:7:"#f89406";s:4:"pink";s:7:"#c3325f";s:6:"purple";s:7:"#7a43b6";s:9:"puzzColor";s:7:"#9d261d";s:14:"bodyBackground";s:4:"#fff";s:9:"textColor";s:9:"@grayDark";s:9:"linkColor";s:7:"#9d261d";s:15:"contentBackPath";s:24:"@{imagePath}/bgnoise.gif";s:17:"contentBackGround";s:45:"#F0F0F0 url(@{contentBackPath}) repeat -70% 0";s:22:"contentInnerBackGround";s:46:"url(@{imagePath}/big-fade.png) repeat-x -70% 0";s:14:"boldFontFamily";s:17:"''Microsoft YaHei''";s:14:"baseFontFamily";s:71:"tahoma,''Helvetica Neue'', Arial, ''Liberation Sans'', FreeSans, sans-serif";s:14:"baseLineHeight";s:4:"18px";s:15:"inputBackground";s:4:"#fff";s:11:"inputBorder";s:4:"#ccc";s:18:"dropdownBackground";s:6:"@white";s:14:"dropdownBorder";s:14:"rgba(0,0,0,.1)";s:17:"dropdownLinkColor";s:5:"@gray";s:22:"dropdownLinkColorHover";s:4:"#fff";s:27:"dropdownLinkBackgroundHover";s:10:"@puzzColor";s:15:"dropdownDivider";s:19:"lighten(@gray, 20%)";s:12:"navbarHeight";s:4:"51px";s:16:"navbarBackground";s:16:"darken(@red, 5%)";s:25:"navbarBackgroundHighlight";s:17:"darken(@red, 15%)";s:10:"navbarText";s:6:"@white";s:15:"navbarLinkColor";s:6:"@white";s:20:"navbarLinkColorHover";s:4:"#fff";s:12:"navtxtshadow";s:24:"0 -1px 0 rgba(0,0,0,.25)";s:22:"navbarSearchBackground";s:31:"lighten(@navbarBackground, 25%)";}s:5:"white";a:39:{s:10:"themecolor";s:7:"#f5f5f5";s:11:"bordercolor";s:4:"#DDD";s:9:"smallFont";s:4:"13px";s:10:"mediumFont";s:4:"14px";s:9:"largeFont";s:4:"15px";s:4:"gray";s:4:"#999";s:4:"blue";s:7:"#049cdb";s:5:"green";s:7:"#46a546";s:3:"red";s:7:"#9d261d";s:6:"yellow";s:7:"#ffc40d";s:6:"orange";s:7:"#f89406";s:4:"pink";s:7:"#c3325f";s:6:"purple";s:7:"#7a43b6";s:9:"puzzColor";s:7:"#EA4C89";s:14:"bodyBackground";s:4:"#fff";s:9:"textColor";s:9:"@grayDark";s:9:"linkColor";s:7:"#EA4C89";s:15:"contentBackPath";s:24:"@{imagePath}/bgnoise.gif";s:17:"contentBackGround";s:45:"#F0F0F0 url(@{contentBackPath}) repeat -70% 0";s:22:"contentInnerBackGround";s:4:"none";s:14:"boldFontFamily";s:17:"''Microsoft YaHei''";s:14:"baseFontFamily";s:71:"tahoma,''Helvetica Neue'', Arial, ''Liberation Sans'', FreeSans, sans-serif";s:14:"baseLineHeight";s:4:"18px";s:15:"inputBackground";s:4:"#fff";s:11:"inputBorder";s:4:"#ccc";s:18:"dropdownBackground";s:4:"#fff";s:14:"dropdownBorder";s:14:"rgba(0,0,0,.2)";s:17:"dropdownLinkColor";s:5:"@gray";s:22:"dropdownLinkColorHover";s:4:"#fff";s:27:"dropdownLinkBackgroundHover";s:10:"@puzzColor";s:15:"dropdownDivider";s:19:"lighten(@gray, 20%)";s:12:"navbarHeight";s:4:"51px";s:16:"navbarBackground";s:6:"@white";s:25:"navbarBackgroundHighlight";s:6:"@white";s:10:"navbarText";s:9:"@grayDark";s:15:"navbarLinkColor";s:9:"@grayDark";s:20:"navbarLinkColorHover";s:10:"@puzzColor";s:12:"navtxtshadow";s:4:"none";s:22:"navbarSearchBackground";s:31:"lighten(@navbarBackground, 25%)";}s:4:"blue";a:39:{s:10:"themecolor";s:7:"#0899d9";s:11:"bordercolor";s:4:"#DDD";s:9:"smallFont";s:4:"13px";s:10:"mediumFont";s:4:"14px";s:9:"largeFont";s:4:"15px";s:4:"gray";s:4:"#999";s:4:"blue";s:7:"#0899d9";s:5:"green";s:7:"#46a546";s:3:"red";s:7:"#9d261d";s:6:"yellow";s:7:"#ffc40d";s:6:"orange";s:7:"#f89406";s:4:"pink";s:7:"#c3325f";s:6:"purple";s:7:"#7a43b6";s:9:"puzzColor";s:7:"#0899d9";s:14:"bodyBackground";s:4:"#fff";s:9:"textColor";s:5:"@gray";s:9:"linkColor";s:18:"darken(@blue, 10%)";s:15:"contentBackPath";s:24:"@{imagePath}/bgnoise.gif";s:17:"contentBackGround";s:45:"#F0F0F0 url(@{contentBackPath}) repeat -70% 0";s:22:"contentInnerBackGround";s:46:"url(@{imagePath}/big-fade.png) repeat-x -70% 0";s:14:"boldFontFamily";s:17:"''Microsoft YaHei''";s:14:"baseFontFamily";s:71:"tahoma,''Helvetica Neue'', Arial, ''Liberation Sans'', FreeSans, sans-serif";s:14:"baseLineHeight";s:4:"18px";s:15:"inputBackground";s:4:"#fff";s:11:"inputBorder";s:4:"#ccc";s:18:"dropdownBackground";s:6:"@white";s:14:"dropdownBorder";s:14:"rgba(0,0,0,.2)";s:17:"dropdownLinkColor";s:19:"lighten(@gray, 10%)";s:22:"dropdownLinkColorHover";s:4:"#fff";s:27:"dropdownLinkBackgroundHover";s:10:"@puzzColor";s:15:"dropdownDivider";s:19:"lighten(@gray, 20%)";s:12:"navbarHeight";s:4:"51px";s:16:"navbarBackground";s:18:"darken(@blue, 10%)";s:25:"navbarBackgroundHighlight";s:18:"darken(@blue, 15%)";s:10:"navbarText";s:19:"lighten(@blue, 50%)";s:15:"navbarLinkColor";s:19:"lighten(@blue, 50%)";s:20:"navbarLinkColorHover";s:4:"#fff";s:12:"navtxtshadow";s:24:"0 -1px 0 rgba(0,0,0,.25)";s:22:"navbarSearchBackground";s:31:"lighten(@navbarBackground, 25%)";}s:6:"orange";a:39:{s:10:"themecolor";s:7:"#f89406";s:11:"bordercolor";s:4:"#DDD";s:9:"smallFont";s:4:"13px";s:10:"mediumFont";s:4:"14px";s:9:"largeFont";s:4:"15px";s:4:"gray";s:4:"#999";s:4:"blue";s:7:"#049cdb";s:5:"green";s:7:"#46a546";s:3:"red";s:7:"#9d261d";s:6:"yellow";s:7:"#ffc40d";s:6:"orange";s:7:"#f89406";s:4:"pink";s:7:"#c3325f";s:6:"purple";s:7:"#7a43b6";s:9:"puzzColor";s:7:"#f89406";s:14:"bodyBackground";s:4:"#fff";s:9:"textColor";s:9:"@grayDark";s:9:"linkColor";s:7:"#f89406";s:15:"contentBackPath";s:24:"@{imagePath}/bgnoise.gif";s:17:"contentBackGround";s:45:"#F0F0F0 url(@{contentBackPath}) repeat -70% 0";s:22:"contentInnerBackGround";s:46:"url(@{imagePath}/big-fade.png) repeat-x -70% 0";s:14:"boldFontFamily";s:17:"''Microsoft YaHei''";s:14:"baseFontFamily";s:71:"tahoma,''Helvetica Neue'', Arial, ''Liberation Sans'', FreeSans, sans-serif";s:14:"baseLineHeight";s:4:"18px";s:15:"inputBackground";s:4:"#fff";s:11:"inputBorder";s:4:"#ccc";s:18:"dropdownBackground";s:6:"@white";s:14:"dropdownBorder";s:14:"rgba(0,0,0,.1)";s:17:"dropdownLinkColor";s:5:"@gray";s:22:"dropdownLinkColorHover";s:4:"#fff";s:27:"dropdownLinkBackgroundHover";s:10:"@puzzColor";s:15:"dropdownDivider";s:19:"lighten(@gray, 25%)";s:12:"navbarHeight";s:4:"51px";s:16:"navbarBackground";s:23:"darken(@puzzColor, 10%)";s:25:"navbarBackgroundHighlight";s:23:"darken(@puzzColor, 15%)";s:10:"navbarText";s:24:"lighten(@puzzColor, 50%)";s:15:"navbarLinkColor";s:24:"lighten(@puzzColor, 60%)";s:20:"navbarLinkColorHover";s:4:"#fff";s:12:"navtxtshadow";s:24:"0 -1px 0 rgba(0,0,0,.25)";s:22:"navbarSearchBackground";s:31:"lighten(@navbarBackground, 15%)";}s:4:"gray";a:39:{s:10:"themecolor";s:4:"#666";s:11:"bordercolor";s:4:"#DDD";s:9:"smallFont";s:4:"13px";s:10:"mediumFont";s:4:"14px";s:9:"largeFont";s:4:"15px";s:4:"gray";s:4:"#999";s:4:"blue";s:7:"#049cdb";s:5:"green";s:7:"#46a546";s:3:"red";s:7:"#9d261d";s:6:"yellow";s:7:"#ffc40d";s:6:"orange";s:7:"#f89406";s:4:"pink";s:7:"#c3325f";s:6:"purple";s:7:"#7a43b6";s:9:"puzzColor";s:4:"#999";s:14:"bodyBackground";s:4:"#fff";s:9:"textColor";s:9:"@grayDark";s:9:"linkColor";s:10:"@puzzColor";s:15:"contentBackPath";s:24:"@{imagePath}/bgnoise.gif";s:17:"contentBackGround";s:45:"#F0F0F0 url(@{contentBackPath}) repeat -70% 0";s:22:"contentInnerBackGround";s:46:"url(@{imagePath}/big-fade.png) repeat-x -70% 0";s:14:"boldFontFamily";s:17:"''Microsoft YaHei''";s:14:"baseFontFamily";s:71:"tahoma,''Helvetica Neue'', Arial, ''Liberation Sans'', FreeSans, sans-serif";s:14:"baseLineHeight";s:4:"18px";s:15:"inputBackground";s:4:"#fff";s:11:"inputBorder";s:4:"#ccc";s:18:"dropdownBackground";s:6:"@white";s:14:"dropdownBorder";s:14:"rgba(0,0,0,.2)";s:17:"dropdownLinkColor";s:5:"@gray";s:22:"dropdownLinkColorHover";s:4:"#fff";s:27:"dropdownLinkBackgroundHover";s:10:"@puzzColor";s:15:"dropdownDivider";s:19:"lighten(@gray, 25%)";s:12:"navbarHeight";s:4:"51px";s:16:"navbarBackground";s:23:"darken(@puzzColor, 15%)";s:25:"navbarBackgroundHighlight";s:23:"darken(@puzzColor, 20%)";s:10:"navbarText";s:24:"lighten(@puzzColor, 50%)";s:15:"navbarLinkColor";s:24:"lighten(@puzzColor, 60%)";s:20:"navbarLinkColorHover";s:4:"#fff";s:12:"navtxtshadow";s:24:"0 -1px 0 rgba(0,0,0,.25)";s:22:"navbarSearchBackground";s:31:"lighten(@navbarBackground, 15%)";}s:4:"pink";a:39:{s:10:"themecolor";s:7:"#ff72a0";s:11:"bordercolor";s:4:"#DDD";s:9:"smallFont";s:4:"13px";s:10:"mediumFont";s:4:"14px";s:9:"largeFont";s:4:"15px";s:4:"gray";s:4:"#999";s:4:"blue";s:7:"#049cdb";s:5:"green";s:7:"#46a546";s:3:"red";s:7:"#9d261d";s:6:"yellow";s:7:"#ffc40d";s:6:"orange";s:7:"#f89406";s:4:"pink";s:7:"#c3325f";s:6:"purple";s:7:"#7a43b6";s:9:"puzzColor";s:7:"#ff72a0";s:14:"bodyBackground";s:4:"#fff";s:9:"textColor";s:9:"@grayDark";s:9:"linkColor";s:10:"@puzzColor";s:15:"contentBackPath";s:24:"@{imagePath}/bgnoise.gif";s:17:"contentBackGround";s:45:"#F0F0F0 url(@{contentBackPath}) repeat -70% 0";s:22:"contentInnerBackGround";s:46:"url(@{imagePath}/big-fade.png) repeat-x -70% 0";s:14:"boldFontFamily";s:17:"''Microsoft YaHei''";s:14:"baseFontFamily";s:71:"tahoma,''Helvetica Neue'', Arial, ''Liberation Sans'', FreeSans, sans-serif";s:14:"baseLineHeight";s:4:"18px";s:15:"inputBackground";s:4:"#fff";s:11:"inputBorder";s:4:"#ccc";s:18:"dropdownBackground";s:6:"@white";s:14:"dropdownBorder";s:14:"rgba(0,0,0,.2)";s:17:"dropdownLinkColor";s:5:"@gray";s:22:"dropdownLinkColorHover";s:4:"#fff";s:27:"dropdownLinkBackgroundHover";s:10:"@puzzColor";s:15:"dropdownDivider";s:19:"lighten(@gray, 25%)";s:12:"navbarHeight";s:4:"51px";s:16:"navbarBackground";s:23:"lighten(@puzzColor, 5%)";s:25:"navbarBackgroundHighlight";s:24:"lighten(@puzzColor, 10%)";s:10:"navbarText";s:24:"lighten(@puzzColor, 50%)";s:15:"navbarLinkColor";s:24:"lighten(@puzzColor, 60%)";s:20:"navbarLinkColorHover";s:4:"#fff";s:12:"navtxtshadow";s:4:"none";s:22:"navbarSearchBackground";s:31:"lighten(@navbarBackground, 15%)";}}s:12:"custom_theme";a:1:{s:7:"skyblue";a:39:{s:10:"themecolor";s:7:"#46bfc4";s:11:"bordercolor";s:4:"#DDD";s:9:"smallFont";s:4:"13px";s:10:"mediumFont";s:4:"14px";s:9:"largeFont";s:4:"15px";s:4:"gray";s:4:"#999";s:4:"blue";s:7:"#049cdb";s:5:"green";s:7:"#46a546";s:3:"red";s:7:"#9d261d";s:6:"yellow";s:7:"#ffc40d";s:6:"orange";s:7:"#f89406";s:4:"pink";s:7:"#c3325f";s:6:"purple";s:7:"#7a43b6";s:9:"puzzColor";s:7:"#46bfc4";s:14:"bodyBackground";s:4:"#fff";s:9:"textColor";s:9:"@grayDark";s:9:"linkColor";s:10:"@puzzColor";s:15:"contentBackPath";s:24:"@{imagePath}/bgnoise.gif";s:17:"contentBackGround";s:45:"#F0F0F0 url(@{contentBackPath}) repeat -70% 0";s:22:"contentInnerBackGround";s:46:"url(@{imagePath}/big-fade.png) repeat-x -70% 0";s:14:"boldFontFamily";s:23:"''Open Sans'', sans-serif";s:14:"baseFontFamily";s:23:"''Open Sans'', sans-serif";s:14:"baseLineHeight";s:4:"18px";s:15:"inputBackground";s:4:"#fff";s:11:"inputBorder";s:4:"#ccc";s:18:"dropdownBackground";s:6:"@white";s:14:"dropdownBorder";s:14:"rgba(0,0,0,.1)";s:17:"dropdownLinkColor";s:5:"@gray";s:22:"dropdownLinkColorHover";s:4:"#fff";s:27:"dropdownLinkBackgroundHover";s:10:"@puzzColor";s:15:"dropdownDivider";s:19:"lighten(@gray, 25%)";s:12:"navbarHeight";s:4:"51px";s:16:"navbarBackground";s:22:"darken(@puzzColor, 0%)";s:25:"navbarBackgroundHighlight";s:22:"darken(@puzzColor, 0%)";s:10:"navbarText";s:23:"lighten(@puzzColor, 0%)";s:15:"navbarLinkColor";s:24:"lighten(@puzzColor, 60%)";s:20:"navbarLinkColorHover";s:4:"#fff";s:12:"navtxtshadow";s:24:"0 -1px 0 rgba(0,0,0,.25)";s:22:"navbarSearchBackground";s:4:"#fff";}}}'),
(2, 'credit_name', 'a:4:{s:7:"credits";s:6:"Credits";s:13:"ext_credits_1";s:6:"Repute";s:13:"ext_credits_2";s:6:"Strength";s:13:"ext_credits_3";s:6:"Passion";}'),
(3, 'global_setting', 'a:5:{s:10:"siteclosed";b:0;s:7:"vendors";a:6:{s:6:"taobao";a:6:{s:5:"param";s:6:"Taobao";s:4:"open";b:0;s:6:"appkey";s:0:"";s:9:"appsecret";s:0:"";s:8:"callback";s:0:"";s:3:"pid";s:0:"";}s:4:"sina";a:6:{s:5:"param";s:4:"Sina";s:4:"open";b:0;s:6:"appkey";s:0:"";s:9:"appsecret";s:0:"";s:8:"callback";s:0:"";s:3:"pid";s:0:"";}s:6:"renren";a:6:{s:5:"param";s:6:"Renren";s:4:"open";b:0;s:6:"appkey";s:0:"";s:9:"appsecret";s:0:"";s:8:"callback";s:0:"";s:3:"pid";s:0:"";}s:2:"qq";a:6:{s:5:"param";s:2:"QQ";s:4:"open";b:0;s:6:"appkey";s:0:"";s:9:"appsecret";s:0:"";s:8:"callback";s:0:"";s:3:"pid";s:0:"";}s:8:"facebook";a:6:{s:5:"param";s:8:"Facebook";s:4:"open";b:0;s:6:"appkey";s:0:"";s:9:"appsecret";s:0:"";s:8:"callback";s:0:"";s:3:"pid";s:0:"";}s:7:"twitter";a:6:{s:5:"param";s:7:"Twitter";s:4:"open";b:0;s:6:"appkey";s:0:"";s:9:"appsecret";s:0:"";s:8:"callback";s:0:"";s:3:"pid";s:0:"";}}s:13:"vcode_setting";a:2:{s:5:"login";b:1;s:8:"register";b:1;}s:5:"style";s:7:"puzzing";s:5:"color";s:7:"default";}'),
(4, 'upload', 'a:13:{s:17:"allow_upload_size";s:7:"2048000";s:17:"allow_upload_type";s:15:"jpg|gif|png|zip";s:19:"upload_image_size_w";s:4:"4028";s:19:"upload_image_size_h";s:4:"4028";s:18:"fetch_image_size_w";s:2:"50";s:18:"fetch_image_size_h";s:2:"50";s:13:"allow_max_num";s:2:"10";s:21:"allow_upload_type_swf";s:24:"*.jpg;*.gif;*.png;*.zip;";s:26:"allow_upload_type_swf_desc";s:44:"JPG Files; GIF Files; PNG Files; ZIP Files; ";s:8:"wftwidth";s:3:"220";s:10:"largewidth";s:3:"600";s:11:"squarewidth";s:3:"200";s:13:"delete_source";s:1:"0";}'),
(5, 'vcode_setting', 'a:2:{s:8:"register";s:1:"1";s:5:"login";s:1:"1";}'),
(6, 'share', 'a:12:{s:6:"verify";s:1:"0";s:6:"tagnum";s:1:"1";s:15:"domainwhitelist";s:4:"test";s:13:"title_range_s";s:1:"1";s:13:"title_range_l";s:3:"500";s:15:"content_range_s";s:1:"1";s:15:"content_range_l";s:2:"50";s:15:"comment_range_s";s:1:"5";s:15:"comment_range_l";s:3:"100";s:13:"album_range_s";s:1:"1";s:13:"album_range_l";s:2:"50";s:7:"needtag";s:1:"1";}'),
(7, 'global', 'a:29:{s:9:"site_name";s:9:"yolove.it";s:11:"site_domain";s:16:"http://yolove.it";s:10:"site_beian";s:0:"";s:10:"siteclosed";s:1:"0";s:17:"site_analyze_code";s:0:"";s:5:"price";s:1:"1";s:9:"priceunit";s:1:"$";s:13:"priceunitname";s:6:"dollar";s:15:"uidefault_login";s:1:"0";s:7:"counter";a:1:{i:0;s:5:"click";}s:10:"store_open";s:1:"1";s:9:"star_open";s:1:"0";s:13:"existedstyles";a:5:{s:12:"custom_theme";a:2:{s:7:"skyblue";i:1;s:7:"default";i:1;}s:27:"custom_theme_27_05_2014.zip";a:1:{s:7:"default";i:1;}s:10:"header.htm";a:1:{s:7:"default";i:1;}s:7:"puzzing";a:7:{s:3:"red";i:1;s:5:"white";i:1;s:4:"blue";i:1;s:6:"orange";i:1;s:4:"gray";i:1;s:4:"pink";i:1;s:7:"default";i:1;}s:8:"tags.htm";a:1:{s:7:"default";i:1;}}s:5:"style";s:12:"custom_theme";s:5:"color";s:7:"skyblue";s:6:"colors";a:2:{s:7:"default";a:2:{s:4:"name";s:7:"default";s:10:"themecolor";s:4:"#000";}s:7:"skyblue";a:2:{s:4:"name";s:7:"skyblue";s:10:"themecolor";s:7:"#46bfc4";}}s:13:"show_coloridx";s:1:"1";s:16:"show_price_range";s:1:"1";s:19:"price_range_1_label";s:5:"  $  ";s:15:"price_range_1_s";s:1:"0";s:15:"price_range_1_l";s:2:"49";s:19:"price_range_2_label";s:4:" $$ ";s:15:"price_range_2_s";s:2:"50";s:15:"price_range_2_l";s:2:"99";s:19:"price_range_3_label";s:3:"$$$";s:15:"price_range_3_s";s:3:"100";s:15:"price_range_3_l";s:4:"2000";s:10:"site_email";s:17:"we-care@yolove.it";s:11:"site_banner";s:37:"uploads/attachments/banner/banner.png";}'),
(8, 'layoutpin', 'a:12:{s:16:"uipin_numperpage";s:2:"20";s:16:"uipin_numcomment";s:1:"0";s:17:"uipin_columnwidth";s:3:"235";s:14:"uipin_animated";s:1:"1";s:9:"uipin_ads";s:1:"0";s:17:"uipin_showforward";s:1:"1";s:10:"uipin_auto";s:1:"1";s:11:"uipin_multi";s:1:"0";s:17:"uipin_showarticle";s:1:"0";s:12:"uipin_layout";s:10:"ls_article";s:14:"uipin_timesort";s:11:"create_time";s:20:"uipin_numbershowpage";s:1:"0";}'),
(9, 'layouthome', 'a:9:{s:25:"uihome_hotshare_cachetime";s:1:"7";s:12:"uihome_album";s:1:"0";s:11:"uihome_user";s:1:"1";s:10:"uihome_ads";s:1:"0";s:17:"uihome_albumorder";s:6:"shares";s:15:"uihome_category";s:1:"1";s:16:"uihome_album_num";s:1:"4";s:21:"uihome_album_sharenum";s:1:"1";s:15:"uihome_user_num";s:1:"4";}'),
(10, 'layoutalbum', 'a:6:{s:18:"uialbum_numperpage";s:2:"20";s:14:"uialbum_minnum";s:1:"1";s:14:"uialbum_layout";s:1:"4";s:16:"uialbum_animated";s:1:"1";s:12:"uialbum_auto";s:1:"1";s:22:"uialbum_numbershowpage";s:1:"0";}'),
(11, 'layoutdetail', 'a:7:{s:14:"uidetail_album";s:1:"1";s:17:"uidetail_samefrom";s:1:"1";s:19:"uidetail_recentview";s:1:"1";s:14:"uidetail_guess";s:1:"1";s:15:"uidetail_layout";s:4:"mini";s:12:"uidetail_ads";s:1:"0";s:24:"uidetail_comment_pagenum";s:1:"5";}'),
(14, 'register', 'a:2:{s:11:"verify_type";s:2:"no";s:9:"emailopen";s:1:"1";}'),
(12, 'colorindex', 'a:7:{s:3:"red";s:7:"#872119";s:6:"purple";s:7:"#d366a0";s:6:"yellow";s:7:"#dc9e46";s:4:"blue";s:7:"#28779c";s:5:"green";s:7:"#4d9315";s:5:"black";s:7:"#000000";s:4:"gray";s:7:"#cccccc";}'),
(13, 'vcode', 'a:2:{s:8:"register";s:1:"1";s:5:"login";s:1:"0";}'),
(15, 'credit', 'a:5:{s:14:"credit_formula";s:92:"total_followers + total_shares + total_likes + ext_credits_1 + ext_credits_2 + ext_credits_3";s:13:"ext_credits_1";s:14:"Fashion Repute";s:13:"ext_credits_2";s:16:"Fashion Strength";s:13:"ext_credits_3";s:15:"Fashion Passion";s:18:"credit_formula_exe";s:98:"$total_followers + $total_shares + $total_likes + $ext_credits_1 + $ext_credits_2 + $ext_credits_3";}'),
(16, 'email', 'a:7:{s:8:"protocol";s:4:"smtp";s:4:"from";s:14:"info@yoLove.it";s:6:"sender";s:17:"yoLove.it Fashion";s:9:"smtp_host";s:1:"4";s:9:"smtp_user";s:0:"";s:9:"smtp_pass";s:0:"";s:9:"smtp_port";s:2:"25";}'),
(17, 'sharebutton', 'a:4:{s:7:"twitter";a:6:{s:4:"name";s:7:"Twitter";s:4:"link";s:100:"https://twitter.com/intent/tweet?original_referer={url}&source=tweetbutton&text={sitename}&url={url}";s:12:"displayorder";b:0;s:5:"width";s:3:"505";s:6:"height";s:3:"634";s:4:"open";s:1:"1";}s:8:"facebook";a:6:{s:4:"name";s:8:"Facebook";s:4:"link";s:121:"http://www.facebook.com/sharer/sharer.php?s=100&p[url]={url}&p[images][0]={imgurl}&p[title]={sitename}&p[summary]={title}";s:12:"displayorder";b:0;s:5:"width";s:3:"550";s:6:"height";s:3:"750";s:4:"open";s:1:"1";}s:9:"pinterest";a:6:{s:4:"name";s:9:"Pinterest";s:4:"link";s:68:"http://www.pinterest.com/pin/create/button/?url={url}&media={imgurl}";s:12:"displayorder";b:0;s:5:"width";s:3:"550";s:6:"height";s:3:"750";s:4:"open";s:1:"1";}s:6:"google";a:6:{s:4:"name";s:8:"Google +";s:4:"link";s:39:"https://plus.google.com/share?url={url}";s:12:"displayorder";b:0;s:5:"width";s:3:"550";s:6:"height";s:3:"750";s:4:"open";s:1:"1";}}'),
(18, 'message', 'a:2:{s:19:"site_closed_heading";s:16:"Site maintenance";s:19:"site_closed_content";s:48:"Sorry, Site maintenance, Please come back later.";}'),
(19, 'pzglobal', 'a:13:{s:17:"cachetime_default";s:3:"500";s:19:"cachetime_homealbum";s:3:"500";s:18:"cachetime_homeuser";s:3:"500";s:21:"cachetime_footercount";s:3:"500";s:16:"pathinfo_support";s:1:"1";s:12:"rewrite_open";s:1:"0";s:9:"gzip_open";s:1:"1";s:11:"url_rewrite";s:1:"1";s:15:"compress_output";s:1:"1";s:8:"language";s:2:"en";s:14:"default_module";s:9:"pin/index";s:10:"timeoffset";s:2:"-8";s:11:"date_format";s:5:"Y-m-d";}'),
(20, 'optimizer', 'a:5:{s:17:"cachetime_default";s:3:"500";s:19:"cachetime_homealbum";s:3:"500";s:18:"cachetime_homeuser";s:3:"500";s:21:"cachetime_footercount";s:3:"500";s:11:"like_search";s:1:"1";}'),
(21, 'homeslide', 'a:2:{i:0;a:6:{s:3:"key";i:1408455954;s:9:"image_url";s:63:"data/attachments/homeslide/5d0e0c3dc286e1142ef863cdfaf89bf0.jpg";s:8:"link_url";s:28:"http://yolove.it/sg/trending";s:5:"order";b:0;s:5:"title";s:9:"Singapore";s:4:"desc";b:0;}i:1;a:6:{s:3:"key";i:1408461579;s:9:"image_url";s:63:"data/attachments/homeslide/4ad84bedb6672c0b68c75eefb8f47377.jpg";s:8:"link_url";s:35:"http://yolove.it/category/outerwear";s:5:"order";b:0;s:5:"title";b:0;s:4:"desc";b:0;}}'),
(22, 'ads', 'a:2:{s:10:"pinpage_ad";a:1:{i:0;a:6:{s:3:"key";i:1400086652;s:7:"ad_name";s:4:"Page";s:5:"width";s:3:"200";s:6:"height";s:3:"200";s:8:"position";s:10:"pinpage_ad";s:9:"ad_source";s:341:"<script async src="//pagead2.googlesyndication.com/pagead/js/adsbygoogle.js"></script>\n<!-- Pinkals -->\n<ins class="adsbygoogle"\n     style="display:inline-block;width:200px;height:200px"\n     data-ad-client="ca-pub-3691668397282190"\n     data-ad-slot="4822774483"></ins>\n<script>\n(adsbygoogle = window.adsbygoogle || []).push({});\n</script>";}}s:13:"detailpage_ad";a:1:{i:0;a:6:{s:3:"key";i:1400086641;s:7:"ad_name";s:21:"Detail Page - Sidebar";s:5:"width";s:3:"200";s:6:"height";s:3:"200";s:8:"position";s:13:"detailpage_ad";s:9:"ad_source";s:341:"<script async src="//pagead2.googlesyndication.com/pagead/js/adsbygoogle.js"></script>\n<!-- Pinkals -->\n<ins class="adsbygoogle"\n     style="display:inline-block;width:200px;height:200px"\n     data-ad-client="ca-pub-3691668397282190"\n     data-ad-slot="4822774483"></ins>\n<script>\n(adsbygoogle = window.adsbygoogle || []).push({});\n</script>";}}}'),
(38, 'modules', 'a:3:{s:3:"mmg";a:3:{s:4:"name";s:3:"mmg";s:7:"version";s:5:"0.0.1";s:5:"title";s:13:"Module Manage";}s:11:"cloudattach";a:4:{s:4:"name";s:11:"cloudattach";s:7:"version";s:5:"0.0.1";s:7:"console";b:1;s:5:"title";s:9:"Cloud CDN";}s:6:"mobile";a:4:{s:4:"name";s:6:"mobile";s:7:"version";s:5:"0.0.1";s:7:"console";b:1;s:5:"title";s:16:"Mobile interface";}}'),
(24, 'usertheme', 'a:8:{s:5:"cloud";a:3:{s:4:"name";s:5:"cloud";s:3:"css";s:29:"assets/themes/cloud/style.css";s:5:"thumb";s:28:"assets/themes/cloud/skin.png";}s:8:"greenway";a:3:{s:4:"name";s:8:"greenway";s:3:"css";s:32:"assets/themes/greenway/style.css";s:5:"thumb";s:31:"assets/themes/greenway/skin.png";}s:12:"happyforever";a:3:{s:4:"name";s:12:"happyforever";s:3:"css";s:36:"assets/themes/happyforever/style.css";s:5:"thumb";s:35:"assets/themes/happyforever/skin.png";}s:6:"icesea";a:3:{s:4:"name";s:6:"icesea";s:3:"css";s:30:"assets/themes/icesea/style.css";s:5:"thumb";s:29:"assets/themes/icesea/skin.png";}s:4:"lark";a:3:{s:4:"name";s:4:"lark";s:3:"css";s:28:"assets/themes/lark/style.css";s:5:"thumb";s:27:"assets/themes/lark/skin.png";}s:10:"outerspace";a:3:{s:4:"name";s:10:"outerspace";s:3:"css";s:34:"assets/themes/outerspace/style.css";s:5:"thumb";s:33:"assets/themes/outerspace/skin.png";}s:9:"rainnight";a:3:{s:4:"name";s:9:"rainnight";s:3:"css";s:33:"assets/themes/rainnight/style.css";s:5:"thumb";s:32:"assets/themes/rainnight/skin.png";}s:9:"starrysky";a:3:{s:4:"name";s:9:"starrysky";s:3:"css";s:33:"assets/themes/starrysky/style.css";s:5:"thumb";s:32:"assets/themes/starrysky/skin.png";}}'),
(25, 'seo-home', 'a:3:{s:9:"seo_title";s:66:"Yolove.it - Shop the latest fashion. Your style has our attention.";s:11:"seo_keyword";s:58:"Online fashion store,Online Boutique,Fashion trend,Fashion";s:15:"seo_description";s:90:"Better Shopping Experience for all girls. yoLove.it make your shopping easier and happier.";}'),
(26, 'seo-category', 'a:3:{s:9:"seo_title";s:36:"Yolove.it - Shop your clothes online";s:11:"seo_keyword";s:58:"Online fashion store,Online Boutique,Fashion trend,Fashion";s:15:"seo_description";s:71:"Yolove.it is an online fashion network tailored to your shopping style.";}'),
(27, 'seo-store', 'a:3:{s:9:"seo_title";s:44:"Yolove.it - Fashion Stores - Shopping Online";s:11:"seo_keyword";s:58:"Online fashion store,Online Boutique,Fashion trend,Fashion";s:15:"seo_description";s:50:"Browse the fashion stores for your online shopping";}'),
(28, 'socialapi', 'a:3:{s:0:"";a:7:{s:3:"key";s:7:"twitter";s:4:"name";s:7:"twitter";s:6:"appkey";s:22:"fg4e2XjPOAV4BpVfZktUgA";s:9:"appsecret";s:33:"987f58198ccf1d8a38dfaf6b8adba484y";s:8:"callback";s:55:"http://localhost/pinkals/social/callback/vendor/twitter";s:7:"unionid";s:0:"";s:4:"open";s:1:"1";}s:8:"facebook";a:7:{s:3:"key";s:8:"facebook";s:4:"name";s:8:"Facebook";s:6:"appkey";s:15:"666655163422910";s:9:"appsecret";s:32:"db44b22b6a49ca105f63c02693fdfb46";s:8:"callback";s:56:"http://localhost/pinkals/social/callback/vendor/facebook";s:7:"unionid";s:0:"";s:4:"open";s:1:"1";}s:7:"twitter";a:7:{s:3:"key";s:7:"twitter";s:4:"name";s:7:"Twitter";s:6:"appkey";s:22:"fg4e2XjPOAV4BpVfZktUgA";s:9:"appsecret";s:43:"WhCTabQiqQXMTeVY8zhBDpkdX8kBbqLhNPvMTHgMcSI";s:8:"callback";s:55:"http://localhost/pinkals/social/callback/vendor/twitter";s:7:"unionid";s:0:"";s:4:"open";s:1:"1";}}'),
(29, 'taobaorule', 'a:14:{s:11:"start_price";i:1;s:9:"end_price";i:99999;s:9:"auto_send";s:3:"NAN";s:4:"area";s:3:"NAN";s:12:"start_credit";s:6:"1heart";s:10:"end_credit";s:6:"1heart";s:4:"sort";s:10:"price_desc";s:9:"guarantee";s:3:"NAN";s:20:"start_commissionRate";s:3:"NAN";s:18:"end_commissionRate";s:3:"NAN";s:19:"start_commissionNum";s:3:"NAN";s:17:"end_commissionNum";s:3:"NAN";s:14:"start_totalnum";s:3:"NAN";s:12:"end_totalnum";s:3:"NAN";}'),
(30, 'seo-star', 'a:3:{s:9:"seo_title";s:34:"Yolove.it - Online Fashion Network";s:11:"seo_keyword";s:58:"Online fashion store,Online Boutique,Fashion trend,Fashion";s:15:"seo_description";s:71:"Yolove.it is an online fashion network tailored to your shopping style.";}'),
(31, 'seo-album', 'a:3:{s:9:"seo_title";s:54:"Yolove.it - The fashion collection that you can''t miss";s:11:"seo_keyword";s:58:"Online fashion store,Online Boutique,Fashion trend,Fashion";s:15:"seo_description";s:83:"Yolove.it - Save and organise all your favourite fashion items in the way you like.";}'),
(32, 'seo-group', 'a:3:{s:9:"seo_title";s:22:"Online Fashion Network";s:11:"seo_keyword";s:58:"Online fashion store,Online Boutique,Fashion trend,Fashion";s:15:"seo_description";s:71:"Yolove.it is an online fashion network tailored to your shopping style.";}'),
(33, 'seo-topic', 'a:3:{s:9:"seo_title";s:22:"Online Fashion Network";s:11:"seo_keyword";s:58:"Online fashion store,Online Boutique,Fashion trend,Fashion";s:15:"seo_description";s:71:"Yolove.it is an online fashion network tailored to your shopping style.";}'),
(36, 'dzucenter', 'a:9:{s:7:"UC_OPEN";s:1:"0";s:6:"UC_API";s:4:"test";s:9:"UC_DBHOST";s:3:"sdf";s:9:"UC_DBNAME";s:3:"sdf";s:13:"UC_DBTABLEPRE";s:4:"fggf";s:9:"UC_DBUSER";s:5:"gfgfg";s:7:"UC_DBPW";s:8:"sdsgdsfg";s:8:"UC_APPID";s:5:"34534";s:6:"UC_KEY";s:15:"dfgdfsghdhghfgh";}'),
(37, 'dzforum', 'a:6:{s:4:"open";s:1:"0";s:8:"hostname";s:3:"sss";s:8:"username";s:4:"aaaa";s:8:"password";s:5:"fffff";s:8:"database";s:4:"dddd";s:8:"dbprefix";s:6:"sdfsdf";}'),
(39, 'mobile', 'a:5:{s:11:"thumb_width";s:4:"1024";s:12:"thumb_height";s:3:"768";s:7:"quality";s:3:"0.7";s:11:"showarticle";s:1:"0";s:10:"postverify";s:1:"0";}'),
(40, 'registeredEvents', 'a:5:{s:14:"afterpostshare";a:1:{i:0;s:11:"cloudattach";}s:12:"deleteAttach";a:1:{i:0;s:11:"cloudattach";}s:14:"aftereditshare";a:1:{i:0;s:11:"cloudattach";}s:14:"cropimagestart";a:1:{i:0;s:11:"cloudattach";}s:12:"cropimageend";a:1:{i:0;s:11:"cloudattach";}}'),
(41, 'cloudattach', 'b:0;');

-- --------------------------------------------------------

--
-- Table structure for table `share`
--

CREATE TABLE IF NOT EXISTS `share` (
  `id` int(11) NOT NULL AUTO_INCREMENT,
  `item_id` int(11) NOT NULL,
  `poster_id` int(11) NOT NULL,
  `poster_nickname` varchar(80) DEFAULT NULL,
  `original_id` int(11) DEFAULT NULL,
  `user_id` int(11) NOT NULL,
  `user_nickname` varchar(80) DEFAULT NULL,
  `total_comment` int(11) DEFAULT '0',
  `total_click` int(11) DEFAULT '0',
  `total_like` int(11) DEFAULT '0',
  `total_forwarding` int(11) DEFAULT '0',
  `create_time` int(10) NOT NULL,
  `comments` text,
  `category_id` int(11) NOT NULL,
  `album_id` int(11) DEFAULT '0',
  `channel` varchar(40) DEFAULT NULL,
  `store_id` int(11) DEFAULT '0',
  `ismixup` tinyint(1) NOT NULL DEFAULT '0',
  `isnew` tinyint(1) NOT NULL DEFAULT '0',
  `dtype` tinyint(4) DEFAULT '0',
  `lastcomment_time` int(10) DEFAULT '0',
  PRIMARY KEY (`id`),
  KEY `idx_item` (`item_id`),
  KEY `idx_poster_id` (`poster_id`),
  KEY `idx_original_id` (`original_id`),
  KEY `idx_user_id` (`user_id`),
  KEY `idx_create_time` (`create_time`),
  KEY `idx_total_comment` (`total_comment`),
  KEY `idx_total_like` (`total_like`),
  KEY `idx_dtype` (`dtype`),
  KEY `idx_total_forward` (`total_forwarding`),
  KEY `idx_category_id` (`category_id`),
  KEY `idx_album_id` (`album_id`)
) ENGINE=MyISAM  DEFAULT CHARSET=utf8 AUTO_INCREMENT=65 ;

--
-- Dumping data for table `share`
--

INSERT INTO `share` (`id`, `item_id`, `poster_id`, `poster_nickname`, `original_id`, `user_id`, `user_nickname`, `total_comment`, `total_click`, `total_like`, `total_forwarding`, `create_time`, `comments`, `category_id`, `album_id`, `channel`, `store_id`, `ismixup`, `isnew`, `dtype`, `lastcomment_time`) VALUES
(29, 29, 351, 'Ck.Cheng', NULL, 351, 'Ck.Cheng', 0, 0, 0, 0, 1436432125, NULL, 5, 13, NULL, 6, 0, 0, 0, 0),
(28, 28, 351, 'Ck.Cheng', NULL, 351, 'Ck.Cheng', 0, 0, 0, 0, 1436431877, NULL, 17, 5, NULL, 6, 0, 0, 0, 0),
(27, 27, 10, 'Veronica', NULL, 10, 'Veronica', 0, 0, 1, 0, 1436351618, NULL, 17, 10, NULL, 4, 0, 0, 0, 0),
(26, 26, 10, 'Veronica', NULL, 10, 'Veronica', 0, 0, 1, 0, 1436351534, NULL, 5, 12, NULL, 5, 0, 0, 0, 0),
(24, 24, 10, 'Veronica', NULL, 10, 'Veronica', 0, 0, 0, 0, 1436351010, NULL, 5, 11, NULL, 5, 0, 0, 0, 0),
(25, 25, 10, 'Veronica', NULL, 10, 'Veronica', 0, 0, 1, 0, 1436351327, NULL, 17, 10, NULL, 6, 0, 0, 0, 0),
(22, 22, 10, 'Veronica', NULL, 10, 'Veronica', 0, 0, 0, 0, 1436350177, NULL, 17, 10, NULL, 6, 0, 0, 0, 0),
(21, 21, 10, 'Veronica', NULL, 10, 'Veronica', 0, 0, 0, 0, 1436349799, NULL, 15, 7, NULL, 5, 0, 0, 0, 0),
(15, 15, 351, 'Ck.Cheng', NULL, 351, 'Ck.Cheng', 2, 0, 2, 0, 1436333041, NULL, 15, 3, NULL, 2, 1, 0, 0, 0),
(16, 16, 351, 'Ck.Cheng', NULL, 351, 'Ck.Cheng', 3, 0, 2, 0, 1436333286, NULL, 15, 4, NULL, 3, 0, 0, 0, 0),
(17, 17, 351, 'Ck.Cheng', NULL, 351, 'Ck.Cheng', 2, 0, 1, 0, 1436333360, NULL, 17, 4, NULL, 2, 0, 1, 0, 0),
(18, 18, 351, 'Ck.Cheng', NULL, 351, 'Ck.Cheng', 0, 0, 0, 0, 1436333518, NULL, 18, 6, NULL, 3, 0, 0, 0, 0),
(19, 19, 10, 'Veronica', NULL, 10, 'Veronica', 0, 0, 1, 0, 1436333978, NULL, 15, 7, NULL, 3, 0, 0, 0, 0),
(20, 20, 10, 'Veronica', NULL, 10, 'Veronica', 0, 0, 0, 0, 1436347844, NULL, 20, 8, NULL, 4, 0, 0, 0, 0),
(30, 30, 351, 'Ck.Cheng', NULL, 351, 'Ck.Cheng', 0, 0, 0, 0, 1436765994, NULL, 25, 14, NULL, 5, 0, 0, 0, 0),
(31, 31, 351, 'Ck.Cheng', NULL, 351, 'Ck.Cheng', 0, 0, 0, 0, 1436776209, NULL, 15, 4, NULL, 3, 0, 0, 0, 0),
(32, 32, 351, 'Ck.Cheng', NULL, 351, 'Ck.Cheng', 0, 0, 0, 0, 1436780922, NULL, 17, 5, NULL, 6, 0, 0, 0, 0),
(33, 33, 351, 'Ck.Cheng', NULL, 351, 'Ck.Cheng', 0, 0, 0, 0, 1436781023, NULL, 17, 5, NULL, 8, 0, 0, 0, 0),
(34, 34, 351, 'Ck.Cheng', NULL, 351, 'Ck.Cheng', 0, 0, 1, 0, 1436781949, NULL, 15, 4, NULL, 8, 0, 0, 0, 0),
(37, 37, 351, 'Ck.Cheng', NULL, 351, 'Ck.Cheng', 0, 0, 0, 0, 1436786515, NULL, 27, 17, NULL, 9, 0, 0, 0, 0),
(38, 38, 351, 'Ck.Cheng', NULL, 351, 'Ck.Cheng', 0, 0, 1, 0, 1436786567, NULL, 27, 17, NULL, 9, 0, 0, 0, 0),
(39, 39, 351, 'Ck.Cheng', NULL, 351, 'Ck.Cheng', 1, 0, 0, 0, 1436940453, NULL, 17, 5, NULL, 5, 0, 0, 0, 0),
(41, 41, 351, 'Ck.Cheng', NULL, 351, 'Ck.Cheng', 0, 0, 0, 0, 1437380442, NULL, 15, 4, NULL, 10, 0, 0, 0, 0),
(42, 42, 328, 'anniejone', NULL, 328, 'anniejone', 0, 0, 0, 0, 1437466935, NULL, 17, 20, NULL, 11, 0, 0, 0, 0),
(43, 43, 328, 'anniejone', NULL, 328, 'anniejone', 0, 0, 0, 0, 1437466994, NULL, 17, 20, NULL, 11, 0, 0, 0, 0),
(44, 44, 359, 'gada', NULL, 359, 'gada', 0, 0, 0, 0, 1437816964, NULL, 5, 23, NULL, 5, 0, 0, 0, 0),
(46, 46, 359, 'gada', NULL, 359, 'gada', 0, 0, 0, 0, 1437828265, NULL, 5, 23, NULL, 5, 0, 0, 0, 0),
(47, 47, 359, 'gada', NULL, 359, 'gada', 0, 0, 0, 0, 1437828931, NULL, 5, 23, NULL, 5, 0, 0, 0, 0),
(48, 48, 359, 'gada', NULL, 359, 'gada', 0, 0, 0, 0, 1437829356, NULL, 5, 23, NULL, 5, 0, 0, 0, 0),
(54, 54, 115, 'zahedul', NULL, 115, 'zahedul', 0, 0, 0, 0, 1437831783, NULL, 5, 6, NULL, 5, 0, 0, 0, 0),
(55, 55, 359, 'gada', NULL, 359, 'gada', 0, 0, 0, 0, 1437973522, NULL, 0, 0, NULL, 5, 0, 0, 0, 0),
(56, 56, 359, 'gada', NULL, 359, 'gada', 0, 0, 0, 0, 1437973963, NULL, 0, 0, NULL, 5, 0, 0, 0, 0),
(57, 57, 359, 'gada', NULL, 359, 'gada', 0, 0, 0, 0, 1437974289, NULL, 19, 23, NULL, 5, 0, 0, 0, 0),
(58, 58, 359, 'gada', NULL, 359, 'gada', 0, 0, 0, 0, 1437974530, NULL, 19, 23, NULL, 5, 0, 0, 0, 0),
(59, 59, 359, 'gada', NULL, 359, 'gada', 0, 0, 0, 0, 1437975594, NULL, 5, 23, NULL, 5, 0, 0, 0, 0),
(60, 60, 359, 'gada', NULL, 359, 'gada', 0, 0, 0, 0, 1437980661, NULL, 18, 23, NULL, 12, 0, 0, 0, 0),
(61, 61, 115, 'zahedul', NULL, 115, 'zahedul', 0, 0, 0, 0, 1437997215, NULL, 5, 21, NULL, 9, 1, 0, 0, 0),
(62, 62, 115, 'zahedul', NULL, 115, 'zahedul', 0, 0, 0, 0, 1437998012, NULL, 5, 19, NULL, 13, 0, 0, 0, 0),
(63, 63, 115, 'zahedul', NULL, 115, 'zahedul', 0, 0, 0, 0, 1437998232, NULL, 5, 19, NULL, 5, 0, 0, 0, 0),
(64, 64, 115, 'zahedul', NULL, 115, 'zahedul', 1, 0, 1, 0, 1437998307, NULL, 5, 19, NULL, 14, 0, 0, 0, 0);

-- --------------------------------------------------------

--
-- Table structure for table `shipping_info`
--

CREATE TABLE IF NOT EXISTS `shipping_info` (
  `id` int(11) NOT NULL AUTO_INCREMENT,
  `unique_token_id` varchar(100) NOT NULL,
  `product_cost` float NOT NULL,
  `user_id` int(11) NOT NULL,
  `payment_type` varchar(100) NOT NULL,
  `status` varchar(100) NOT NULL,
  `return_from_paypal` text NOT NULL,
  `shipping_cost` float NOT NULL,
  `total_cost` float NOT NULL,
  `shipping_address` text NOT NULL,
  `create_time` int(10) NOT NULL,
  `update_time` int(10) NOT NULL,
  PRIMARY KEY (`id`)
) ENGINE=InnoDB  DEFAULT CHARSET=latin1 AUTO_INCREMENT=15 ;

--
-- Dumping data for table `shipping_info`
--

INSERT INTO `shipping_info` (`id`, `unique_token_id`, `product_cost`, `user_id`, `payment_type`, `status`, `return_from_paypal`, `shipping_cost`, `total_cost`, `shipping_address`, `create_time`, `update_time`) VALUES
(1, '', 348, 10, '', 'paid', '', 0, 348, '{"email":"karchooncheng@gmail.com","name":"Veronica","cell_phone":"0123641088","street":"","address_floor":"118","city":"USA","state":"Texas","zip":"1110000"}', 1436348581, 0),
(2, '', 311.96, 115, '', 'unpaid', '', 0, 311.96, '{"email":"mahedi@gmail.com","name":"zahedul","cell_phone":"1111","alternate_phone":"1111","street":"11211","city":"Dhaka","state":"na","zip":"1212"}', 1437038698, 0),
(3, '', 623.92, 115, '', 'unpaid', '', 0, 623.92, '{"email":"mahedi@gmail.com","name":"zahedul","cell_phone":"1111","alternate_phone":"1111","street":"11211","city":"Dhaka","state":"na","zip":"1212"}', 1437038726, 0),
(4, '', 935.88, 115, '', 'unpaid', '', 0, 935.88, '{"email":"mahedi@gmail.com","name":"zahedul","cell_phone":"1111","alternate_phone":"1111","street":"11211","city":"Dhaka","state":"na","zip":"1212"}', 1437038731, 0),
(5, '', 1247.84, 115, '', 'unpaid', '', 0, 1247.84, '{"email":"mahedi@gmail.com","name":"zahedul","cell_phone":"1111","alternate_phone":"1111","street":"11211","city":"Dhaka","state":"na","zip":"1212"}', 1437038737, 0),
(6, '', 18.99, 115, '', 'unpaid', '', 0, 15.99, '{"email":"mahedi@gmail.com","name":"zahedul","cell_phone":"1111","alternate_phone":"1111","street":"11211","city":"Dhaka","state":"na","zip":"1212"}', 1437039403, 0),
(7, '', 37.98, 115, '', 'unpaid', '', 0, 34.98, '{"email":"mahedi@gmail.com","name":"zahedul","cell_phone":"1111","alternate_phone":"1111","street":"11211","city":"Dhaka","state":"na","zip":"1212"}', 1437039416, 0),
(8, '', 56.97, 115, '', 'unpaid', '', 0, 53.97, '{"email":"mahedi@gmail.com","name":"zahedul","cell_phone":"1111","alternate_phone":"1111","street":"11211","city":"Dhaka","state":"na","zip":"1212"}', 1437039857, 0),
(9, '', 8.07, 115, '', 'unpaid', '', 0, 8.07, '{"email":"mahedi@gmail.com","name":"zahedul","cell_phone":"1111","alternate_phone":"1111","street":"11211","city":"Dhaka","state":"na","zip":"1212"}', 1437040663, 0),
(10, '', 8.07, 115, '', 'unpaid', '', 0, 8.07, '{"email":"mahedi@gmail.com","name":"zahedul","cell_phone":"1111","alternate_phone":"1111","street":"11211","city":"Dhaka","state":"na","zip":"1212"}', 1437040705, 0),
(11, '', 8.07, 115, '', 'unpaid', '', 0, 8.07, '{"email":"mahedi@gmail.com","name":"zahedul","cell_phone":"1111","alternate_phone":"1111","street":"11211","city":"Dhaka","state":"na","zip":"1212"}', 1437040943, 0),
(12, '', 8.07, 115, '', 'unpaid', '', 0, 8.07, '{"email":"mahedi@gmail.com","name":"zahedul","cell_phone":"1111","alternate_phone":"1111","street":"11211","city":"Dhaka","state":"na","zip":"1212"}', 1437040976, 0),
(13, '55a781cd8b4a5', 8.07, 115, 'user_credit', 'paid', '', 0, 8.07, '{"email":"mahedi@gmail.com","name":"zahedul","cell_phone":"1111","alternate_phone":"1111","street":"11211","city":"Dhaka","state":"na","zip":"1212"}', 1437041093, 1437041101),
(14, '55a782b44dc78', 8.07, 115, 'user_credit', 'paid', '', 0, 8.07, '{"email":"mahedi@gmail.com","name":"zahedul","cell_phone":"1111","alternate_phone":"1111","street":"11211","city":"Dhaka","state":"na","zip":"1212"}', 1437041328, 1437041332);

-- --------------------------------------------------------

--
-- Table structure for table `shipping_product`
--

CREATE TABLE IF NOT EXISTS `shipping_product` (
  `id` int(11) NOT NULL AUTO_INCREMENT,
  `transaction_id` int(11) NOT NULL,
  `status` varchar(100) NOT NULL,
  `share_id` int(11) NOT NULL,
  `user_id` int(11) NOT NULL,
  `store_id` int(11) NOT NULL,
  `shipping_cost` float NOT NULL,
  `price` float NOT NULL,
  `quantity` int(11) NOT NULL,
  `size` varchar(10) NOT NULL,
  `color` varchar(50) NOT NULL,
  `create_time` int(10) NOT NULL,
  PRIMARY KEY (`id`)
) ENGINE=InnoDB  DEFAULT CHARSET=latin1 AUTO_INCREMENT=19 ;

--
-- Dumping data for table `shipping_product`
--

INSERT INTO `shipping_product` (`id`, `transaction_id`, `status`, `share_id`, `user_id`, `store_id`, `shipping_cost`, `price`, `quantity`, `size`, `color`, `create_time`) VALUES
(1, 1, '', 2, 10, 1, 0, 348, 1, 'M', '', 1436348581),
(2, 2, '', 34, 115, 8, 0, 18.99, 4, 'M', '', 1437038698),
(3, 2, '', 19, 115, 3, 0, 59, 4, 'S', '', 1437038698),
(4, 3, '', 34, 115, 8, 0, 18.99, 4, 'M', '', 1437038726),
(5, 3, '', 19, 115, 3, 0, 59, 4, 'S', '', 1437038726),
(6, 4, '', 34, 115, 8, 0, 18.99, 4, 'M', '', 1437038731),
(7, 4, '', 19, 115, 3, 0, 59, 4, 'S', '', 1437038731),
(8, 5, '', 34, 115, 8, 0, 18.99, 4, 'M', '', 1437038737),
(9, 5, '', 19, 115, 3, 0, 59, 4, 'S', '', 1437038737),
(10, 6, '', 34, 115, 8, 0, 18.99, 1, 'S', '', 1437039403),
(11, 7, '', 34, 115, 8, 0, 18.99, 1, 'S', '', 1437039416),
(12, 8, '', 34, 115, 8, 0, 18.99, 1, 'S', '', 1437039857),
(13, 9, '', 38, 115, 9, 0, 8.07, 1, 'S', '', 1437040663),
(14, 10, '', 38, 115, 9, 0, 8.07, 1, 'S', '', 1437040705),
(15, 11, '', 38, 115, 9, 0, 8.07, 1, 'S', '', 1437040943),
(16, 12, '', 38, 115, 9, 0, 8.07, 1, 'S', '', 1437040976),
(17, 13, '', 38, 115, 9, 0, 8.07, 1, 'S', '', 1437041093),
(18, 14, '', 38, 115, 9, 0, 8.07, 1, 'S', '', 1437041328);

-- --------------------------------------------------------

--
-- Table structure for table `smile`
--

CREATE TABLE IF NOT EXISTS `smile` (
  `id` smallint(6) unsigned NOT NULL AUTO_INCREMENT,
  `typeid` smallint(6) unsigned NOT NULL DEFAULT '1',
  `displayorder` tinyint(1) NOT NULL DEFAULT '0',
  `code` varchar(30) NOT NULL DEFAULT '',
  `url` varchar(30) NOT NULL DEFAULT '',
  PRIMARY KEY (`id`),
  KEY `idx_displayorder` (`displayorder`)
) ENGINE=MyISAM  DEFAULT CHARSET=utf8 AUTO_INCREMENT=26 ;

--
-- Dumping data for table `smile`
--

INSERT INTO `smile` (`id`, `typeid`, `displayorder`, `code`, `url`) VALUES
(1, 1, 1, ':)', 'smile.gif'),
(2, 1, 2, ':(', 'sad.gif'),
(3, 1, 3, ':D', 'biggrin.gif'),
(4, 1, 4, ':cry:', 'cry.gif'),
(5, 1, 5, ':huf:', 'huffy.gif'),
(6, 1, 6, ':shock:', 'shocked.gif'),
(7, 1, 7, ':P', 'tongue.gif'),
(8, 1, 8, ':shy:', 'shy.gif'),
(9, 1, 9, ':P', 'titter.gif'),
(10, 1, 10, ':L', 'sweat.gif'),
(11, 1, 11, ':Q', 'mad.gif'),
(12, 1, 12, ':lol', 'lol.gif'),
(13, 1, 13, ':loveliness:', 'loveliness.gif'),
(14, 1, 14, ':funk:', 'funk.gif'),
(15, 1, 15, ':curse:', 'curse.gif'),
(16, 1, 16, ':dizzy:', 'dizzy.gif'),
(17, 1, 17, ':shutup:', 'shutup.gif'),
(18, 1, 18, ':sleepy:', 'sleepy.gif'),
(19, 1, 19, ':hug:', 'hug.gif'),
(20, 1, 20, ':victory:', 'victory.gif'),
(21, 1, 21, ':time:', 'time.gif'),
(22, 1, 22, ':kiss:', 'kiss.gif'),
(23, 1, 23, ':handshake', 'handshake.gif'),
(24, 1, 24, ':call:', 'call.gif');

-- --------------------------------------------------------

--
-- Table structure for table `staruser`
--

CREATE TABLE IF NOT EXISTS `staruser` (
  `id` int(11) NOT NULL AUTO_INCREMENT,
  `user_id` int(11) NOT NULL,
  `category_id` int(11) NOT NULL,
  `star_cover` text,
  `star_reason` text,
  `display_order` int(11) NOT NULL DEFAULT '100',
  `create_time` int(10) NOT NULL,
  PRIMARY KEY (`id`),
  KEY `idx_star_id` (`id`),
  KEY `idx_category_id` (`category_id`),
  KEY `idx_user_id` (`user_id`)
) ENGINE=MyISAM DEFAULT CHARSET=utf8 AUTO_INCREMENT=1 ;

-- --------------------------------------------------------

--
-- Table structure for table `store`
--

CREATE TABLE IF NOT EXISTS `store` (
  `id` int(11) NOT NULL AUTO_INCREMENT,
  `user_id` int(11) DEFAULT NULL,
  `poster_id` int(11) DEFAULT NULL,
  `poster_nickname` varchar(100) DEFAULT NULL,
  `category_id` int(11) NOT NULL,
  `store_name` varchar(100) DEFAULT NULL,
  `domain_name` varchar(100) DEFAULT NULL,
  `theme` varchar(45) DEFAULT NULL,
  `province` varchar(20) DEFAULT NULL,
  `city` varchar(20) DEFAULT NULL,
  `address` varchar(255) DEFAULT NULL,
  `country` varchar(50) NOT NULL,
  `phone` varchar(45) DEFAULT NULL,
  `phone2` varchar(45) DEFAULT NULL,
  `phone3` varchar(45) DEFAULT NULL,
  `recent_post` text,
  `store_desc` text,
  `total_like` int(11) DEFAULT '0',
  `total_review` int(11) DEFAULT '0',
  `total_visit` int(11) DEFAULT '0',
  `display_order` int(11) NOT NULL DEFAULT '100',
  `create_time` int(10) NOT NULL,
  `keyword` text,
  `keyword_search` text,
  `settings` text,
  `shipping_fee` float DEFAULT NULL,
  `zip_code` varchar(100) NOT NULL,
  `isregister` tinyint(1) NOT NULL DEFAULT '0',
  `isverified` tinyint(1) NOT NULL DEFAULT '0',
  `update_time` int(10) NOT NULL,
  PRIMARY KEY (`id`),
  KEY `idx_category_id` (`category_id`),
  KEY `idx_user_id` (`user_id`),
  FULLTEXT KEY `idx_keyword_search` (`keyword_search`)
) ENGINE=MyISAM  DEFAULT CHARSET=utf8 AUTO_INCREMENT=15 ;

--
-- Dumping data for table `store`
--

INSERT INTO `store` (`id`, `user_id`, `poster_id`, `poster_nickname`, `category_id`, `store_name`, `domain_name`, `theme`, `province`, `city`, `address`, `country`, `phone`, `phone2`, `phone3`, `recent_post`, `store_desc`, `total_like`, `total_review`, `total_visit`, `display_order`, `create_time`, `keyword`, `keyword_search`, `settings`, `shipping_fee`, `zip_code`, `isregister`, `isverified`, `update_time`) VALUES
(6, NULL, 10, 'Veronica', 17, 'shein', 'www.shein.com', NULL, NULL, NULL, NULL, '', NULL, NULL, NULL, NULL, NULL, 1, 0, 0, 100, 1436350177, NULL, NULL, NULL, NULL, '', 0, 0, 1436780922),
(2, 351, 351, 'Ck.Cheng', 15, 'freepeople', 'www.freepeople.com', NULL, 'New york', 'New york', '118', 'USA', '0123641089', '', '', NULL, 'Fashion in your life', 1, 0, 0, 100, 1436333041, NULL, NULL, NULL, 10, '111100', 1, 1, 1436434467),
(3, 6, 351, 'Ck.Cheng', 15, 'bostonproper', 'www.bostonproper.com', NULL, 'iowa', 'des moines', '23, st st', 'USA', '231321', NULL, NULL, NULL, 'The best store', 0, 0, 0, 100, 1436333286, NULL, NULL, NULL, 0, '50211', 1, 1, 1436777254),
(4, 10, 10, 'Veronica', 20, 'chicwish', 'www.chicwish.com', NULL, 'New york', 'New york', '118', 'America', '12345678', NULL, NULL, NULL, 'Fashion in your life', 2, 0, 0, 100, 1436347844, NULL, NULL, NULL, NULL, '111000', 1, 1, 1436351828),
(5, NULL, 10, 'Veronica', 15, 'nastygal', 'www.nastygal.com', NULL, NULL, NULL, NULL, '', NULL, NULL, NULL, NULL, NULL, 0, 0, 0, 100, 1436349799, NULL, NULL, NULL, NULL, '', 0, 0, 1437998232),
(7, NULL, 10, 'Veronica', 5, 'sg', 'sg.favechic.com', NULL, NULL, NULL, NULL, '', NULL, NULL, NULL, NULL, NULL, 0, 0, 0, 100, 1436350520, NULL, NULL, NULL, NULL, '', 0, 0, 1436784363),
(8, NULL, 351, 'Ck.Cheng', 17, 'jollychic', 'www.jollychic.com', NULL, NULL, NULL, NULL, '', NULL, NULL, NULL, NULL, NULL, 0, 0, 0, 100, 1436781023, NULL, NULL, NULL, NULL, '', 0, 0, 1436781949),
(9, NULL, 351, 'Ck.Cheng', 27, 'aliexpress', 'www.aliexpress.com', NULL, NULL, NULL, NULL, '', NULL, NULL, NULL, NULL, NULL, 0, 0, 0, 100, 1436786515, NULL, NULL, NULL, NULL, '', 0, 0, 1437997215),
(10, 363, 351, 'Ck.Cheng', 15, 'aeropostale', 'www.aeropostale.com', NULL, 'rtgtrtrg', 'rtgrtg', 'ghrtghrt', 'Uruguay', '747478', NULL, NULL, NULL, 'Fashion in your life', 0, 0, 0, 100, 1437380383, NULL, NULL, NULL, 10, 'gtrgtr', 1, 0, 1438001370),
(11, NULL, 328, 'anniejone', 17, 'wsdear', 'www.wsdear.com', NULL, NULL, NULL, NULL, '', NULL, NULL, NULL, NULL, NULL, 0, 0, 0, 100, 1437466935, NULL, NULL, NULL, NULL, '', 0, 0, 1437466994),
(12, NULL, 359, 'gada', 18, 'nastygal', NULL, NULL, NULL, NULL, NULL, '', NULL, NULL, NULL, NULL, NULL, 0, 0, 0, 100, 1437980661, NULL, NULL, NULL, NULL, '', 0, 0, 1437980661),
(13, NULL, 115, 'zahedul', 5, 'nastygal', NULL, NULL, NULL, NULL, NULL, '', NULL, NULL, NULL, NULL, NULL, 0, 0, 0, 100, 1437998012, NULL, NULL, NULL, NULL, '', 0, 0, 1437998012),
(14, NULL, 115, 'zahedul', 5, 'nastygal', NULL, NULL, NULL, NULL, NULL, '', NULL, NULL, NULL, NULL, NULL, 0, 0, 0, 100, 1437998307, NULL, NULL, NULL, NULL, '', 0, 0, 1437998307);

-- --------------------------------------------------------

--
-- Table structure for table `tag`
--

CREATE TABLE IF NOT EXISTS `tag` (
  `id` int(11) NOT NULL AUTO_INCREMENT,
  `tag_name` varchar(255) NOT NULL,
  `share_id` text NOT NULL,
  `is_show` tinyint(1) NOT NULL DEFAULT '0',
  `create_time` int(10) NOT NULL,
  PRIMARY KEY (`id`)
) ENGINE=InnoDB  DEFAULT CHARSET=latin1 AUTO_INCREMENT=4 ;

--
-- Dumping data for table `tag`
--

INSERT INTO `tag` (`id`, `tag_name`, `share_id`, `is_show`, `create_time`) VALUES
(1, 'dress', 'a:2:{i:0;s:2:"17";i:1;s:2:"16";}', 1, 1436333796),
(2, 'ck.cheng', 'a:1:{i:0;s:2:"16";}', 0, 1436779810),
(3, 'tunic', 'a:1:{i:0;s:2:"15";}', 0, 1436779888);

-- --------------------------------------------------------

--
-- Table structure for table `user`
--

CREATE TABLE IF NOT EXISTS `user` (
  `id` int(11) NOT NULL AUTO_INCREMENT,
  `uc_id` int(11) DEFAULT NULL,
  `email` varchar(80) NOT NULL,
  `passwd` varchar(100) NOT NULL,
  `nickname` varchar(80) NOT NULL,
  `uc_nickname` varchar(80) DEFAULT NULL,
  `domain` varchar(80) DEFAULT NULL,
  `gender` varchar(10) DEFAULT NULL,
  `province` varchar(20) DEFAULT NULL,
  `city` varchar(20) DEFAULT NULL,
  `location` varchar(20) DEFAULT NULL,
  `user_title` varchar(50) DEFAULT NULL,
  `bio` varchar(255) DEFAULT NULL,
  `create_time` int(10) NOT NULL,
  `total_follow` int(11) DEFAULT '0',
  `total_follower` int(11) DEFAULT '0',
  `total_share` int(11) DEFAULT '0',
  `total_album` int(11) DEFAULT '0',
  `total_like` int(11) DEFAULT '0',
  `total_favorite_share` int(11) DEFAULT '0',
  `total_favorite_album` int(11) DEFAULT '0',
  `lost_password_key` varchar(40) DEFAULT NULL,
  `lost_password_expire` int(11) DEFAULT NULL,
  `last_login_time` int(10) DEFAULT NULL,
  `credits` int(10) DEFAULT '0',
  `ext_credits_1` int(10) DEFAULT '0',
  `ext_credits_2` int(10) DEFAULT '0',
  `ext_credits_3` int(10) DEFAULT '0',
  `is_social` tinyint(4) DEFAULT '0',
  `is_star` tinyint(4) DEFAULT '0',
  `has_store` tinyint(4) DEFAULT '0',
  `is_deleted` tinyint(4) DEFAULT '0',
  `theme` varchar(50) DEFAULT NULL,
  `follow_you` tinyint(4) DEFAULT '1',
  `like_collection` tinyint(4) DEFAULT '1',
  `like_item` tinyint(4) DEFAULT '1',
  `mentions_you` tinyint(4) DEFAULT '1',
  `store_follow` tinyint(4) DEFAULT '1',
  `user_follow` tinyint(4) DEFAULT '1',
  `collection_follow` tinyint(4) DEFAULT '1',
  `user_credits` float NOT NULL,
  `access_key` varchar(255) NOT NULL,
  PRIMARY KEY (`id`),
  KEY `idx_login` (`email`,`passwd`),
  KEY `idx_nickname` (`nickname`),
  KEY `idx_lost_password_key` (`lost_password_key`),
  KEY `idx_domain` (`domain`),
  KEY `idx_email` (`email`)
) ENGINE=MyISAM  DEFAULT CHARSET=utf8 AUTO_INCREMENT=364 ;

--
-- Dumping data for table `user`
--

INSERT INTO `user` (`id`, `uc_id`, `email`, `passwd`, `nickname`, `uc_nickname`, `domain`, `gender`, `province`, `city`, `location`, `user_title`, `bio`, `create_time`, `total_follow`, `total_follower`, `total_share`, `total_album`, `total_like`, `total_favorite_share`, `total_favorite_album`, `lost_password_key`, `lost_password_expire`, `last_login_time`, `credits`, `ext_credits_1`, `ext_credits_2`, `ext_credits_3`, `is_social`, `is_star`, `has_store`, `is_deleted`, `theme`, `follow_you`, `like_collection`, `like_item`, `mentions_you`, `store_follow`, `user_follow`, `collection_follow`, `user_credits`, `access_key`) VALUES
(1, NULL, 'admin@pinkals.com', 'e10adc3949ba59abbe56e057f20f883e', 'admin', NULL, NULL, NULL, NULL, NULL, NULL, NULL, NULL, 1373314324, 0, 0, 0, 0, 0, 0, 0, '5afb0b129dfaed3219187242143445bd', 1374579873, 1379996874, 23, 2, 2, 15, 0, 0, 1, 0, NULL, 1, 1, 1, 1, 1, 1, 1, 0, ''),
(5, NULL, 'symantha0325@gmail.com', 'a04f9c86b6eaed851b047e0974f381b0', 'smoon', NULL, NULL, 'female', 'Penang', NULL, NULL, NULL, NULL, 1377758685, 0, 0, 0, 0, 0, 0, 0, NULL, NULL, 1428897304, 460, 19, 22, 274, 0, 0, 0, 0, NULL, 1, 1, 1, 1, 1, 1, 1, 0, ''),
(6, NULL, 'ckhaimun@hotmail.com', 'f2cd5de48415d25bd67d4329f2790ce9', 'Khaimun.Chan', NULL, 'jenny', 'female', 'New York', 'New york City', NULL, 'Jenny', 'The most trendy women', 1377758697, 0, 0, 0, 1, 0, 2, 0, '', NULL, 1435291993, 796, 41, 62, 559, 1, 1, 0, 0, NULL, 1, 1, 1, 1, 1, 1, 1, 0, ''),
(4, NULL, 'joonyeow@live.com', '639ab96495d7739f212181c1dfd4337f', 'Joon', NULL, NULL, NULL, NULL, NULL, NULL, NULL, NULL, 1377758570, 0, 0, 0, 0, 0, 0, 0, NULL, NULL, 1405325959, 177, 15, 11, 122, 0, 0, 0, 0, NULL, 1, 1, 1, 1, 1, 1, 1, 0, ''),
(8, NULL, 'joanne1@hotmail.com', 'e99a18c428cb38d5f260853678922e03', 'Naurisa', NULL, NULL, NULL, NULL, NULL, NULL, NULL, NULL, 1378200338, 0, 0, 0, 0, 0, 0, 0, NULL, NULL, NULL, 30, 10, 10, 10, 0, 0, 0, 0, NULL, 1, 1, 1, 1, 1, 1, 1, 0, ''),
(9, NULL, 'kute_mute@yahoo.com', 'e467eeac047e4596cff953be5609ca13', 'Zain', NULL, NULL, NULL, NULL, NULL, NULL, NULL, NULL, 1378723815, 0, 0, 0, 0, 0, 0, 0, NULL, NULL, 1379585168, 81, 10, 10, 56, 0, 0, 0, 0, NULL, 1, 1, 1, 1, 1, 1, 1, 0, ''),
(10, NULL, 'karchooncheng@gmail.com', '745184d14bbcb8cc285aefb3c3cf4563', 'Veronica', NULL, '', 'none', NULL, '', '', NULL, NULL, 1379063265, 1, 1, 8, 0, 0, 0, 0, NULL, NULL, 1435290535, 6305, 46, 165, 2256, 0, 0, 0, 0, NULL, 1, 1, 1, 1, 1, 1, 1, 0, ''),
(11, NULL, 'mebina@live.com', 'bc980cfc3b7d6dbba09205904c5e2789', 'SuperVA', NULL, NULL, NULL, NULL, NULL, NULL, NULL, NULL, 1379479197, 0, 0, 0, 0, 0, 0, 0, NULL, NULL, 1410837945, 3416, 30, 13, 451, 0, 0, 0, 0, NULL, 1, 1, 1, 1, 1, 1, 1, 0, ''),
(12, NULL, 'ckhaimun@gmail.com', 'ffa10eb02ca0d6f4648bc58aa01bb8d4', 'angel', NULL, NULL, NULL, NULL, NULL, NULL, NULL, NULL, 1379480511, 0, 0, 0, 0, 0, 0, 0, NULL, NULL, 1395299716, 31, 10, 10, 11, 0, 0, 0, 0, NULL, 1, 1, 1, 1, 1, 1, 1, 0, ''),
(13, NULL, '86d9cf2af541186f16324f10ade618ff@puzzing.com', 'b8cd02eac73ad0e60310b19a2622c9ce', 'chengchoonket', NULL, NULL, 'male', NULL, NULL, '', NULL, NULL, 1379485744, 0, 0, 0, 0, 0, 0, 0, NULL, NULL, 1379747389, 38, 12, 10, 15, 1, 0, 0, 0, NULL, 1, 1, 1, 1, 1, 1, 1, 0, ''),
(14, NULL, 'symantha_chai@yahoo.com', 'a04f9c86b6eaed851b047e0974f381b0', 'Symantha ', NULL, NULL, NULL, NULL, NULL, NULL, NULL, NULL, 1379564014, 0, 0, 0, 0, 0, 0, 0, NULL, NULL, 1379646701, 107, 13, 10, 32, 0, 0, 0, 0, NULL, 1, 1, 1, 1, 1, 1, 1, 0, ''),
(119, NULL, 'pinkalsllp@gmail.com', '0682030f687ab567e13769d791ce488e', 'pinkals', NULL, NULL, NULL, NULL, NULL, NULL, NULL, NULL, 1402633532, 0, 0, 0, 0, 0, 0, 0, NULL, NULL, NULL, 30, 10, 10, 10, 0, 0, 0, 0, NULL, 1, 1, 1, 1, 1, 1, 1, 0, ''),
(16, NULL, 'jackie_chai95@hotmail.com', 'e10adc3949ba59abbe56e057f20f883e', 'Michiyo', NULL, NULL, NULL, NULL, NULL, NULL, NULL, NULL, 1379934087, 0, 0, 0, 0, 0, 0, 0, NULL, NULL, 1381443576, 228, 10, 10, 79, 0, 0, 0, 0, NULL, 1, 1, 1, 1, 1, 1, 1, 0, ''),
(17, NULL, 'crystal_hoong@hotmail.com', 'f25a2fc72690b780b2a14e140ef6a9e0', 'shine', NULL, NULL, NULL, NULL, NULL, NULL, NULL, NULL, 1379939339, 0, 0, 0, 0, 0, 0, 0, NULL, NULL, 1380133941, 142, 12, 10, 63, 0, 0, 0, 0, NULL, 1, 1, 1, 1, 1, 1, 1, 0, ''),
(18, NULL, 'pandayapps@gmail.com', '745184d14bbcb8cc285aefb3c3cf4563', 'Wendy.Yap', NULL, NULL, NULL, NULL, NULL, NULL, NULL, NULL, 1380265677, 0, 0, 0, 0, 0, 0, 0, NULL, NULL, 1432826098, 2293, 29, 88, 791, 1, 0, 0, 0, NULL, 1, 1, 1, 1, 1, 1, 1, 0, ''),
(19, NULL, 'b6cb773f83bc2565520f108fb5658537@puzzing.com', 'f93de327774ad96ede805dbd83f66b96', 'kumarskm2291', NULL, NULL, 'none', NULL, NULL, 'Karachi, Pakistan', NULL, 'Be happy... :)', 1380709430, 0, 0, 0, 0, 0, 0, 0, NULL, NULL, 1380709432, 31, 10, 10, 11, 1, 0, 0, 0, NULL, 1, 1, 1, 1, 1, 1, 1, 0, ''),
(20, NULL, 'chengchoonket@gmail.com', '745184d14bbcb8cc285aefb3c3cf4563', 'wendy', NULL, NULL, NULL, NULL, NULL, NULL, NULL, NULL, 1382513251, 1, 0, 0, 0, 0, 2, 2, '', 0, 1433319496, 5913, 35, 125, 1884, 0, 0, 0, 0, NULL, 1, 1, 1, 1, 1, 1, 1, 0, ''),
(21, NULL, 'snips_jamilla@hotmail.com', 'c31be0fdc26868544607a19bf517f871', 'jamilla.zubac.3', NULL, NULL, 'none', NULL, NULL, 'Mullumbimby, New Sou', NULL, NULL, 1382607056, 0, 0, 0, 0, 0, 0, 0, NULL, NULL, 1385632915, 37, 11, 10, 15, 1, 0, 0, 0, NULL, 1, 1, 1, 1, 1, 1, 1, 0, ''),
(22, NULL, 'princess_sahar2011@hotmail.com', '99323f4be57bb9c833613fd981a2c624', 'princess', NULL, NULL, NULL, NULL, NULL, NULL, NULL, NULL, 1382948658, 0, 0, 0, 0, 0, 0, 0, NULL, NULL, NULL, 32, 10, 10, 12, 0, 0, 0, 0, NULL, 1, 1, 1, 1, 1, 1, 1, 0, ''),
(23, NULL, 'zhanyaoshang@outlook.com', '0f0a470a6b2bbfb449efc7566ddcec26', 'Carina', NULL, NULL, NULL, NULL, NULL, NULL, NULL, NULL, 1382954369, 0, 0, 0, 0, 0, 0, 0, NULL, NULL, NULL, 32, 10, 10, 12, 0, 0, 0, 0, NULL, 1, 1, 1, 1, 1, 1, 1, 0, ''),
(27, NULL, 'walburgwalburgmum@u03.gmailmirror.com', '08b6255f8cebca22c8eca5741341619a', 'funkyhairimageser', NULL, NULL, NULL, NULL, NULL, NULL, NULL, NULL, 1393373237, 0, 0, 0, 0, 0, 0, 0, NULL, NULL, NULL, 30, 10, 10, 10, 0, 0, 0, 0, NULL, 1, 1, 1, 1, 1, 1, 1, 0, ''),
(26, NULL, 'javascripbuttonTets@u03.gmailmirror.com', '08b6255f8cebca22c8eca5741341619a', 'newiconimageRono', NULL, NULL, NULL, NULL, NULL, NULL, NULL, NULL, 1392474845, 0, 0, 0, 0, 0, 0, 0, NULL, NULL, NULL, 30, 10, 10, 10, 0, 0, 0, 0, NULL, 1, 1, 1, 1, 1, 1, 1, 0, ''),
(28, NULL, 'test@puzzing.com', '20ac3de8467f864f60e8f928c914125c', 'puzz', NULL, NULL, NULL, NULL, NULL, NULL, NULL, NULL, 1394849478, 0, 0, 0, 0, 0, 0, 0, NULL, NULL, NULL, 0, 0, 0, 0, 0, 0, 0, 0, NULL, 1, 1, 1, 1, 1, 1, 1, 0, ''),
(29, NULL, 'test222@puzzing.com', '3ebd347a2e9975c63d167233851be2ac', 'puzz222', NULL, NULL, NULL, NULL, NULL, NULL, NULL, NULL, 1394850112, 0, 0, 0, 0, 0, 0, 0, NULL, NULL, NULL, 0, 0, 0, 0, 0, 0, 0, 0, NULL, 1, 1, 1, 1, 1, 1, 1, 0, ''),
(186, NULL, 'workspaceinfotech@gmail.com', 'b6bc58ca5f76c49fa82ae7713e11b498', 'Dev.Workspace1', NULL, NULL, 'male', NULL, NULL, 'Dhaka, Bangladesh', NULL, NULL, 1409909719, 0, 0, 0, 0, 0, 0, 0, NULL, NULL, NULL, 31, 10, 10, 11, 1, 0, 0, 0, NULL, 1, 1, 1, 1, 1, 1, 1, 0, ''),
(31, NULL, 'testaaa@puzzing.com', 'a80ffc00af4ab5725dc9ead74e95f701', 'aaa', NULL, NULL, NULL, NULL, NULL, NULL, NULL, NULL, 1394879417, 0, 0, 0, 0, 0, 0, 0, NULL, NULL, NULL, 0, 0, 0, 0, 0, 0, 0, 0, NULL, 1, 1, 1, 1, 1, 1, 1, 0, ''),
(194, NULL, 'irwiclay@aol.com', '9f442a0f44b129e4560fed978619501c', 'Arwilgano', NULL, NULL, NULL, NULL, NULL, NULL, NULL, NULL, 1410630243, 0, 0, 0, 0, 0, 0, 0, NULL, NULL, NULL, 30, 10, 10, 10, 0, 0, 0, 0, NULL, 1, 1, 1, 1, 1, 1, 1, 0, ''),
(33, NULL, 'miragliaefx@hotmail.com', 'fbafaf06d26e011357d76476c7a6973b', 'NugAssist', NULL, NULL, NULL, NULL, NULL, NULL, NULL, NULL, 1395330432, 0, 0, 0, 0, 0, 0, 0, NULL, NULL, 1395443389, 32, 10, 10, 12, 0, 0, 0, 0, NULL, 1, 1, 1, 1, 1, 1, 1, 0, ''),
(34, NULL, 'maganseo357@hotmail.com', 'b4f5dfd621a840f10b51ce5024cf5529', 'tqfaxerr', NULL, NULL, NULL, NULL, NULL, NULL, NULL, NULL, 1395641956, 0, 0, 0, 0, 0, 0, 0, NULL, NULL, 1396697849, 42, 10, 10, 22, 0, 0, 0, 0, NULL, 1, 1, 1, 1, 1, 1, 1, 0, ''),
(35, NULL, 'agustinatyl535@hotmail.com', 'b4f5dfd621a840f10b51ce5024cf5529', 'nuimbesz', NULL, NULL, NULL, NULL, NULL, NULL, NULL, NULL, 1395642492, 0, 0, 0, 0, 0, 0, 0, NULL, NULL, 1396679335, 40, 10, 10, 20, 0, 0, 0, 0, NULL, 1, 1, 1, 1, 1, 1, 1, 0, ''),
(36, NULL, 'jestinewuy865@hotmail.com', 'b4f5dfd621a840f10b51ce5024cf5529', 'fypelsyq', NULL, NULL, NULL, NULL, NULL, NULL, NULL, NULL, 1395659423, 0, 0, 0, 0, 0, 0, 0, NULL, NULL, 1396688692, 42, 10, 10, 22, 0, 0, 0, 0, NULL, 1, 1, 1, 1, 1, 1, 1, 0, ''),
(37, NULL, 'shantellxpm428@hotmail.com', 'b4f5dfd621a840f10b51ce5024cf5529', 'yzsxwkqk', NULL, NULL, NULL, NULL, NULL, NULL, NULL, NULL, 1395668825, 0, 0, 0, 0, 0, 0, 0, NULL, NULL, 1396645780, 40, 10, 10, 20, 0, 0, 0, 0, NULL, 1, 1, 1, 1, 1, 1, 1, 0, ''),
(38, NULL, 'carlotagxm106@hotmail.com', 'b4f5dfd621a840f10b51ce5024cf5529', 'uzkrwagt', NULL, NULL, NULL, NULL, NULL, NULL, NULL, NULL, 1395669900, 0, 0, 0, 0, 0, 0, 0, NULL, NULL, 1396696292, 39, 10, 10, 19, 0, 0, 0, 0, NULL, 1, 1, 1, 1, 1, 1, 1, 0, ''),
(39, NULL, 'glennalxj321@hotmail.com', 'b4f5dfd621a840f10b51ce5024cf5529', 'fnnwyjff', NULL, NULL, NULL, NULL, NULL, NULL, NULL, NULL, 1395670167, 0, 0, 0, 0, 0, 0, 0, NULL, NULL, NULL, 30, 10, 10, 10, 0, 0, 0, 0, NULL, 1, 1, 1, 1, 1, 1, 1, 0, ''),
(40, NULL, 'pageysnrexmegwe91@hotmail.com', 'b4f5dfd621a840f10b51ce5024cf5529', 'qzdmkkwl', NULL, NULL, NULL, NULL, NULL, NULL, NULL, NULL, 1395670911, 0, 0, 0, 0, 0, 0, 0, NULL, NULL, 1396708834, 42, 10, 10, 22, 0, 0, 0, 0, NULL, 1, 1, 1, 1, 1, 1, 1, 0, ''),
(41, NULL, 'rickieiex325@hotmail.com', 'b4f5dfd621a840f10b51ce5024cf5529', 'isrqxayw', NULL, NULL, NULL, NULL, NULL, NULL, NULL, NULL, 1395676605, 0, 0, 0, 0, 0, 0, 0, NULL, NULL, 1396835981, 34, 10, 10, 14, 0, 0, 0, 0, NULL, 1, 1, 1, 1, 1, 1, 1, 0, ''),
(42, NULL, 'mirianmxn724@hotmail.com', 'b4f5dfd621a840f10b51ce5024cf5529', 'luagcprm', NULL, NULL, NULL, NULL, NULL, NULL, NULL, NULL, 1395681824, 0, 0, 0, 0, 0, 0, 0, NULL, NULL, NULL, 30, 10, 10, 10, 0, 0, 0, 0, NULL, 1, 1, 1, 1, 1, 1, 1, 0, ''),
(43, NULL, 'libertypcl312@hotmail.com', 'b4f5dfd621a840f10b51ce5024cf5529', 'rlbevjse', NULL, NULL, NULL, NULL, NULL, NULL, NULL, NULL, 1395684499, 0, 0, 0, 0, 0, 0, 0, NULL, NULL, NULL, 30, 10, 10, 10, 0, 0, 0, 0, NULL, 1, 1, 1, 1, 1, 1, 1, 0, ''),
(44, NULL, 'tanjatvr249@hotmail.com', 'b4f5dfd621a840f10b51ce5024cf5529', 'sonxzoli', NULL, NULL, NULL, NULL, NULL, NULL, NULL, NULL, 1395686408, 0, 0, 0, 0, 0, 0, 0, NULL, NULL, 1396688348, 42, 10, 10, 22, 0, 0, 0, 0, NULL, 1, 1, 1, 1, 1, 1, 1, 0, ''),
(45, NULL, 'chungqog937@hotmail.com', 'b4f5dfd621a840f10b51ce5024cf5529', 'fxvbzpsc', NULL, NULL, NULL, NULL, NULL, NULL, NULL, NULL, 1395697638, 0, 0, 0, 0, 0, 0, 0, NULL, NULL, 1397178022, 45, 10, 10, 25, 0, 0, 0, 0, NULL, 1, 1, 1, 1, 1, 1, 1, 0, ''),
(46, NULL, 'stellatuy518@hotmail.com', 'b4f5dfd621a840f10b51ce5024cf5529', 'iyhdogfh', NULL, NULL, NULL, NULL, NULL, NULL, NULL, NULL, 1395699629, 0, 0, 0, 0, 0, 0, 0, NULL, NULL, NULL, 30, 10, 10, 10, 0, 0, 0, 0, NULL, 1, 1, 1, 1, 1, 1, 1, 0, ''),
(47, NULL, 'penneykdh167@hotmail.com', 'b4f5dfd621a840f10b51ce5024cf5529', 'hzgsjnqo', NULL, NULL, NULL, NULL, NULL, NULL, NULL, NULL, 1395705615, 0, 0, 0, 0, 0, 0, 0, NULL, NULL, 1396711432, 42, 10, 10, 22, 0, 0, 0, 0, NULL, 1, 1, 1, 1, 1, 1, 1, 0, ''),
(48, NULL, 'twannaome767@hotmail.com', 'b4f5dfd621a840f10b51ce5024cf5529', 'hudiscib', NULL, NULL, NULL, NULL, NULL, NULL, NULL, NULL, 1395891782, 0, 0, 0, 0, 0, 0, 0, NULL, NULL, NULL, 30, 10, 10, 10, 0, 0, 0, 0, NULL, 1, 1, 1, 1, 1, 1, 1, 0, ''),
(49, NULL, 'ladyitw295@hotmail.com', 'b4f5dfd621a840f10b51ce5024cf5529', 'srpubtod', NULL, NULL, NULL, NULL, NULL, NULL, NULL, NULL, 1395905404, 0, 0, 0, 0, 0, 0, 0, NULL, NULL, NULL, 30, 10, 10, 10, 0, 0, 0, 0, NULL, 1, 1, 1, 1, 1, 1, 1, 0, ''),
(50, NULL, 'raelenebluvixmtin35@hotmail.com', 'b4f5dfd621a840f10b51ce5024cf5529', 'uprzznre', NULL, NULL, NULL, NULL, NULL, NULL, NULL, NULL, 1395949530, 0, 0, 0, 0, 0, 0, 0, NULL, NULL, NULL, 30, 10, 10, 10, 0, 0, 0, 0, NULL, 1, 1, 1, 1, 1, 1, 1, 0, ''),
(51, NULL, 'sharondaofmib90@hotmail.com', 'b4f5dfd621a840f10b51ce5024cf5529', 'gwevbqwg', NULL, NULL, NULL, NULL, NULL, NULL, NULL, NULL, 1396382868, 0, 0, 0, 0, 0, 0, 0, NULL, NULL, NULL, 30, 10, 10, 10, 0, 0, 0, 0, NULL, 1, 1, 1, 1, 1, 1, 1, 0, ''),
(52, NULL, 'andriakdbnhgiohr65@hotmail.com', 'b4f5dfd621a840f10b51ce5024cf5529', 'hvrevqwp', NULL, NULL, NULL, NULL, NULL, NULL, NULL, NULL, 1396422461, 0, 0, 0, 0, 0, 0, 0, NULL, NULL, NULL, 30, 10, 10, 10, 0, 0, 0, 0, NULL, 1, 1, 1, 1, 1, 1, 1, 0, ''),
(53, NULL, 'mireillengf596@hotmail.com', 'b4f5dfd621a840f10b51ce5024cf5529', 'swknvatc', NULL, NULL, NULL, NULL, NULL, NULL, NULL, NULL, 1396617124, 0, 0, 0, 0, 0, 0, 0, NULL, NULL, NULL, 30, 10, 10, 10, 0, 0, 0, 0, NULL, 1, 1, 1, 1, 1, 1, 1, 0, ''),
(54, NULL, 'destinychkw4763@gmail.com', '9808c251efd53058819f820a70f85b0d', 'Madison Moore', NULL, '', 'none', '0', '', '', '', 'I know your guessing who I look like, but I am not her! :)', 1396724299, 0, 0, 0, 0, 0, 0, 0, NULL, NULL, NULL, 40, 14, 11, 11, 0, 0, 0, 0, NULL, 1, 1, 1, 1, 1, 1, 1, 0, ''),
(55, NULL, 'patriciad.miller@hotmail.com', 'b4f5dfd621a840f10b51ce5024cf5529', 'wpapsuvn', NULL, NULL, NULL, NULL, NULL, NULL, NULL, NULL, 1396962759, 0, 0, 0, 0, 0, 0, 0, NULL, NULL, NULL, 30, 10, 10, 10, 0, 0, 0, 0, NULL, 1, 1, 1, 1, 1, 1, 1, 0, ''),
(56, NULL, 'noahm.elliott@hotmail.com', 'b4f5dfd621a840f10b51ce5024cf5529', 'vlechbqr', NULL, NULL, NULL, NULL, NULL, NULL, NULL, NULL, 1397026269, 0, 0, 0, 0, 0, 0, 0, NULL, NULL, NULL, 30, 10, 10, 10, 0, 0, 0, 0, NULL, 1, 1, 1, 1, 1, 1, 1, 0, ''),
(57, NULL, 'nathanielk.meyers@hotmail.com', 'b4f5dfd621a840f10b51ce5024cf5529', 'ggzshlzo', NULL, NULL, NULL, NULL, NULL, NULL, NULL, NULL, 1397288218, 0, 0, 0, 0, 0, 0, 0, NULL, NULL, NULL, 30, 10, 10, 10, 0, 0, 0, 0, NULL, 1, 1, 1, 1, 1, 1, 1, 0, ''),
(58, NULL, 'glennad.davis@hotmail.com', 'b4f5dfd621a840f10b51ce5024cf5529', 'rjvnxhvt', NULL, NULL, NULL, NULL, NULL, NULL, NULL, NULL, 1397901369, 0, 0, 0, 0, 0, 0, 0, NULL, NULL, NULL, 30, 10, 10, 10, 0, 0, 0, 0, NULL, 1, 1, 1, 1, 1, 1, 1, 0, ''),
(59, NULL, 'melissaj.pettaway@hotmail.com', 'b4f5dfd621a840f10b51ce5024cf5529', 'kwxbbnul', NULL, NULL, NULL, NULL, NULL, NULL, NULL, NULL, 1397963184, 0, 0, 0, 0, 0, 0, 0, NULL, NULL, NULL, 30, 10, 10, 10, 0, 0, 0, 0, NULL, 1, 1, 1, 1, 1, 1, 1, 0, ''),
(60, NULL, 'crystaln.dixion@hotmail.com', 'b4f5dfd621a840f10b51ce5024cf5529', 'qrxzxlld', NULL, NULL, NULL, NULL, NULL, NULL, NULL, NULL, 1398200185, 0, 0, 0, 0, 0, 0, 0, NULL, NULL, NULL, 30, 10, 10, 10, 0, 0, 0, 0, NULL, 1, 1, 1, 1, 1, 1, 1, 0, ''),
(61, NULL, 'jonathanj.hetrick@hotmail.com', 'b4f5dfd621a840f10b51ce5024cf5529', 'wiuzfntr', NULL, NULL, NULL, NULL, NULL, NULL, NULL, NULL, 1398547641, 0, 0, 0, 0, 0, 0, 0, NULL, NULL, NULL, 30, 10, 10, 10, 0, 0, 0, 0, NULL, 1, 1, 1, 1, 1, 1, 1, 0, ''),
(62, NULL, 'vupryqe@hotmail.com', '06fd3a6d51f45c1d2f2bf211b9bdacfb', 'hlyerpjt', NULL, NULL, NULL, NULL, NULL, NULL, NULL, NULL, 1398581803, 0, 0, 0, 0, 0, 0, 0, NULL, NULL, NULL, 30, 10, 10, 10, 0, 0, 0, 0, NULL, 1, 1, 1, 1, 1, 1, 1, 0, ''),
(63, NULL, 'westonboy@hotmail.com', 'b4f5dfd621a840f10b51ce5024cf5529', 'hrkuluup', NULL, NULL, NULL, NULL, NULL, NULL, NULL, NULL, 1398592043, 0, 0, 0, 0, 0, 0, 0, NULL, NULL, NULL, 30, 10, 10, 10, 0, 0, 0, 0, NULL, 1, 1, 1, 1, 1, 1, 1, 0, ''),
(64, NULL, 'bonniec.obrien@hotmail.com', 'b4f5dfd621a840f10b51ce5024cf5529', 'yykmdewv', NULL, NULL, NULL, NULL, NULL, NULL, NULL, NULL, 1398604800, 0, 0, 0, 0, 0, 0, 0, NULL, NULL, NULL, 30, 10, 10, 10, 0, 0, 0, 0, NULL, 1, 1, 1, 1, 1, 1, 1, 0, ''),
(65, NULL, 'lukefords@hotmail.com', 'b4f5dfd621a840f10b51ce5024cf5529', 'vpbzcrni', NULL, NULL, NULL, NULL, NULL, NULL, NULL, NULL, 1398637816, 0, 0, 0, 0, 0, 0, 0, NULL, NULL, NULL, 30, 10, 10, 10, 0, 0, 0, 0, NULL, 1, 1, 1, 1, 1, 1, 1, 0, ''),
(66, NULL, 'noelhickman@hotmail.com', 'b4f5dfd621a840f10b51ce5024cf5529', 'iszccplg', NULL, NULL, NULL, NULL, NULL, NULL, NULL, NULL, 1398820066, 0, 0, 0, 0, 0, 0, 0, NULL, NULL, NULL, 30, 10, 10, 10, 0, 0, 0, 0, NULL, 1, 1, 1, 1, 1, 1, 1, 0, ''),
(67, NULL, 'luellaroach@hotmail.com', 'b4f5dfd621a840f10b51ce5024cf5529', 'vfisutvo', NULL, NULL, NULL, NULL, NULL, NULL, NULL, NULL, 1398838332, 0, 0, 0, 0, 0, 0, 0, NULL, NULL, NULL, 30, 10, 10, 10, 0, 0, 0, 0, NULL, 1, 1, 1, 1, 1, 1, 1, 0, ''),
(68, NULL, 'frank_amede@aol.fr', 'f56b1d630a25e4ede4b0a86b7de0ceae', 'czsymirq978', NULL, NULL, NULL, NULL, NULL, NULL, NULL, NULL, 1398921239, 0, 0, 0, 0, 0, 0, 0, NULL, NULL, NULL, 30, 10, 10, 10, 0, 0, 0, 0, NULL, 1, 1, 1, 1, 1, 1, 1, 0, ''),
(69, NULL, 'ldiabdn@hotmail.com', 'bad8651bcd225e674ddfe01fc8f9c28f', 'sunygxi', NULL, NULL, NULL, NULL, NULL, NULL, NULL, NULL, 1398977957, 0, 0, 0, 0, 0, 0, 0, NULL, NULL, NULL, 30, 10, 10, 10, 0, 0, 0, 0, NULL, 1, 1, 1, 1, 1, 1, 1, 0, ''),
(70, NULL, 'dolliekane@hotmail.com', 'b4f5dfd621a840f10b51ce5024cf5529', 'gugduajp', NULL, NULL, NULL, NULL, NULL, NULL, NULL, NULL, 1399045113, 0, 0, 0, 0, 0, 0, 0, NULL, NULL, NULL, 30, 10, 10, 10, 0, 0, 0, 0, NULL, 1, 1, 1, 1, 1, 1, 1, 0, ''),
(71, NULL, 'juliuslindsey@hotmail.com', 'b4f5dfd621a840f10b51ce5024cf5529', 'uzizwhhj', NULL, NULL, NULL, NULL, NULL, NULL, NULL, NULL, 1399051879, 0, 0, 0, 0, 0, 0, 0, NULL, NULL, NULL, 30, 10, 10, 10, 0, 0, 0, 0, NULL, 1, 1, 1, 1, 1, 1, 1, 0, ''),
(72, NULL, 'madelynfoster@hotmail.com', 'b4f5dfd621a840f10b51ce5024cf5529', 'pyvoxhhx', NULL, NULL, NULL, NULL, NULL, NULL, NULL, NULL, 1399054648, 0, 0, 0, 0, 0, 0, 0, NULL, NULL, NULL, 30, 10, 10, 10, 0, 0, 0, 0, NULL, 1, 1, 1, 1, 1, 1, 1, 0, ''),
(73, NULL, 'concettalane@hotmail.com', 'b4f5dfd621a840f10b51ce5024cf5529', 'iuorqejp', NULL, NULL, NULL, NULL, NULL, NULL, NULL, NULL, 1399155972, 0, 0, 0, 0, 0, 0, 0, NULL, NULL, NULL, 30, 10, 10, 10, 0, 0, 0, 0, NULL, 1, 1, 1, 1, 1, 1, 1, 0, ''),
(74, NULL, 'mariem.washington@hotmail.com', 'b4f5dfd621a840f10b51ce5024cf5529', 'zksidurf', NULL, NULL, NULL, NULL, NULL, NULL, NULL, NULL, 1399365988, 0, 0, 0, 0, 0, 0, 0, NULL, NULL, NULL, 30, 10, 10, 10, 0, 0, 0, 0, NULL, 1, 1, 1, 1, 1, 1, 1, 0, ''),
(75, NULL, 'johng.bellows@hotmail.com', 'b4f5dfd621a840f10b51ce5024cf5529', 'diqcsima', NULL, NULL, NULL, NULL, NULL, NULL, NULL, NULL, 1399404780, 0, 0, 0, 0, 0, 0, 0, NULL, NULL, NULL, 30, 10, 10, 10, 0, 0, 0, 0, NULL, 1, 1, 1, 1, 1, 1, 1, 0, ''),
(77, NULL, 'qnjpjuij299@veedeepee.com', '9594371115d15eab6741fc86247d7ccd', 'owecxaur193', NULL, NULL, NULL, NULL, NULL, NULL, NULL, NULL, 1399510489, 0, 0, 0, 0, 0, 0, 0, NULL, NULL, NULL, 30, 10, 10, 10, 0, 0, 0, 0, NULL, 1, 1, 1, 1, 1, 1, 1, 0, ''),
(132, NULL, 'qubqfcx@ipiurl.net', 'd791e08ab837f843bb47b377eafea727', 'MaritaOi', NULL, NULL, NULL, NULL, NULL, NULL, NULL, NULL, 1404748046, 0, 0, 0, 0, 0, 0, 0, NULL, NULL, NULL, 30, 10, 10, 10, 0, 0, 0, 0, NULL, 1, 1, 1, 1, 1, 1, 1, 0, ''),
(129, NULL, 'leonyapkl@gmail.com', 'c63823fc5596db30b7f7083722387329', 'Leon', NULL, NULL, 'male', NULL, NULL, 'Singapore', NULL, 'LEon', 1404128948, 0, 0, 0, 0, 0, 0, 0, NULL, NULL, NULL, 30, 10, 10, 10, 1, 0, 0, 0, NULL, 1, 1, 1, 1, 1, 1, 1, 0, ''),
(130, NULL, 'yaolouisvuitton0015@gmail.com', '4df636df28e4122f91eeabdb017675d6', 'carpinteyromfh', NULL, NULL, NULL, NULL, NULL, NULL, NULL, NULL, 1404276827, 0, 0, 0, 0, 0, 0, 0, NULL, NULL, 1406508821, 33, 10, 10, 13, 0, 0, 0, 0, NULL, 1, 1, 1, 1, 1, 1, 1, 0, ''),
(131, NULL, 'veengahwia@fastmailforyou.net', '68856c90365e35e3e8df64cc4e9c3345', 'AChenteeZept', NULL, NULL, NULL, NULL, NULL, NULL, NULL, NULL, 1404421333, 0, 0, 0, 0, 0, 0, 0, NULL, NULL, 1404495274, 31, 10, 10, 11, 0, 0, 0, 0, NULL, 1, 1, 1, 1, 1, 1, 1, 0, ''),
(128, NULL, 'dan.r.ts.ey.smi.t.h.197.7@gmail.com', '7961cff4b6c93dc78123f61d1abb7656', 'MichaelHen', NULL, NULL, NULL, NULL, NULL, NULL, NULL, NULL, 1403931300, 0, 0, 0, 0, 0, 0, 0, NULL, NULL, NULL, 30, 10, 10, 10, 0, 0, 0, 0, NULL, 1, 1, 1, 1, 1, 1, 1, 0, ''),
(127, NULL, 'da.nrt.sey.sm.it.h1977@gmail.com', '7961cff4b6c93dc78123f61d1abb7656', 'hommeHen', NULL, NULL, NULL, NULL, NULL, NULL, NULL, NULL, 1403734384, 0, 0, 0, 0, 0, 0, 0, NULL, NULL, NULL, 30, 10, 10, 10, 0, 0, 0, 0, NULL, 1, 1, 1, 1, 1, 1, 1, 0, ''),
(126, NULL, 'shyamshah217@gmail.com', '2734048ea04408b05d31ac68b6176443', 'Shyam', NULL, NULL, NULL, NULL, NULL, NULL, NULL, NULL, 1403453217, 0, 0, 0, 0, 0, 0, 0, NULL, NULL, NULL, 42, 11, 20, 11, 0, 0, 0, 0, NULL, 1, 1, 1, 1, 1, 1, 1, 0, ''),
(125, NULL, 'hemantasharma111@gmail.com', '7cd941727eca551dc6aa078ab1874f10', 'Hemanta Sharma', NULL, NULL, NULL, NULL, NULL, NULL, NULL, NULL, 1403436776, 0, 0, 0, 0, 0, 0, 0, NULL, NULL, 1404469950, 48, 12, 21, 14, 0, 0, 0, 0, NULL, 1, 1, 1, 1, 1, 1, 1, 0, ''),
(123, NULL, 'danielle410@ymail.com', '3972bce1349fae6e14328e9c12ad1f30', 'danielle.hackett.969', NULL, NULL, 'none', NULL, NULL, 'Everett, Washington', NULL, NULL, 1403300434, 0, 0, 0, 0, 0, 0, 0, NULL, NULL, NULL, 32, 11, 10, 10, 1, 0, 0, 0, NULL, 1, 1, 1, 1, 1, 1, 1, 0, ''),
(122, NULL, 'madhurishakyahuman@gmail.com', '12325f3cc79072534fab767c8652d12e', 'Micheal', NULL, NULL, NULL, NULL, NULL, NULL, NULL, NULL, 1403293193, 0, 0, 0, 0, 0, 0, 0, NULL, NULL, NULL, 41, 11, 20, 10, 0, 0, 0, 0, NULL, 1, 1, 1, 1, 1, 1, 1, 0, ''),
(90, NULL, 'coolrklimat54ee@gmail.com', '308bc03a0429d4173def6d34cf6b5ff2', 'Robertphew', NULL, NULL, NULL, NULL, NULL, NULL, NULL, NULL, 1400619082, 0, 0, 0, 0, 0, 0, 0, NULL, NULL, 1400774833, 31, 10, 10, 11, 0, 0, 0, 0, NULL, 1, 1, 1, 1, 1, 1, 1, 0, ''),
(121, NULL, 'agosyacerce@glabweb.net', '2f3bf27028ddc8a312bc3f8f1d91f2b7', 'Lonendapsdorp', NULL, NULL, NULL, NULL, NULL, NULL, NULL, NULL, 1403143396, 0, 0, 0, 0, 0, 0, 0, NULL, NULL, 1403360520, 32, 10, 10, 12, 0, 0, 0, 0, NULL, 1, 1, 1, 1, 1, 1, 1, 0, ''),
(124, NULL, 'mallasujata143@gmail.com', 'e15846406c2169d3e25fef26daf637ca', 'AngelSujata', NULL, NULL, NULL, NULL, NULL, NULL, NULL, NULL, 1403383715, 0, 0, 0, 0, 0, 0, 0, NULL, NULL, NULL, 45, 12, 20, 12, 0, 0, 0, 0, NULL, 1, 1, 1, 1, 1, 1, 1, 0, ''),
(117, NULL, 'agosyacerce@thailongstayjapanese.com', '2f3bf27028ddc8a312bc3f8f1d91f2b7', 'agosyacerce', NULL, NULL, NULL, NULL, NULL, NULL, NULL, NULL, 1402308338, 0, 0, 0, 0, 0, 0, 0, NULL, NULL, 1408358308, 41, 10, 10, 21, 0, 0, 0, 0, NULL, 1, 1, 1, 1, 1, 1, 1, 0, ''),
(118, NULL, 'joonyeow@gmail.com', '639ab96495d7739f212181c1dfd4337f', 'DeborahJY', NULL, NULL, NULL, NULL, NULL, NULL, NULL, NULL, 1402627717, 0, 0, 0, 0, 0, 0, 0, NULL, NULL, NULL, 33, 11, 10, 11, 0, 0, 0, 0, NULL, 1, 1, 1, 1, 1, 1, 1, 0, ''),
(97, NULL, 'hasanmahedi291@gmail.com', 'e5dd6ec1ea0801166de973bed5e36b81', 'mahedi807', NULL, 'mahedi', 'male', 'Dhaka', '', '', '', '  ', 1401164545, 0, 0, 0, 0, 0, 0, 0, NULL, NULL, 1428593934, 195, 14, 16, 158, 0, 0, 0, 0, NULL, 1, 1, 1, 1, 1, 1, 1, 0, ''),
(98, NULL, 'ecokompleks@gmail.com', '33fc638f511d561f2a4d0b72fe4633f7', 'Josephhert', NULL, NULL, NULL, NULL, NULL, NULL, NULL, NULL, 1401198243, 0, 0, 0, 0, 0, 0, 0, NULL, NULL, NULL, 30, 10, 10, 10, 0, 0, 0, 0, NULL, 1, 1, 1, 1, 1, 1, 1, 0, ''),
(133, NULL, 'violettuladhar@gmail.com', '7dd014827ec8620eb847298864af4fbe', 'CaroLine', NULL, '', 'none', '0', '', '', '', '', 1404842061, 0, 0, 0, 0, 0, 0, 0, NULL, NULL, 1407387610, 3983, 18, 10, 556, 0, 0, 0, 0, NULL, 1, 1, 1, 1, 1, 1, 1, 0, ''),
(134, NULL, 'johnson.kenzaria@yahoo.com', '7b36fa2134357d4e686754144d591559', 'kenzaria123', NULL, NULL, NULL, NULL, NULL, NULL, NULL, NULL, 1405118079, 0, 0, 0, 0, 0, 0, 0, NULL, NULL, NULL, 32, 10, 12, 10, 0, 0, 0, 0, NULL, 1, 1, 1, 1, 1, 1, 1, 0, ''),
(135, NULL, 'bryanjjew@aol.com', '5f786b2797441b38ed8bda64555157f9', 'CssjackKili', NULL, NULL, NULL, NULL, NULL, NULL, NULL, NULL, 1405218623, 0, 0, 0, 0, 0, 0, 0, NULL, NULL, 1406413360, 42, 10, 10, 22, 0, 0, 0, 0, NULL, 1, 1, 1, 1, 1, 1, 1, 0, ''),
(136, NULL, 'bjoslin25@gmx.com', '083d4ea284a438d88c9db19a08addac4', 'SamMype', NULL, NULL, NULL, NULL, NULL, NULL, NULL, NULL, 1405287324, 0, 0, 0, 0, 0, 0, 0, NULL, NULL, NULL, 30, 10, 10, 10, 0, 0, 0, 0, NULL, 1, 1, 1, 1, 1, 1, 1, 0, ''),
(104, NULL, 'carlosk2014pi@gmail.com', 'dfa10a4c484bb9c449c9b54221c55393', 'AlegatorSymn', NULL, NULL, NULL, NULL, NULL, NULL, NULL, NULL, 1401507192, 0, 0, 0, 0, 0, 0, 0, NULL, NULL, NULL, 30, 10, 10, 10, 0, 0, 0, 0, NULL, 1, 1, 1, 1, 1, 1, 1, 0, ''),
(137, NULL, 'elsagashi98@live.com', '75bb19f6842b37efc0c0b22fc557055b', 'ElsaShAdY', NULL, NULL, 'none', NULL, NULL, '', NULL, NULL, 1405473106, 0, 0, 0, 0, 0, 0, 0, NULL, NULL, NULL, 32, 11, 10, 10, 1, 0, 0, 0, NULL, 1, 1, 1, 1, 1, 1, 1, 0, ''),
(138, NULL, 'lasha.james@yahoo.com', '190adb7d53d92165837752d138b3d924', 'kersephone', NULL, NULL, NULL, NULL, NULL, NULL, NULL, NULL, 1405482102, 0, 0, 0, 0, 0, 0, 0, NULL, NULL, NULL, 44, 12, 20, 10, 0, 0, 0, 0, NULL, 1, 1, 1, 1, 1, 1, 1, 0, ''),
(107, NULL, 'sam@electronic-smoke.com', '5d96214cae9df57a1fa8001069e31c28', 'Gilbert', NULL, NULL, NULL, NULL, NULL, NULL, NULL, NULL, 1401701562, 0, 0, 0, 0, 0, 0, 0, NULL, NULL, NULL, 30, 10, 10, 10, 0, 0, 0, 0, NULL, 1, 1, 1, 1, 1, 1, 1, 0, ''),
(109, NULL, '3ea692051ca5afcdbce3d8e64359e020@puzzing.com', '227728d30b8e76073520e1039548485e', 'ohbeatrice', NULL, NULL, 'none', NULL, NULL, 'California (Bay Area', NULL, 'Photographer, Filmmaker, Coder, DJ & @UCBerkeley Grad Student', 1401775072, 0, 0, 0, 0, 0, 0, 0, NULL, NULL, NULL, 33, 12, 10, 10, 1, 0, 0, 0, NULL, 1, 1, 1, 1, 1, 1, 1, 0, ''),
(110, NULL, 'ImmegoCoegO@360shopat.com', '286c11c98acb1c0829bdd8560bb1a473', 'nuttPsync', NULL, NULL, NULL, NULL, NULL, NULL, NULL, NULL, 1401788933, 0, 0, 0, 0, 0, 0, 0, NULL, NULL, NULL, 30, 10, 10, 10, 0, 0, 0, 0, NULL, 1, 1, 1, 1, 1, 1, 1, 0, ''),
(139, NULL, 'lolasolluna@gmail.com', 'be9602258432e19f6b14cd1c874378b2', 'mayra.alexhope', NULL, NULL, 'none', NULL, NULL, 'Denver, Colorado', NULL, NULL, 1405529911, 0, 0, 0, 0, 0, 0, 0, NULL, NULL, NULL, 35, 11, 13, 10, 1, 0, 0, 0, NULL, 1, 1, 1, 1, 1, 1, 1, 0, ''),
(112, NULL, 'bobKayaskboob@360shopat.com', '286c11c98acb1c0829bdd8560bb1a473', 'Abancealildib', NULL, NULL, NULL, NULL, NULL, NULL, NULL, NULL, 1401827203, 0, 0, 0, 0, 0, 0, 0, NULL, NULL, 1401837979, 31, 10, 10, 11, 0, 0, 0, 0, NULL, 1, 1, 1, 1, 1, 1, 1, 0, ''),
(140, NULL, 'racheltonight10@gmail.com', '0b4628de26df081676a8e71d390b9fe8', 'rachellee24', NULL, NULL, NULL, NULL, NULL, NULL, NULL, NULL, 1405548296, 0, 0, 0, 0, 0, 0, 0, NULL, NULL, 1405557927, 41, 10, 20, 11, 0, 0, 0, 0, NULL, 1, 1, 1, 1, 1, 1, 1, 0, ''),
(115, NULL, 'mahedi@gmail.com', 'e10adc3949ba59abbe56e057f20f883e', 'zahedul', NULL, 'zahed', 'male', '0', '', '', '', '', 1401956979, 0, 0, 5, 2, 0, 5, 1, '', 0, 1430729868, 130, 11, 14, 101, 1, 0, 0, 0, NULL, 1, 1, 1, 1, 1, 1, 1, 0, ''),
(120, NULL, 'celeste_fresa_98@hotmail.com', '3267fb15c22e6e42c9e3116418fb4660', 'celeste.aguirre.7', NULL, NULL, 'none', NULL, NULL, '', NULL, NULL, 1403069683, 0, 0, 0, 0, 0, 0, 0, NULL, NULL, NULL, 32, 11, 10, 10, 1, 0, 0, 0, NULL, 1, 1, 1, 1, 1, 1, 1, 0, ''),
(141, NULL, 'tanjq87@yahoo.com', '480c1a9e59d73f6aac98d9bcbdf930da', 'jieqiang', NULL, NULL, 'male', NULL, NULL, 'Kuala Lumpur, Malays', NULL, NULL, 1405670210, 0, 0, 0, 0, 0, 0, 0, NULL, NULL, NULL, 30, 10, 10, 10, 1, 0, 0, 0, NULL, 1, 1, 1, 1, 1, 1, 1, 0, ''),
(192, NULL, 'ed34ab2ed3eac3f408810edf66c27221@puzzing.com', 'a26afb240d44ab633d80d6d986209a2a', 'AiubMahedi', NULL, NULL, 'none', NULL, NULL, '', NULL, '', 1410415375, 0, 0, 0, 0, 0, 0, 0, NULL, NULL, NULL, 30, 10, 10, 10, 1, 0, 0, 0, NULL, 1, 1, 1, 1, 1, 1, 1, 0, ''),
(143, NULL, 'fe11589f0195532269052e243036c1a2@puzzing.com', 'd800f7bce5dc3e1cd6ecbc00470f9cfe', 'Ave Han', NULL, NULL, 'none', NULL, NULL, NULL, NULL, NULL, 1406018502, 0, 0, 0, 0, 0, 0, 0, NULL, NULL, NULL, 0, 0, 0, 0, 1, 0, 0, 0, NULL, 1, 1, 1, 1, 1, 1, 1, 0, ''),
(144, NULL, '002395488378d0ae6e2b79c6225ef06e@puzzing.com', 'f3bf01773291eaca113a7c19184676a8', 'Aveline Han', NULL, NULL, 'none', NULL, NULL, NULL, NULL, NULL, 1406018509, 0, 0, 0, 0, 0, 0, 0, NULL, NULL, NULL, 0, 0, 0, 0, 1, 0, 0, 0, NULL, 1, 1, 1, 1, 1, 1, 1, 0, ''),
(145, NULL, 'e56d3afe74277d2c61aa72fd689de9ef@puzzing.com', 'd29b80b5c19aba32b0bbf2c83b774da9', 'Aveline0817', NULL, NULL, 'none', NULL, NULL, NULL, NULL, NULL, 1406018516, 0, 0, 0, 0, 0, 0, 0, NULL, NULL, NULL, 0, 0, 0, 0, 1, 0, 0, 0, NULL, 1, 1, 1, 1, 1, 1, 1, 0, ''),
(146, NULL, 'hansilver817817@hotmail.com', '4e28adbba76d4db618d6691c23914744', 'aveline.han', NULL, NULL, 'none', NULL, NULL, 'Bulle, Fribourg', NULL, NULL, 1406018552, 0, 0, 0, 0, 0, 0, 0, NULL, NULL, NULL, 32, 11, 10, 10, 1, 0, 0, 0, NULL, 1, 1, 1, 1, 1, 1, 1, 0, ''),
(147, NULL, 'baileymbrooks@gmail.com', '66dd9b46714a768095cc5047be2b80cd', 'baybayy10', NULL, NULL, NULL, NULL, NULL, NULL, NULL, NULL, 1406171994, 0, 0, 0, 0, 0, 0, 0, NULL, NULL, NULL, 30, 10, 10, 10, 0, 0, 0, 0, NULL, 1, 1, 1, 1, 1, 1, 1, 0, ''),
(148, NULL, 'yaolouisvuitton0020@gmail.com', '4820cedb76ea10203e816dd438834871', 'pletcherrgb', NULL, NULL, NULL, NULL, NULL, NULL, NULL, NULL, 1406344112, 0, 0, 0, 0, 0, 0, 0, NULL, NULL, 1409925854, 32, 10, 10, 12, 0, 0, 0, 0, NULL, 1, 1, 1, 1, 1, 1, 1, 0, ''),
(149, NULL, 'hotmess.reiter@gmail.com', 'ea9c0da9347232045b4c9171af59ac81', 'hotmess-soph513', NULL, NULL, NULL, NULL, NULL, NULL, NULL, NULL, 1406400304, 0, 0, 0, 0, 0, 0, 0, NULL, NULL, NULL, 44, 12, 20, 10, 0, 0, 0, 0, NULL, 1, 1, 1, 1, 1, 1, 1, 0, ''),
(150, NULL, 'mercytucker@hotmail.com', '36fc500c39d6a6462d131fd70ec45f47', 'mercy.keturah', NULL, NULL, 'none', NULL, NULL, '', NULL, NULL, 1406431650, 0, 0, 0, 0, 0, 0, 0, NULL, NULL, NULL, 32, 11, 10, 10, 1, 0, 0, 0, NULL, 1, 1, 1, 1, 1, 1, 1, 0, ''),
(151, NULL, 'rickkky3@aol.com', '26fe78752737932bef036c398b225f66', 'KokoKili', NULL, NULL, NULL, NULL, NULL, NULL, NULL, NULL, 1406499700, 0, 0, 0, 0, 0, 0, 0, NULL, NULL, 1408453261, 45, 10, 10, 25, 0, 0, 0, 0, NULL, 1, 1, 1, 1, 1, 1, 1, 0, ''),
(152, NULL, 'keynes.wallace@yandex.ru', 'f1511427d692a008c7af694ac90f9a58', 'Thomashots', NULL, NULL, NULL, NULL, NULL, NULL, NULL, NULL, 1406562764, 0, 0, 0, 0, 0, 0, 0, NULL, NULL, NULL, 30, 10, 10, 10, 0, 0, 0, 0, NULL, 1, 1, 1, 1, 1, 1, 1, 0, ''),
(153, NULL, 'gomez_katerin@yahoo.com', 'fb5e9724033def87c3093566dca8d5b0', 'katii_x3', NULL, NULL, NULL, NULL, NULL, NULL, NULL, NULL, 1406574847, 0, 0, 0, 0, 0, 0, 0, NULL, NULL, NULL, 30, 10, 10, 10, 0, 0, 0, 0, NULL, 1, 1, 1, 1, 1, 1, 1, 0, ''),
(154, NULL, 'tuladhar2013@gmail.com', 'a0786ca6f25c102cf8be5e1e68a48a0d', 'Voilet', NULL, NULL, NULL, NULL, NULL, NULL, NULL, NULL, 1406649100, 0, 0, 0, 0, 0, 0, 0, NULL, NULL, 1406866734, 109, 16, 10, 53, 0, 0, 0, 0, NULL, 1, 1, 1, 1, 1, 1, 1, 0, ''),
(155, NULL, 'fosterb22@yahoo.com', 'e352e275f2f2545c8f23a9dffb3ec2d9', 'bribribreanna', NULL, NULL, 'none', NULL, NULL, 'Euclid, Ohio', NULL, 'Ask me what you wanna know Lol', 1406656761, 0, 0, 0, 0, 0, 0, 0, NULL, NULL, NULL, 32, 11, 10, 10, 1, 0, 0, 0, NULL, 1, 1, 1, 1, 1, 1, 1, 0, ''),
(156, NULL, 'reredavies@gmail.com', '8f211bd59360821e5ea797a2cf1759a4', 'daviesrina', NULL, NULL, NULL, NULL, NULL, NULL, NULL, NULL, 1406910492, 0, 0, 0, 0, 0, 0, 0, NULL, NULL, NULL, 30, 10, 10, 10, 0, 0, 0, 0, NULL, 1, 1, 1, 1, 1, 1, 1, 0, ''),
(157, NULL, 'ning14sw@yandex.ru', 'ddb4db2a87c72e0e4277385ea307c8f6', 'RolandMess', NULL, NULL, NULL, NULL, NULL, NULL, NULL, NULL, 1407401169, 0, 0, 0, 0, 0, 0, 0, NULL, NULL, NULL, 30, 10, 10, 10, 0, 0, 0, 0, NULL, 1, 1, 1, 1, 1, 1, 1, 0, ''),
(158, NULL, 'liusuifeng@yandex.ru', '50efe523ed94b9d443ac066023a6785c', 'ArthurBit', NULL, NULL, NULL, NULL, NULL, NULL, NULL, NULL, 1407416824, 0, 0, 0, 0, 0, 0, 0, NULL, NULL, 1408195087, 31, 10, 10, 11, 0, 0, 0, 0, NULL, 1, 1, 1, 1, 1, 1, 1, 0, ''),
(159, NULL, 'roseshakya555@gmail.com', 'aeb5e3a679d0cf2535b6fd5e477e895d', 'Rose', NULL, NULL, NULL, NULL, NULL, NULL, NULL, NULL, 1407594032, 0, 0, 0, 1, 0, 0, 0, NULL, NULL, 1410852480, 5643, 22, 17, 691, 0, 0, 0, 0, NULL, 1, 1, 1, 1, 1, 1, 1, 0, ''),
(160, NULL, 'manisharaimoon@gmail.com', 'c407a1d1e9f66b48f41bbf2484ff07f7', 'Manisha', NULL, NULL, NULL, NULL, NULL, NULL, NULL, NULL, 1407604077, 0, 0, 0, 1, 0, 0, 0, NULL, NULL, 1412509560, 1545, 17, 10, 415, 0, 0, 0, 0, NULL, 1, 1, 1, 1, 1, 1, 1, 0, ''),
(161, NULL, 'm.wolseley@yandex.ru', 'f494bc154b9fefc0c003e61a472ce301', 'Michaeler', NULL, NULL, NULL, NULL, NULL, NULL, NULL, NULL, 1407749652, 0, 0, 0, 0, 0, 0, 0, NULL, NULL, 1411043007, 37, 10, 10, 17, 0, 0, 0, 0, NULL, 1, 1, 1, 1, 1, 1, 1, 0, ''),
(162, NULL, 'lockhart.i@yandex.ru', '967c406921278b6cb91d6b5943899186', 'Williampt', NULL, NULL, NULL, NULL, NULL, NULL, NULL, NULL, 1407750216, 0, 0, 0, 0, 0, 0, 0, NULL, NULL, 1407843296, 31, 10, 10, 11, 0, 0, 0, 0, NULL, 1, 1, 1, 1, 1, 1, 1, 0, ''),
(163, NULL, 'ArlineLyons@mail.com', '5c02a01bc0a5aaaaee3758fc9fbbbc62', 'JulieArno', NULL, '', 'none', '0', '', '', '', ' ', 1407993733, 0, 0, 0, 0, 0, 0, 0, NULL, NULL, NULL, 36, 10, 10, 15, 0, 0, 0, 0, NULL, 1, 1, 1, 1, 1, 1, 0, 0, ''),
(164, NULL, 'ning14sws@yandex.ru', 'f3840ae38ce7ff6fbf2bc8fdbabe3c3f', 'Williamvose', NULL, NULL, NULL, NULL, NULL, NULL, NULL, NULL, 1408039161, 0, 0, 0, 0, 0, 0, 0, NULL, NULL, NULL, 30, 10, 10, 10, 0, 0, 0, 0, NULL, 1, 1, 1, 1, 1, 1, 1, 0, ''),
(165, NULL, 'JessicaArtino@hotmail.com', 'b335ed93135bae75a93573378a29fa1f', 'AlinaHoldt', NULL, NULL, NULL, NULL, NULL, NULL, NULL, NULL, 1408086982, 0, 0, 0, 0, 0, 0, 0, NULL, NULL, NULL, 33, 11, 10, 11, 0, 0, 0, 0, NULL, 1, 1, 1, 1, 1, 1, 1, 0, ''),
(166, NULL, 'vcbcxsc@hotmail.com', '82b053a983573b481d1e634a38e70519', 'piof3flj', NULL, NULL, NULL, NULL, NULL, NULL, NULL, NULL, 1408178599, 0, 0, 0, 1, 0, 0, 0, NULL, NULL, 1411282755, 32, 10, 10, 12, 0, 0, 0, 0, NULL, 1, 1, 1, 1, 1, 1, 1, 0, ''),
(167, NULL, 'bnvbxcxzcxzv@hotmail.com', '82b053a983573b481d1e634a38e70519', 'ktoj5ndf', NULL, NULL, NULL, NULL, NULL, NULL, NULL, NULL, 1408179298, 0, 0, 0, 1, 0, 0, 0, NULL, NULL, 1409776660, 31, 10, 10, 11, 0, 0, 0, 0, NULL, 1, 1, 1, 1, 1, 1, 1, 0, ''),
(168, NULL, 'adrian@kivthis.com', '4ce7efc8679245b7ee85cff416699a78', 'adrian.neo.52', NULL, NULL, 'male', NULL, NULL, '', NULL, NULL, 1408367825, 0, 0, 0, 1, 0, 0, 0, NULL, NULL, NULL, 30, 10, 10, 10, 1, 0, 0, 0, NULL, 1, 1, 1, 1, 1, 1, 1, 0, ''),
(169, NULL, 'cvbcxbvvcbcvbc@hotmail.com', '82b053a983573b481d1e634a38e70519', 'byoz8xxz', NULL, NULL, NULL, NULL, NULL, NULL, NULL, NULL, 1408409561, 0, 0, 0, 0, 0, 0, 0, NULL, NULL, 1411329525, 31, 10, 10, 11, 0, 0, 0, 0, NULL, 1, 1, 1, 1, 1, 1, 1, 0, ''),
(170, NULL, 'natividad@satchco.com', '1d696f27ea03e626d5c07f56c0880cca', 'fvhjwrkew', NULL, NULL, NULL, NULL, NULL, NULL, NULL, NULL, 1408465686, 0, 0, 0, 0, 0, 0, 0, NULL, NULL, NULL, 30, 10, 10, 10, 0, 0, 0, 0, NULL, 1, 1, 1, 1, 1, 1, 1, 0, ''),
(171, NULL, 'delkyy@aim.com', '74d6c13d09277e60db3f2f42075d215f', 'DelkyKili', NULL, NULL, NULL, NULL, NULL, NULL, NULL, NULL, 1408894425, 0, 0, 0, 0, 0, 0, 0, NULL, NULL, 1410448169, 38, 10, 10, 18, 0, 0, 0, 0, NULL, 1, 1, 1, 1, 1, 1, 1, 0, ''),
(172, NULL, 'backpacksforgirl@gmail.com', '32082ed79162c532d516afe975360b28', 'aisin.gioro.75', NULL, NULL, 'none', NULL, NULL, 'Los Angeles, Califor', NULL, NULL, 1408941513, 0, 0, 0, 0, 0, 0, 0, NULL, NULL, NULL, 30, 10, 10, 10, 1, 0, 0, 0, NULL, 1, 1, 1, 1, 1, 1, 1, 0, ''),
(188, NULL, 'jnkmfx@gmail.com', 'ab30a1691383d47111bb285b3341b852', 'Dina', NULL, NULL, 'male', NULL, NULL, 'Singapore', NULL, NULL, 1409991931, 0, 0, 0, 0, 0, 0, 0, NULL, NULL, NULL, 0, 0, 0, 0, 1, 0, 0, 0, NULL, 1, 1, 1, 1, 1, 1, 1, 0, ''),
(193, NULL, 'aidilah@hotmail.com', 'a9fbffd8a9f6c6e08c8e064eb441f532', 'Adilah', NULL, NULL, NULL, NULL, NULL, NULL, NULL, NULL, 1410451509, 0, 0, 0, 0, 0, 0, 0, NULL, NULL, NULL, 33, 11, 11, 10, 0, 0, 0, 0, NULL, 1, 1, 1, 1, 1, 1, 1, 0, ''),
(174, NULL, 'zhouwanwan203@hotmail.com', 'aba5dd35a816db3de7a47c184b898709', 'AnthonybyPe', NULL, NULL, NULL, NULL, NULL, NULL, NULL, NULL, 1409170656, 0, 0, 0, 0, 0, 0, 0, NULL, NULL, 1409226473, 31, 10, 10, 11, 0, 0, 0, 0, NULL, 1, 1, 1, 1, 1, 1, 1, 0, ''),
(175, NULL, 'tyndall.lann@yandex.ru', '1710bd10071ee2f955cff1c1cdee0146', 'Horaciosr', NULL, NULL, NULL, NULL, NULL, NULL, NULL, NULL, 1409230483, 0, 0, 0, 0, 0, 0, 0, NULL, NULL, NULL, 30, 10, 10, 10, 0, 0, 0, 0, NULL, 1, 1, 1, 1, 1, 1, 1, 0, ''),
(176, NULL, 'caiming33@hotmail.com', '08f6d727bb57b26603501cb2dd2a811c', 'Walterdrob', NULL, NULL, NULL, NULL, NULL, NULL, NULL, NULL, 1409317962, 0, 0, 0, 0, 0, 0, 0, NULL, NULL, 1409471102, 32, 10, 10, 12, 0, 0, 0, 0, NULL, 1, 1, 1, 1, 1, 1, 1, 0, ''),
(177, NULL, 'edmondhit2014@yandex.ru', '04a1d2775d46b205d2b326973f342b26', 'EdmondBew', NULL, NULL, NULL, NULL, NULL, NULL, NULL, NULL, 1409338006, 0, 0, 0, 0, 0, 0, 0, NULL, NULL, NULL, 30, 10, 10, 10, 0, 0, 0, 0, NULL, 1, 1, 1, 1, 1, 1, 1, 0, ''),
(178, NULL, 'pengss58@hotmail.com', '79730495848f54476d25cd574b17c5b6', 'Gabrielheme', NULL, NULL, NULL, NULL, NULL, NULL, NULL, NULL, 1409413505, 0, 0, 0, 0, 0, 0, 0, NULL, NULL, 1409537590, 31, 10, 10, 11, 0, 0, 0, 0, NULL, 1, 1, 1, 1, 1, 1, 1, 0, ''),
(179, NULL, 'tonykesssa@hotmail.com', 'fe19d4bb419aee996e605c5ea0020894', 'KennethAmek', NULL, NULL, NULL, NULL, NULL, NULL, NULL, NULL, 1409487668, 0, 0, 0, 0, 0, 0, 0, NULL, NULL, 1409603923, 31, 10, 10, 11, 0, 0, 0, 0, NULL, 1, 1, 1, 1, 1, 1, 1, 0, ''),
(180, NULL, 'tonyulimg@hotmail.com', '8c72ce587267812e193657c65f74d61b', 'Lemuelei', NULL, NULL, NULL, NULL, NULL, NULL, NULL, NULL, 1409535514, 0, 0, 0, 0, 0, 0, 0, NULL, NULL, 1409813402, 31, 10, 10, 11, 0, 0, 0, 0, NULL, 1, 1, 1, 1, 1, 1, 1, 0, ''),
(181, NULL, 'sheldonwilderjfg@hotmail.com', 'db16a4db6571089d73b2ee712a2eb152', 'ogxuyqrhx', NULL, NULL, NULL, NULL, NULL, NULL, NULL, NULL, 1409567436, 0, 0, 0, 0, 0, 0, 0, NULL, NULL, 1417178901, 32, 10, 10, 12, 0, 0, 0, 0, NULL, 1, 1, 1, 1, 1, 1, 1, 0, ''),
(182, NULL, 'someonepaly@hotmail.com', 'ee0beed4d63a8b6404b80f6fc53d7c7c', 'EdwardHant', NULL, NULL, NULL, NULL, NULL, NULL, NULL, NULL, 1409594046, 0, 0, 0, 0, 0, 0, 0, NULL, NULL, 1409805725, 32, 10, 10, 12, 0, 0, 0, 0, NULL, 1, 1, 1, 1, 1, 1, 1, 0, ''),
(183, NULL, 'xcvbnbnbn123@hotmail.com', '82b053a983573b481d1e634a38e70519', 'epoq5lhm', NULL, NULL, NULL, NULL, NULL, NULL, NULL, NULL, 1409777048, 0, 0, 0, 0, 0, 0, 0, NULL, NULL, NULL, 30, 10, 10, 10, 0, 0, 0, 0, NULL, 1, 1, 1, 1, 1, 1, 1, 0, ''),
(184, NULL, 'someonepalyone@hotmail.com', '66b72046ce87a84c435adf3d9cf6998f', 'CedricMt', NULL, NULL, NULL, NULL, NULL, NULL, NULL, NULL, 1409823341, 0, 0, 0, 0, 0, 0, 0, NULL, NULL, 1410677017, 34, 10, 10, 14, 0, 0, 0, 0, NULL, 1, 1, 1, 1, 1, 1, 1, 0, ''),
(189, NULL, 'sakib.cb09@yahoo.com', '4df8b09ea0466d17761a360693cc4092', 'sunno.sakib', NULL, NULL, 'male', NULL, NULL, '', NULL, NULL, 1410151776, 0, 0, 0, 0, 0, 0, 0, NULL, NULL, NULL, 30, 10, 10, 10, 1, 0, 0, 0, NULL, 1, 1, 1, 1, 1, 1, 1, 0, ''),
(195, NULL, 'someonepass@hotmail.com', '6b9b750c694f0c4d9d75625ed7efe5e0', 'TravisFed', NULL, NULL, NULL, NULL, NULL, NULL, NULL, NULL, 1410676367, 0, 0, 0, 0, 0, 0, 0, NULL, NULL, 1410827455, 31, 10, 10, 11, 0, 0, 0, 0, NULL, 1, 1, 1, 1, 1, 1, 1, 0, ''),
(196, NULL, 'someonepassmi@hotmail.com', '4e069dfdfb8dd16b8f77c28dafc39277', 'EdwardOl', NULL, NULL, NULL, NULL, NULL, NULL, NULL, NULL, 1410790581, 0, 0, 0, 0, 0, 0, 0, NULL, NULL, 1410934022, 31, 10, 10, 11, 0, 0, 0, 0, NULL, 1, 1, 1, 1, 1, 1, 1, 0, ''),
(197, NULL, 'soneonepasse@hotmail.com', '38428c264f6c2ea2edeaf491d1c28018', 'Williamer', NULL, NULL, NULL, NULL, NULL, NULL, NULL, NULL, 1410872829, 0, 0, 0, 0, 0, 0, 0, NULL, NULL, 1411008002, 32, 10, 10, 12, 0, 0, 0, 0, NULL, 1, 1, 1, 1, 1, 1, 1, 0, ''),
(198, NULL, 'sandratuladhar143@gmail.com', '113b3ff9faf91ae863a3e5d9bb518e9e', 'Sandra', NULL, NULL, NULL, NULL, NULL, NULL, NULL, NULL, 1410888087, 0, 0, 0, 0, 0, 0, 0, NULL, NULL, 1412492698, 1816, 17, 10, 284, 0, 0, 0, 0, NULL, 1, 1, 1, 1, 1, 1, 1, 0, ''),
(199, NULL, 'shresthaumesh441@gmail.com', 'aeb5e3a679d0cf2535b6fd5e477e895d', 'MooN', NULL, '', 'none', '0', '', '', '', '', 1410940270, 0, 0, 0, 0, 0, 0, 0, NULL, NULL, 1411366569, 210, 17, 10, 55, 0, 0, 0, 0, NULL, 1, 1, 1, 1, 1, 1, 1, 0, ''),
(200, NULL, 'someonepassgle@hotmail.com', '31fa8b4ddba6ccaededab68f152af57d', 'xsmtdilxey', NULL, NULL, NULL, NULL, NULL, NULL, NULL, NULL, 1410947574, 0, 0, 0, 0, 0, 0, 0, NULL, NULL, 1411309044, 33, 10, 10, 13, 0, 0, 0, 0, NULL, 1, 1, 1, 1, 1, 1, 1, 0, ''),
(201, NULL, 'marie@thehosh.com', '3deeb65e91242371e4cbbde971540a3d', 'JosephMids', NULL, NULL, NULL, NULL, NULL, NULL, NULL, NULL, 1410989403, 0, 0, 0, 0, 0, 0, 0, NULL, NULL, NULL, 30, 10, 10, 10, 0, 0, 0, 0, NULL, 1, 1, 1, 1, 1, 1, 1, 0, ''),
(202, NULL, 'simida2014521@163.com', 'a29213c5fe1a2a0fe3f462d737c72e87', 'Robertval', NULL, NULL, NULL, NULL, NULL, NULL, NULL, NULL, 1411041064, 0, 0, 0, 0, 0, 0, 0, NULL, NULL, NULL, 30, 10, 10, 10, 0, 0, 0, 0, NULL, 1, 1, 1, 1, 1, 1, 1, 0, ''),
(203, NULL, 'sarah_mail@yeah.net', 'c3e67faa6fdf77da48448cf60cf58ce8', 'timothyikd\n', NULL, NULL, NULL, NULL, NULL, NULL, NULL, NULL, 1411120550, 0, 0, 0, 0, 0, 0, 0, NULL, NULL, NULL, 30, 10, 10, 10, 0, 0, 0, 0, NULL, 1, 1, 1, 1, 1, 1, 1, 0, ''),
(204, NULL, 'tonybouts@hotmail.com', 'cf4ed146752542ef5af3edfb6a1b8e6e', 'vnjizqrrfk', NULL, NULL, NULL, NULL, NULL, NULL, NULL, NULL, 1411263375, 0, 0, 0, 0, 0, 0, 0, NULL, NULL, 1411628346, 33, 10, 10, 13, 0, 0, 0, 0, NULL, 1, 1, 1, 1, 1, 1, 1, 0, ''),
(205, NULL, 'yagebubuyayagebu@hotmail.com', '6159f4fec81150d5853444b4904a31d0', 'CalvinMt', NULL, NULL, NULL, NULL, NULL, NULL, NULL, NULL, 1411350551, 0, 0, 0, 0, 0, 0, 0, NULL, NULL, 1411472696, 31, 10, 10, 11, 0, 0, 0, 0, NULL, 1, 1, 1, 1, 1, 1, 1, 0, ''),
(206, NULL, 'stanleyhomies@rocketmail.com', '0267679bcb47e9b22df2e834d20944ef', 'stanleyhomies', NULL, NULL, 'male', NULL, NULL, 'Kuala Lumpur, Malays', NULL, NULL, 1411401269, 0, 0, 0, 0, 0, 0, 0, NULL, NULL, NULL, 45, 12, 21, 10, 1, 0, 0, 0, NULL, 1, 1, 1, 1, 1, 1, 1, 0, ''),
(207, NULL, 'francispang83@yahoo.com', '8c0fb3b2cb6fbf175fd9c1d72a056857', 'francis.pang.589', NULL, NULL, 'male', NULL, NULL, 'Kuala Lumpur, Malays', NULL, NULL, 1411655612, 0, 0, 0, 0, 0, 0, 0, NULL, NULL, NULL, 30, 10, 10, 10, 1, 0, 0, 0, NULL, 1, 1, 1, 1, 1, 1, 1, 0, ''),
(208, NULL, 'nazariwh@outlook.com', '1b3c6981abb574003277b6bf9751f9c2', 'gjalqlrai', NULL, NULL, NULL, NULL, NULL, NULL, NULL, NULL, 1412093771, 0, 0, 0, 0, 0, 0, 0, NULL, NULL, NULL, 30, 10, 10, 10, 0, 0, 0, 0, NULL, 1, 1, 1, 1, 1, 1, 1, 0, ''),
(209, NULL, 'johnnewwman@aol.com', 'b3652e430fa1db7bae09413e2c440ea4', 'Mattgano', NULL, NULL, NULL, NULL, NULL, NULL, NULL, NULL, 1412198193, 0, 0, 0, 0, 0, 0, 0, NULL, NULL, NULL, 30, 10, 10, 10, 0, 0, 0, 0, NULL, 1, 1, 1, 1, 1, 1, 1, 0, ''),
(210, NULL, 'kerien@outlook.com', '257a27036b614b8b35441be13b50d5c1', 'kerien', NULL, NULL, NULL, NULL, NULL, NULL, NULL, NULL, 1412481287, 0, 0, 0, 0, 0, 0, 0, NULL, NULL, NULL, 30, 10, 10, 10, 0, 0, 0, 0, NULL, 1, 1, 1, 1, 1, 1, 1, 0, ''),
(211, NULL, 'ewvkkcestero@outlook.com', '1b3c6981abb574003277b6bf9751f9c2', 'gjbcngnfq', NULL, NULL, NULL, NULL, NULL, NULL, NULL, NULL, 1412847078, 0, 0, 0, 0, 0, 0, 0, NULL, NULL, NULL, 30, 10, 10, 10, 0, 0, 0, 0, NULL, 1, 1, 1, 1, 1, 1, 1, 0, ''),
(212, NULL, 'billheimeru@outlook.com', '1b3c6981abb574003277b6bf9751f9c2', 'gjrkyvbrq', NULL, NULL, NULL, NULL, NULL, NULL, NULL, NULL, 1412858879, 0, 0, 0, 0, 0, 0, 0, NULL, NULL, NULL, 30, 10, 10, 10, 0, 0, 0, 0, NULL, 1, 1, 1, 1, 1, 1, 1, 0, ''),
(213, NULL, 'canceline2000@yahoo.com', '486ff1f83f24618235d1d137b7bf53a1', 'canceline2000', NULL, NULL, NULL, NULL, NULL, NULL, NULL, NULL, 1413177435, 0, 0, 0, 0, 0, 0, 0, NULL, NULL, NULL, 30, 10, 10, 10, 0, 0, 0, 0, NULL, 1, 1, 1, 1, 1, 1, 1, 0, ''),
(214, NULL, 'terryeen@gmail.com', '747c204480c1a0c5d60a26fce5eab666', 'terryeen', NULL, NULL, 'male', NULL, NULL, '', NULL, NULL, 1413245658, 0, 0, 0, 0, 0, 0, 0, NULL, NULL, NULL, 33, 11, 11, 10, 1, 0, 0, 0, NULL, 1, 1, 1, 1, 1, 1, 1, 0, ''),
(215, NULL, 'choksingwei@gmail.com', '46659d1a7c318e5190e9856d45b1b250', 'andrewchokchok', NULL, NULL, 'male', NULL, NULL, 'Singapore', NULL, NULL, 1413352621, 0, 0, 0, 0, 0, 0, 0, NULL, NULL, NULL, 30, 10, 10, 10, 1, 0, 0, 0, NULL, 1, 1, 1, 1, 1, 1, 1, 0, ''),
(216, NULL, 'investorwr@hotmail.com', '0c10689b5ed525ed66ee51fd6d9fb91f', 'nwmsgbgd', NULL, NULL, NULL, NULL, NULL, NULL, NULL, NULL, 1413426892, 0, 0, 0, 0, 0, 0, 0, NULL, NULL, 1415124486, 31, 10, 10, 11, 0, 0, 0, 0, NULL, 1, 1, 1, 1, 1, 1, 1, 0, ''),
(217, NULL, 'emplacedec@hotmail.com', '4787e08417d1661cfe4e1a8185ee8813', 'akuelwax', NULL, NULL, NULL, NULL, NULL, NULL, NULL, NULL, 1414213801, 0, 0, 0, 0, 0, 0, 0, NULL, NULL, NULL, 30, 10, 10, 10, 0, 0, 0, 0, NULL, 1, 1, 1, 1, 1, 1, 1, 0, ''),
(218, NULL, 'srhema84@gmail.com', 'f2a5485422e19dff0bad9c23e03ba18b', 'hema ', NULL, NULL, NULL, NULL, NULL, NULL, NULL, NULL, 1414417589, 0, 0, 0, 0, 0, 0, 0, NULL, NULL, NULL, 30, 10, 10, 10, 0, 0, 0, 0, NULL, 1, 1, 1, 1, 1, 1, 1, 0, ''),
(219, NULL, 'oldernowl@outlook.com', '1b3c6981abb574003277b6bf9751f9c2', 'gjvogeuqm', NULL, NULL, NULL, NULL, NULL, NULL, NULL, NULL, 1414498715, 0, 0, 0, 0, 0, 0, 0, NULL, NULL, NULL, 30, 10, 10, 10, 0, 0, 0, 0, NULL, 1, 1, 1, 1, 1, 1, 1, 0, ''),
(220, NULL, 'gorobecclena@yandex.ru', '17d028e2b8cf1963ff6b078aef1da4f9', 'MichaeleLom', NULL, NULL, NULL, NULL, NULL, NULL, NULL, NULL, 1414779385, 0, 0, 0, 0, 0, 0, 0, NULL, NULL, NULL, 30, 10, 10, 10, 0, 0, 0, 0, NULL, 1, 1, 1, 1, 1, 1, 1, 0, ''),
(221, NULL, 'dunucklin@outlook.com', '1b3c6981abb574003277b6bf9751f9c2', 'pxfhydjus', NULL, NULL, NULL, NULL, NULL, NULL, NULL, NULL, 1415029123, 0, 0, 0, 0, 0, 0, 0, NULL, NULL, NULL, 30, 10, 10, 10, 0, 0, 0, 0, NULL, 1, 1, 1, 1, 1, 1, 1, 0, ''),
(222, NULL, 'urologics@hotmail.com', '4ae520a9b7cc39f266a1cd88285e6325', 'lywpvwnr', NULL, NULL, NULL, NULL, NULL, NULL, NULL, NULL, 1415095916, 0, 0, 0, 0, 0, 0, 0, NULL, NULL, NULL, 30, 10, 10, 10, 0, 0, 0, 0, NULL, 1, 1, 1, 1, 1, 1, 1, 0, ''),
(223, NULL, 'sinceredeci@hotmail.com', '2d93844f8fcd52d9077f48c770682b2b', 'rprwsvcf', NULL, NULL, NULL, NULL, NULL, NULL, NULL, NULL, 1415187913, 0, 0, 0, 0, 0, 0, 0, NULL, NULL, NULL, 30, 10, 10, 10, 0, 0, 0, 0, NULL, 1, 1, 1, 1, 1, 1, 1, 0, ''),
(224, NULL, 'micujanet@yahoo.com', '9cfcf92ac16e3f08f6bf6635204caa37', 'janetmicu@yahoo.com', NULL, NULL, NULL, NULL, NULL, NULL, NULL, NULL, 1415188069, 0, 0, 0, 0, 0, 0, 0, NULL, NULL, NULL, 30, 10, 10, 10, 0, 0, 0, 0, NULL, 1, 1, 1, 1, 1, 1, 1, 0, ''),
(225, NULL, 'incidentequ@hotmail.com', 'c4068d12cd7807fbd1f30e09ed653101', 'ltvdtkry', NULL, NULL, NULL, NULL, NULL, NULL, NULL, NULL, 1415191790, 0, 0, 0, 0, 0, 0, 0, NULL, NULL, 1417125026, 33, 10, 10, 13, 0, 0, 0, 0, NULL, 1, 1, 1, 1, 1, 1, 1, 0, ''),
(226, NULL, 'sheriffpoy@hotmail.com', 'd86c755aea5cc0856f639c1848fdd9a0', 'udxsqwhx]', NULL, NULL, NULL, NULL, NULL, NULL, NULL, NULL, 1415233404, 0, 0, 0, 0, 0, 0, 0, NULL, NULL, 1416793395, 32, 10, 10, 12, 0, 0, 0, 0, NULL, 1, 1, 1, 1, 1, 1, 1, 0, ''),
(227, NULL, 'tantrumygsv@hotmail.com', '2bb76b3d27b9319a92a5cfe110278dfc', 'cekfzqx', NULL, NULL, NULL, NULL, NULL, NULL, NULL, NULL, 1415251412, 0, 0, 0, 0, 0, 0, 0, NULL, NULL, 1416306387, 31, 10, 10, 11, 0, 0, 0, 0, NULL, 1, 1, 1, 1, 1, 1, 1, 0, ''),
(228, NULL, 'edhappyrrvg@hotmail.com', '9c0226a9a92d9cafeadb2b57e9b8a5b6', 'llempqqv', NULL, NULL, NULL, NULL, NULL, NULL, NULL, NULL, 1415326731, 0, 0, 0, 0, 0, 0, 0, NULL, NULL, 1418782508, 33, 10, 10, 13, 0, 0, 0, 0, NULL, 1, 1, 1, 1, 1, 1, 1, 0, ''),
(229, NULL, 'idlygwdlybg@hotmail.com', 'dc72eca031b7ef3aaba9a270c5a2a7e0', 'paxdzeld', NULL, NULL, NULL, NULL, NULL, NULL, NULL, NULL, 1415331512, 0, 0, 0, 0, 0, 0, 0, NULL, NULL, 1417646175, 33, 10, 10, 13, 0, 0, 0, 0, NULL, 1, 1, 1, 1, 1, 1, 1, 0, ''),
(230, NULL, 'ulstermetri@hotmail.com', '1d8fc7b39f0de47c40e3005cdf2f9c82', 'qkkowuif', NULL, NULL, NULL, NULL, NULL, NULL, NULL, NULL, 1415331663, 0, 0, 0, 0, 0, 0, 0, NULL, NULL, 1417173440, 32, 10, 10, 12, 0, 0, 0, 0, NULL, 1, 1, 1, 1, 1, 1, 1, 0, ''),
(231, NULL, 'refugeegu@hotmail.com', 'a1fb854fa15f807f41c6a8f582cfe74e', 'evzma', NULL, NULL, NULL, NULL, NULL, NULL, NULL, NULL, 1415622578, 0, 0, 0, 0, 0, 0, 0, NULL, NULL, 1417224113, 32, 10, 10, 12, 0, 0, 0, 0, NULL, 1, 1, 1, 1, 1, 1, 1, 0, ''),
(232, NULL, 'ovationdge@hotmail.com', 'eb17c77505e5c81d1c4420aecd28dcb8', 'vajzbeir', NULL, NULL, NULL, NULL, NULL, NULL, NULL, NULL, 1415674836, 0, 0, 0, 0, 0, 0, 0, NULL, NULL, 1417483687, 31, 10, 10, 11, 0, 0, 0, 0, NULL, 1, 1, 1, 1, 1, 1, 1, 0, ''),
(233, NULL, 'gulfweedck@hotmail.com', '55a66de1ebf3ff292e3d0e79057ae756', 'fthvigqp', NULL, NULL, NULL, NULL, NULL, NULL, NULL, NULL, 1415675597, 0, 0, 0, 0, 0, 0, 0, NULL, NULL, 1417526030, 32, 10, 10, 12, 0, 0, 0, 0, NULL, 1, 1, 1, 1, 1, 1, 1, 0, ''),
(234, NULL, 'shawywewd@hotmail.com', '2d3989442ef6a0ce5dcef8cfc4f4a92e', 'fsavooym', NULL, NULL, NULL, NULL, NULL, NULL, NULL, NULL, 1415930607, 0, 0, 0, 0, 0, 0, 0, NULL, NULL, NULL, 30, 10, 10, 10, 0, 0, 0, 0, NULL, 1, 1, 1, 1, 1, 1, 1, 0, ''),
(235, NULL, 'remedialj@hotmail.com', '4787e08417d1661cfe4e1a8185ee8813', 'bpojgmzj', NULL, NULL, NULL, NULL, NULL, NULL, NULL, NULL, 1416033027, 0, 0, 0, 0, 0, 0, 0, NULL, NULL, 1417550014, 31, 10, 10, 11, 0, 0, 0, 0, NULL, 1, 1, 1, 1, 1, 1, 1, 0, ''),
(236, NULL, 'deale.r.j.q.jf@gmail.com\n', '80ba3823b6a8ca7ef72818ba53e763e6', 'Darrenrab', NULL, NULL, NULL, NULL, NULL, NULL, NULL, NULL, 1416272090, 0, 0, 0, 0, 0, 0, 0, NULL, NULL, NULL, 30, 10, 10, 10, 0, 0, 0, 0, NULL, 1, 1, 1, 1, 1, 1, 1, 0, ''),
(237, NULL, 'dealer.jqjf@gmail.com\n', '80ba3823b6a8ca7ef72818ba53e763e6', 'Darrenmina', NULL, NULL, NULL, NULL, NULL, NULL, NULL, NULL, 1416272132, 0, 0, 0, 0, 0, 0, 0, NULL, NULL, NULL, 30, 10, 10, 10, 0, 0, 0, 0, NULL, 1, 1, 1, 1, 1, 1, 1, 0, ''),
(238, NULL, 'ob.s.tru.c.t.ioxi@gmail.com\n', '757226eb540696e6d1ca8d04de31957b', 'RrUFBdnpoP', NULL, NULL, NULL, NULL, NULL, NULL, NULL, NULL, 1416300934, 0, 0, 0, 0, 0, 0, 0, NULL, NULL, NULL, 30, 10, 10, 10, 0, 0, 0, 0, NULL, 1, 1, 1, 1, 1, 1, 1, 0, ''),
(239, NULL, 'ob.str.u.c.tioxi@gmail.com\n', '757226eb540696e6d1ca8d04de31957b', 'YeGEYgfpnO', NULL, NULL, NULL, NULL, NULL, NULL, NULL, NULL, 1416300943, 0, 0, 0, 0, 0, 0, 0, NULL, NULL, NULL, 30, 10, 10, 10, 0, 0, 0, 0, NULL, 1, 1, 1, 1, 1, 1, 1, 0, '');
INSERT INTO `user` (`id`, `uc_id`, `email`, `passwd`, `nickname`, `uc_nickname`, `domain`, `gender`, `province`, `city`, `location`, `user_title`, `bio`, `create_time`, `total_follow`, `total_follower`, `total_share`, `total_album`, `total_like`, `total_favorite_share`, `total_favorite_album`, `lost_password_key`, `lost_password_expire`, `last_login_time`, `credits`, `ext_credits_1`, `ext_credits_2`, `ext_credits_3`, `is_social`, `is_star`, `has_store`, `is_deleted`, `theme`, `follow_you`, `like_collection`, `like_item`, `mentions_you`, `store_follow`, `user_follow`, `collection_follow`, `user_credits`, `access_key`) VALUES
(240, NULL, 'tupeloqasv@hotmail.com', '7df34ba43824a83357bc56641f8c4ef1', 'geixmdkp]', NULL, NULL, NULL, NULL, NULL, NULL, NULL, NULL, 1416447418, 0, 0, 0, 0, 0, 0, 0, NULL, NULL, 1417669480, 32, 10, 10, 12, 0, 0, 0, 0, NULL, 1, 1, 1, 1, 1, 1, 1, 0, ''),
(241, NULL, 'marryqmsjny@hotmail.com', 'a504835eb280cd673cb51e24cca0b523', 'mtcfbjkd', NULL, NULL, NULL, NULL, NULL, NULL, NULL, NULL, 1416822972, 0, 0, 0, 0, 0, 0, 0, NULL, NULL, 1417045058, 31, 10, 10, 11, 0, 0, 0, 0, NULL, 1, 1, 1, 1, 1, 1, 1, 0, ''),
(242, NULL, 'rayfarell@aol.com', '4e4fe20c33b7cdd410954388f4b8eb16', 'joyygano', NULL, NULL, NULL, NULL, NULL, NULL, NULL, NULL, 1416894920, 0, 0, 0, 0, 0, 0, 0, NULL, NULL, NULL, 30, 10, 10, 10, 0, 0, 0, 0, NULL, 1, 1, 1, 1, 1, 1, 1, 0, ''),
(243, NULL, 'timmyco13@aim.com', '99efafd4539ca33f7aa369692559e629', 'Timygano', NULL, NULL, NULL, NULL, NULL, NULL, NULL, NULL, 1416984492, 0, 0, 0, 0, 0, 0, 0, NULL, NULL, 1418252013, 38, 10, 10, 18, 0, 0, 0, 0, NULL, 1, 1, 1, 1, 1, 1, 1, 0, ''),
(244, NULL, 'lu.f.en.g.k.ua.ng.niubi.uk7@gmail.com\n', '516303b1250fa40a6bc0ecffd003c8ee', 'NomDopLoomb', NULL, NULL, NULL, NULL, NULL, NULL, NULL, NULL, 1417068366, 0, 0, 0, 0, 0, 0, 0, NULL, NULL, NULL, 30, 10, 10, 10, 0, 0, 0, 0, NULL, 1, 1, 1, 1, 1, 1, 1, 0, ''),
(245, NULL, 'massdo.in.g9@gmail.com', 'c792b09cc108fa689e70192f6ad50a12', 'Georgemupe', NULL, NULL, NULL, NULL, NULL, NULL, NULL, NULL, 1417083262, 0, 0, 0, 0, 0, 0, 0, NULL, NULL, NULL, 30, 10, 10, 10, 0, 0, 0, 0, NULL, 1, 1, 1, 1, 1, 1, 1, 0, ''),
(246, NULL, 'pwlim123@gmail.com', '875841eaad5e03a122f5d9d0dcab4eb6', 'americanbunny', NULL, NULL, NULL, NULL, NULL, NULL, NULL, NULL, 1417107562, 0, 0, 0, 0, 0, 0, 0, NULL, NULL, NULL, 37, 10, 17, 10, 0, 0, 0, 0, NULL, 1, 1, 1, 1, 1, 1, 1, 0, ''),
(247, NULL, 'ca.m.pai.g.n.zjg.ab@gmail.com\n', '757226eb540696e6d1ca8d04de31957b', 'LwDZSpuofH', NULL, NULL, NULL, NULL, NULL, NULL, NULL, NULL, 1417148869, 0, 0, 0, 0, 0, 0, 0, NULL, NULL, NULL, 30, 10, 10, 10, 0, 0, 0, 0, NULL, 1, 1, 1, 1, 1, 1, 1, 0, ''),
(248, NULL, 'cam.pa.ig.nz.j.g.ab@gmail.com\n', '757226eb540696e6d1ca8d04de31957b', 'XzHQYzrkgR', NULL, NULL, NULL, NULL, NULL, NULL, NULL, NULL, 1417148947, 0, 0, 0, 0, 0, 0, 0, NULL, NULL, NULL, 30, 10, 10, 10, 0, 0, 0, 0, NULL, 1, 1, 1, 1, 1, 1, 1, 0, ''),
(249, NULL, 'clarence.low@styletribute.com', '2b575e91ea016589da0f24ff87280009', 'StyleTribute', NULL, NULL, NULL, NULL, NULL, NULL, NULL, NULL, 1417422849, 0, 0, 0, 0, 0, 0, 0, NULL, NULL, NULL, 30, 10, 10, 10, 0, 0, 0, 0, NULL, 1, 1, 1, 1, 1, 1, 1, 0, ''),
(250, NULL, 'ma.ssdo.ing6@gmail.com', '5a6d147e044a8f4b9487cb5379821506', 'Geraldsn', NULL, NULL, NULL, NULL, NULL, NULL, NULL, NULL, 1417489135, 0, 0, 0, 0, 0, 0, 0, NULL, NULL, NULL, 30, 10, 10, 10, 0, 0, 0, 0, NULL, 1, 1, 1, 1, 1, 1, 1, 0, ''),
(251, NULL, 'rapliletg@hotmail.com', '4d2ccceb2024fc43b561bcc534d115e5', 'gtofkebc', NULL, NULL, NULL, NULL, NULL, NULL, NULL, NULL, 1417512664, 0, 0, 0, 0, 0, 0, 0, NULL, NULL, NULL, 30, 10, 10, 10, 0, 0, 0, 0, NULL, 1, 1, 1, 1, 1, 1, 1, 0, ''),
(252, NULL, 'eelynlin@hotmail.com', 'a22d48bc8e78d81fbf78e5d5ff25d365', 'eelynlinus', NULL, '', 'none', '0', '', '', '', '', 1417672791, 0, 0, 0, 0, 0, 0, 0, NULL, NULL, 1419245336, 67, 10, 10, 33, 0, 0, 0, 0, NULL, 0, 0, 0, 0, 0, 0, 0, 0, ''),
(253, NULL, 'mass.d.oing9@gmail.com', '390daa4fc89c6fe187373609da746228', 'RaymondGots', NULL, NULL, NULL, NULL, NULL, NULL, NULL, NULL, 1417675935, 0, 0, 0, 0, 0, 0, 0, NULL, NULL, NULL, 30, 10, 10, 10, 0, 0, 0, 0, NULL, 1, 1, 1, 1, 1, 1, 1, 0, ''),
(254, NULL, 'viriledrllj@hotmail.com', '27df9ae912b7c648110f50abc602689e', 'gbqomnwji', NULL, NULL, NULL, NULL, NULL, NULL, NULL, NULL, 1417840691, 0, 0, 0, 0, 0, 0, 0, NULL, NULL, NULL, 30, 10, 10, 10, 0, 0, 0, 0, NULL, 1, 1, 1, 1, 1, 1, 1, 0, ''),
(255, NULL, 'glaringless@hotmail.com', '5063e030be20272649bcb453972043bc', 'jjraifhf', NULL, NULL, NULL, NULL, NULL, NULL, NULL, NULL, 1417860906, 0, 0, 0, 0, 0, 0, 0, NULL, NULL, NULL, 30, 10, 10, 10, 0, 0, 0, 0, NULL, 1, 1, 1, 1, 1, 1, 1, 0, ''),
(256, NULL, 'weepymicro@hotmail.com', '40813987ea99055d67b60bad6c7e544a', 'xlzccpcp', NULL, NULL, NULL, NULL, NULL, NULL, NULL, NULL, 1417863864, 0, 0, 0, 0, 0, 0, 0, NULL, NULL, NULL, 30, 10, 10, 10, 0, 0, 0, 0, NULL, 1, 1, 1, 1, 1, 1, 1, 0, ''),
(257, NULL, 'caseworkcom@hotmail.com', 'c0a9b059821fd96b015fe36ac7746f43', 'nwjzydth', NULL, NULL, NULL, NULL, NULL, NULL, NULL, NULL, 1418001405, 0, 0, 0, 0, 0, 0, 0, NULL, NULL, NULL, 30, 10, 10, 10, 0, 0, 0, 0, NULL, 1, 1, 1, 1, 1, 1, 1, 0, ''),
(258, NULL, 'bdurratun@yahoo.com', '7355ea8015c81dbdd39863e426069ae0', 'Baheera', NULL, NULL, NULL, NULL, NULL, NULL, NULL, NULL, 1418015005, 0, 0, 0, 0, 0, 0, 0, NULL, NULL, NULL, 30, 10, 10, 10, 0, 0, 0, 0, NULL, 1, 1, 1, 1, 1, 1, 1, 0, ''),
(259, NULL, 'massdoin.g6@gmail.com', '5a6d147e044a8f4b9487cb5379821506', 'GeraldOn', NULL, NULL, NULL, NULL, NULL, NULL, NULL, NULL, 1418023967, 0, 0, 0, 0, 0, 0, 0, NULL, NULL, 1418715157, 31, 10, 10, 11, 0, 0, 0, 0, NULL, 1, 1, 1, 1, 1, 1, 1, 0, ''),
(260, NULL, 'ulnauegcm@hotmail.com', 'c4a94d3fa2363e927265ba51f649f4b3', 'uaunxsdq', NULL, NULL, NULL, NULL, NULL, NULL, NULL, NULL, 1418092153, 0, 0, 0, 0, 0, 0, 0, NULL, NULL, NULL, 30, 10, 10, 10, 0, 0, 0, 0, NULL, 1, 1, 1, 1, 1, 1, 1, 0, ''),
(261, NULL, 'foxrajahh@hotmail.com', 'c47a7e5c9125e38d70bf48e5c2e6bcbb', 'jkyxeunk', NULL, NULL, NULL, NULL, NULL, NULL, NULL, NULL, 1418431349, 0, 0, 0, 0, 0, 0, 0, NULL, NULL, 1418813024, 31, 10, 10, 11, 0, 0, 0, 0, NULL, 1, 1, 1, 1, 1, 1, 1, 0, ''),
(262, NULL, 'Hayatemoon@gmail.com', 'bf583f8e0b1d7d61a07dba914dd35830', 'Sarah Solange', NULL, NULL, NULL, NULL, NULL, NULL, NULL, NULL, 1418614913, 0, 0, 0, 0, 0, 0, 0, NULL, NULL, NULL, 30, 10, 10, 10, 0, 0, 0, 0, NULL, 1, 1, 1, 1, 1, 1, 1, 0, ''),
(263, NULL, 'agnesleepk@hotmail.com', '7067821a488137b801cd31ee38fcce05', 'agnes', NULL, NULL, NULL, NULL, NULL, NULL, NULL, NULL, 1418744124, 0, 0, 0, 0, 0, 0, 0, NULL, NULL, NULL, 30, 10, 10, 10, 0, 0, 0, 0, NULL, 1, 1, 1, 1, 1, 1, 1, 0, ''),
(264, NULL, 'kakawenzeng@yahoo.com', '122f2e9600b6f8cb0d9b396a8d49b91b', 'kakawenzeng', NULL, NULL, NULL, NULL, NULL, NULL, NULL, NULL, 1418785619, 0, 0, 0, 0, 0, 0, 0, NULL, NULL, 1418899865, 44, 12, 10, 15, 0, 0, 0, 0, NULL, 1, 1, 1, 1, 1, 1, 1, 0, ''),
(265, NULL, 'raucolins@aol.co.uk', '26ab495ef2571ea7ff2fec4b3872813f', 'Rausgano', NULL, NULL, NULL, NULL, NULL, NULL, NULL, NULL, 1418921254, 0, 0, 0, 0, 0, 0, 0, NULL, NULL, NULL, 30, 10, 10, 10, 0, 0, 0, 0, NULL, 1, 1, 1, 1, 1, 1, 1, 0, ''),
(266, NULL, 'm.ass.doing6@gmail.com', '681dfa68692dcd96721abb094993d851', 'RobertOi', NULL, NULL, NULL, NULL, NULL, NULL, NULL, NULL, 1418987330, 0, 0, 0, 0, 0, 0, 0, NULL, NULL, NULL, 30, 10, 10, 10, 0, 0, 0, 0, NULL, 1, 1, 1, 1, 1, 1, 1, 0, ''),
(267, NULL, 'massd.oi.ng6@gmail.com', '681dfa68692dcd96721abb094993d851', 'RobertPa', NULL, NULL, NULL, NULL, NULL, NULL, NULL, NULL, 1419018616, 0, 0, 0, 0, 0, 0, 0, NULL, NULL, 1422020935, 31, 10, 10, 11, 0, 0, 0, 0, NULL, 1, 1, 1, 1, 1, 1, 1, 0, ''),
(268, NULL, 'sukiyaki_babe@hotmail.com', '224653c613a6f33b10c50bb250da4273', 'Sukiyaki80', NULL, NULL, NULL, NULL, NULL, NULL, NULL, NULL, 1419088888, 0, 0, 0, 0, 0, 0, 0, NULL, NULL, NULL, 34, 11, 11, 11, 0, 0, 0, 0, NULL, 1, 1, 1, 1, 1, 1, 1, 0, ''),
(269, NULL, 'm.assdoing9@gmail.com', '4b2570cef90dac1b4646d2a9025a252e', 'Ronaldnick', NULL, NULL, NULL, NULL, NULL, NULL, NULL, NULL, 1419582027, 0, 0, 0, 0, 0, 0, 0, NULL, NULL, NULL, 30, 10, 10, 10, 0, 0, 0, 0, NULL, 1, 1, 1, 1, 1, 1, 1, 0, ''),
(270, NULL, 'amaliaramli051193@gmail.com', '09ff1ee0b59bd811b29405b774671510', 'mia amalia', NULL, NULL, NULL, NULL, NULL, NULL, NULL, NULL, 1419713675, 0, 0, 0, 0, 0, 0, 0, NULL, NULL, NULL, 30, 10, 10, 10, 0, 0, 0, 0, NULL, 1, 1, 1, 1, 1, 1, 1, 0, ''),
(271, NULL, 'wsdear@hotmail.com', '8e1a9387afc93c673d7e033487cb2212', 'wsdear', NULL, 'wsdear', 'female', 'NY', 'NY', '', '', 'Fashion, About www.wsdear.com', 1420358627, 0, 0, 0, 0, 0, 0, 0, NULL, NULL, 1435196830, 63, 12, 18, 26, 0, 0, 0, 0, NULL, 0, 0, 0, 0, 0, 0, 0, 0, ''),
(272, NULL, 'xandraleong81@yahoo.com', '170a3de6094b8e54a5b95fea308e55f2', 'xandraleong81', NULL, NULL, 'none', NULL, NULL, 'Lahad Datu', NULL, NULL, 1420454943, 0, 0, 0, 0, 0, 0, 0, NULL, NULL, NULL, 30, 10, 10, 10, 1, 0, 0, 0, NULL, 1, 1, 1, 1, 1, 1, 1, 0, ''),
(273, NULL, 'irischua@gmail.com', '88c102768d170ac81ebbf2fa57d0b472', 'nothinfanciful', NULL, NULL, 'none', NULL, NULL, 'Singapore', NULL, NULL, 1420464075, 0, 0, 0, 0, 0, 0, 0, NULL, NULL, NULL, 30, 10, 10, 10, 1, 0, 0, 0, NULL, 1, 1, 1, 1, 1, 1, 1, 0, ''),
(274, NULL, 'mas.sdoing9@gmail.com', '75ed94b732d9c05aeba569de713ba340', 'DonaldKr', NULL, NULL, NULL, NULL, NULL, NULL, NULL, NULL, 1420728977, 0, 0, 0, 0, 0, 0, 0, NULL, NULL, NULL, 30, 10, 10, 10, 0, 0, 0, 0, NULL, 1, 1, 1, 1, 1, 1, 1, 0, ''),
(275, NULL, 'jezitho@hotmail.com', '752112caed4b53c2c74c4ca1f781a036', 'YT', NULL, NULL, NULL, NULL, NULL, NULL, NULL, NULL, 1420759327, 0, 0, 0, 0, 0, 0, 0, NULL, NULL, NULL, 30, 10, 10, 10, 0, 0, 0, 0, NULL, 1, 1, 1, 1, 1, 1, 1, 0, ''),
(276, NULL, 'sgerson13@caramail.com', '503e9ad407f1782ba633c820156169a2', 'Chashoolla', NULL, NULL, NULL, NULL, NULL, NULL, NULL, NULL, 1420824445, 0, 0, 0, 0, 0, 0, 0, NULL, NULL, NULL, 30, 10, 10, 10, 0, 0, 0, 0, NULL, 1, 1, 1, 1, 1, 1, 1, 0, ''),
(277, NULL, 'mandygondara@yahoo.co.uk', '8bac70da0225b9b86e85764fb6d3a992', 'Mandy', NULL, NULL, NULL, NULL, NULL, NULL, NULL, NULL, 1420885988, 0, 0, 0, 0, 0, 0, 0, NULL, NULL, 1420886107, 31, 10, 10, 11, 0, 0, 0, 0, NULL, 1, 1, 1, 1, 1, 1, 1, 0, ''),
(278, NULL, 'anuarmarini@hotmail.com', '5c073ac05805f877448f8235fee4ddc8', 'anuarmarini', NULL, NULL, NULL, NULL, NULL, NULL, NULL, NULL, 1421014588, 0, 0, 0, 0, 0, 0, 0, NULL, NULL, NULL, 30, 10, 10, 10, 0, 0, 0, 0, NULL, 1, 1, 1, 1, 1, 1, 1, 0, ''),
(279, NULL, 'rakibul_mist32@yahoo.co.in', 'abd4a1ae4ccf8d5cfd94fef639eea5a3', 'rakibul.hasan.501', NULL, NULL, 'male', NULL, NULL, 'Dhaka, Bangladesh', NULL, NULL, 1421123778, 0, 0, 0, 0, 0, 0, 0, NULL, NULL, NULL, 31, 10, 11, 10, 1, 0, 0, 0, NULL, 1, 1, 1, 1, 1, 1, 1, 0, ''),
(280, NULL, 'ian8812@gmail.com', 'df52ad24f6e04e53c10ddc6da564cbd5', 'Ian', NULL, NULL, 'male', NULL, NULL, '', NULL, NULL, 1421399780, 0, 0, 0, 0, 0, 0, 0, NULL, NULL, NULL, 30, 10, 10, 10, 1, 0, 0, 0, NULL, 1, 1, 1, 1, 1, 1, 1, 0, ''),
(281, NULL, 'dewirose.fir@gmail.com', '141322efdcbc30e39bd13f94ad52f917', 'dewi.fir', NULL, NULL, 'none', NULL, NULL, '', NULL, NULL, 1421757851, 0, 0, 0, 0, 0, 0, 0, NULL, NULL, NULL, 30, 10, 10, 10, 1, 0, 0, 0, NULL, 1, 1, 1, 1, 1, 1, 1, 0, ''),
(282, NULL, 'mass.do.ing9@gmail.com', '80df1d01ed7b79648d8caed7699f5c9a', 'CharlesTava', NULL, NULL, NULL, NULL, NULL, NULL, NULL, NULL, 1422549623, 0, 0, 0, 0, 0, 0, 0, NULL, NULL, NULL, 30, 10, 10, 10, 0, 0, 0, 0, NULL, 1, 1, 1, 1, 1, 1, 1, 0, ''),
(283, NULL, 'barryhls333@aol.com', '06a1d9ca322ded26ed463dcd4e2ce8e9', 'Snipgano', NULL, NULL, NULL, NULL, NULL, NULL, NULL, NULL, 1422598006, 0, 0, 0, 0, 0, 0, 0, NULL, NULL, NULL, 30, 10, 10, 10, 0, 0, 0, 0, NULL, 1, 1, 1, 1, 1, 1, 1, 0, ''),
(284, NULL, 'happylove0626@homail.com', '361726e3364b9cde704b9629c2e474f4', 'yunhony', NULL, NULL, NULL, NULL, NULL, NULL, NULL, NULL, 1422804617, 0, 0, 0, 0, 0, 0, 0, NULL, NULL, NULL, 30, 10, 10, 10, 0, 0, 0, 0, NULL, 1, 1, 1, 1, 1, 1, 1, 0, ''),
(285, NULL, 'ma.ssdoi.ng6@gmail.com', '5a27f7e4e0eb1cf67c7ab5aa8c936e7f', 'GeraldNok', NULL, NULL, NULL, NULL, NULL, NULL, NULL, NULL, 1422926072, 0, 0, 0, 0, 0, 0, 0, NULL, NULL, 1426852223, 32, 10, 10, 12, 0, 0, 0, 0, NULL, 1, 1, 1, 1, 1, 1, 1, 0, ''),
(286, NULL, 'tonyssoo@aim.com', '2ee0d032a2fe10731cb2cab6290070c8', 'Tangano', NULL, NULL, NULL, NULL, NULL, NULL, NULL, NULL, 1423008205, 0, 0, 0, 0, 0, 0, 0, NULL, NULL, NULL, 30, 10, 10, 10, 0, 0, 0, 0, NULL, 1, 1, 1, 1, 1, 1, 1, 0, ''),
(287, NULL, 'eleen@pinkals.com', 'f6141a8d313655ee88b9208f809ccf35', 'E.L.Y', NULL, NULL, NULL, NULL, NULL, NULL, NULL, NULL, 1423393605, 0, 0, 0, 0, 0, 0, 0, NULL, NULL, 1435126309, 80, 10, 10, 54, 0, 0, 0, 0, NULL, 1, 1, 1, 1, 1, 1, 1, 0, ''),
(288, NULL, 'xorosse@outlook.com', '21d69628219604622d46802632dfae35', 'VirgilVAM', NULL, NULL, NULL, NULL, NULL, NULL, NULL, NULL, 1423506764, 0, 0, 0, 0, 0, 0, 0, NULL, NULL, 1424142153, 31, 10, 10, 11, 0, 0, 0, 0, NULL, 1, 1, 1, 1, 1, 1, 1, 0, ''),
(289, NULL, 'toddycls@gmx.us', '65bf503a5e46335f96a647d3203311a6', 'Mactave', NULL, NULL, NULL, NULL, NULL, NULL, NULL, NULL, 1424901313, 0, 0, 0, 0, 0, 0, 0, NULL, NULL, NULL, 30, 10, 10, 10, 0, 0, 0, 0, NULL, 1, 1, 1, 1, 1, 1, 1, 0, ''),
(290, NULL, 'zamokt09zop@gmail.com', '01783adaf2ea8053703576a46d1cf6b3', 'Zamok-09wep', NULL, NULL, NULL, NULL, NULL, NULL, NULL, NULL, 1425063745, 0, 0, 0, 0, 0, 0, 0, NULL, NULL, NULL, 30, 10, 10, 10, 0, 0, 0, 0, NULL, 1, 1, 1, 1, 1, 1, 1, 0, ''),
(291, NULL, 'massdoin.g.9@gmail.com', '80df1d01ed7b79648d8caed7699f5c9a', 'CharlesWhof', NULL, NULL, NULL, NULL, NULL, NULL, NULL, NULL, 1426294777, 0, 0, 0, 0, 0, 0, 0, NULL, NULL, NULL, 30, 10, 10, 10, 0, 0, 0, 0, NULL, 1, 1, 1, 1, 1, 1, 1, 0, ''),
(292, NULL, 'plaskerjosh@gmx.com', 'bcdaf29d64239161d5a433273edc42e7', 'Leotave', NULL, NULL, NULL, NULL, NULL, NULL, NULL, NULL, 1426630274, 0, 0, 0, 0, 0, 0, 0, NULL, NULL, NULL, 30, 10, 10, 10, 0, 0, 0, 0, NULL, 1, 1, 1, 1, 1, 1, 1, 0, ''),
(293, NULL, 'bugconchy@hotmail.com', 'cea287953745ae1457634d6777f8f4d8', 'Marceldem', NULL, NULL, NULL, NULL, NULL, NULL, NULL, NULL, 1426686104, 0, 0, 0, 0, 0, 0, 0, NULL, NULL, NULL, 30, 10, 10, 10, 0, 0, 0, 0, NULL, 1, 1, 1, 1, 1, 1, 1, 0, ''),
(294, NULL, 'm.a.ssdoing6@gmail.com', '5a27f7e4e0eb1cf67c7ab5aa8c936e7f', 'GeraldEa', NULL, NULL, NULL, NULL, NULL, NULL, NULL, NULL, 1426770616, 0, 0, 0, 0, 0, 0, 0, NULL, NULL, 1427657872, 32, 10, 10, 12, 0, 0, 0, 0, NULL, 1, 1, 1, 1, 1, 1, 1, 0, ''),
(295, NULL, 'maxcollin@gmx.com', 'bcdaf29d64239161d5a433273edc42e7', 'Unitave', NULL, NULL, NULL, NULL, NULL, NULL, NULL, NULL, 1426815086, 0, 0, 0, 0, 0, 0, 0, NULL, NULL, 1427321115, 32, 10, 10, 12, 0, 0, 0, 0, NULL, 1, 1, 1, 1, 1, 1, 1, 0, ''),
(296, NULL, 'danikaminahanedu@yahoo.com', 'fd80de5871de9818194fcf6c2723de61', 'Arnieclaiply', NULL, NULL, NULL, NULL, NULL, NULL, NULL, NULL, 1426860323, 0, 0, 0, 0, 0, 0, 0, NULL, NULL, NULL, 30, 10, 10, 10, 0, 0, 0, 0, NULL, 1, 1, 1, 1, 1, 1, 1, 0, ''),
(297, NULL, 'Neal22910@gmail.com', 'bfd2c9ecff148d918718377264b3ffec', 'Usershoumejer', NULL, NULL, NULL, NULL, NULL, NULL, NULL, NULL, 1427069516, 0, 0, 0, 0, 0, 0, 0, NULL, NULL, 1429413131, 33, 10, 10, 13, 0, 0, 0, 0, NULL, 1, 1, 1, 1, 1, 1, 1, 0, ''),
(298, NULL, 'zj0326@live.com', 'b5181df5d493ab46ed9de33c91062c30', 'Zhu Jiunn', NULL, NULL, 'none', NULL, NULL, 'Kuala Lumpur, Malays', NULL, NULL, 1427188959, 0, 0, 0, 0, 0, 0, 0, NULL, NULL, NULL, 30, 10, 10, 10, 1, 0, 0, 0, NULL, 1, 1, 1, 1, 1, 1, 1, 0, ''),
(299, NULL, 'benniejeans@yandex.ru', '8af4f66c77340d388e3ad46e0a493532', 'StevenEi', NULL, NULL, NULL, NULL, NULL, NULL, NULL, NULL, 1427264859, 0, 0, 0, 0, 0, 0, 0, NULL, NULL, NULL, 30, 10, 10, 10, 0, 0, 0, 0, NULL, 1, 1, 1, 1, 1, 1, 1, 0, ''),
(300, NULL, 'linoi_c@yahoo.com', '15f8700397126935fd664186eb557198', 'linoi', NULL, NULL, NULL, NULL, NULL, NULL, NULL, NULL, 1427560293, 0, 0, 0, 0, 0, 0, 0, NULL, NULL, NULL, 30, 10, 10, 10, 0, 0, 0, 0, NULL, 1, 1, 1, 1, 1, 1, 1, 0, ''),
(301, NULL, 'Melisa841958@gmail.com', '04ac7468eae8fd28339e6824adc2aac2', 'danteeway', NULL, NULL, NULL, NULL, NULL, NULL, NULL, NULL, 1427651715, 0, 0, 0, 0, 0, 0, 0, NULL, NULL, 1428515139, 31, 10, 10, 11, 0, 0, 0, 0, NULL, 1, 1, 1, 1, 1, 1, 1, 0, ''),
(302, NULL, 'cleckheaton@yandex.ru', '2cc13c513356c94ecd4a2b1e64e23a95', 'HaroldlAh', NULL, NULL, NULL, NULL, NULL, NULL, NULL, NULL, 1427959224, 0, 0, 0, 0, 0, 0, 0, NULL, NULL, NULL, 30, 10, 10, 10, 0, 0, 0, 0, NULL, 1, 1, 1, 1, 1, 1, 1, 0, ''),
(303, NULL, 'alexusmexsus@gmail.com', 'bd876ee2a71168040c043dcc8c04eae4', 'Alexuski', NULL, NULL, NULL, NULL, NULL, NULL, NULL, NULL, 1428267438, 0, 0, 0, 0, 0, 0, 0, NULL, NULL, NULL, 30, 10, 10, 10, 0, 0, 0, 0, NULL, 1, 1, 1, 1, 1, 1, 1, 0, ''),
(304, NULL, 'jowrewi@gmx.com', 'ff5554b4631acc9c8acafb40d878af06', 'Mextave', NULL, NULL, NULL, NULL, NULL, NULL, NULL, NULL, 1428326435, 0, 0, 0, 0, 0, 0, 0, NULL, NULL, NULL, 30, 10, 10, 10, 0, 0, 0, 0, NULL, 1, 1, 1, 1, 1, 1, 1, 0, ''),
(305, NULL, 'kimsuss@gmx.us', 'd300a1a469fb53e2dc29e019145b0f0d', 'KimMurl', NULL, NULL, NULL, NULL, NULL, NULL, NULL, NULL, 1428368067, 0, 0, 0, 0, 0, 0, 0, NULL, NULL, NULL, 30, 10, 10, 10, 0, 0, 0, 0, NULL, 1, 1, 1, 1, 1, 1, 1, 0, ''),
(306, NULL, 'massd.o.ing9@gmail.com', '7441dcfe82173a98464cb7937dbe1155', 'GroverButs', NULL, NULL, NULL, NULL, NULL, NULL, NULL, NULL, 1428510698, 0, 0, 0, 0, 0, 0, 0, NULL, NULL, NULL, 30, 10, 10, 10, 0, 0, 0, 0, NULL, 1, 1, 1, 1, 1, 1, 1, 0, ''),
(307, NULL, 'xia0bei_lap@hotmail.com', '24b7985c22e2847102e29fee705804f4', 'alexisseow', NULL, NULL, 'none', NULL, NULL, 'Kuala Lumpur, Malays', NULL, 'INSTAGRAM : ___alexisseow___', 1428575905, 0, 0, 0, 0, 0, 0, 0, NULL, NULL, NULL, 30, 10, 10, 10, 1, 0, 0, 0, NULL, 1, 1, 1, 1, 1, 1, 1, 0, ''),
(308, NULL, 'maiktaisson8@gmx.com', 'ff5554b4631acc9c8acafb40d878af06', 'Keytave', NULL, NULL, NULL, NULL, NULL, NULL, NULL, NULL, 1428867609, 0, 0, 0, 0, 0, 0, 0, NULL, NULL, NULL, 30, 10, 10, 10, 0, 0, 0, 0, NULL, 1, 1, 1, 1, 1, 1, 1, 0, ''),
(309, NULL, 'mas.s.doing6@gmail.com', '99c7f322809f215dce3c7851e864db23', 'Dwaynesn', NULL, NULL, NULL, NULL, NULL, NULL, NULL, NULL, 1428913300, 0, 0, 0, 0, 0, 0, 0, NULL, NULL, 1432068865, 32, 10, 10, 12, 0, 0, 0, 0, NULL, 1, 1, 1, 1, 1, 1, 1, 0, ''),
(310, NULL, 'massdo.in.g6@gmail.com', '99c7f322809f215dce3c7851e864db23', 'DwayneLats', NULL, NULL, NULL, NULL, NULL, NULL, NULL, NULL, 1428926933, 0, 0, 0, 0, 0, 0, 0, NULL, NULL, 1429833941, 32, 10, 10, 12, 0, 0, 0, 0, NULL, 1, 1, 1, 1, 1, 1, 1, 0, ''),
(311, NULL, 'kimkim4s@gmx.com', 'f641fc6cce4c8a25dbe694c8e811f3eb', 'Aiqtave', NULL, NULL, NULL, NULL, NULL, NULL, NULL, NULL, 1428978917, 0, 0, 0, 0, 0, 0, 0, NULL, NULL, NULL, 30, 10, 10, 10, 0, 0, 0, 0, NULL, 1, 1, 1, 1, 1, 1, 1, 0, ''),
(312, NULL, 'garrygarw@gmx.us', '55927a0aed7cc081396e3c42d88bccb7', 'AlVACY', NULL, NULL, NULL, NULL, NULL, NULL, NULL, NULL, 1429270121, 0, 0, 0, 0, 0, 0, 0, NULL, NULL, NULL, 30, 10, 10, 10, 0, 0, 0, 0, NULL, 1, 1, 1, 1, 1, 1, 1, 0, ''),
(313, NULL, 'timomax5@outlook.com', '6dc3b8a3f232f14d92f51dc18dd9b14d', 'Woytave', NULL, NULL, NULL, NULL, NULL, NULL, NULL, NULL, 1429305499, 0, 0, 0, 0, 0, 0, 0, NULL, NULL, NULL, 30, 10, 10, 10, 0, 0, 0, 0, NULL, 1, 1, 1, 1, 1, 1, 1, 0, ''),
(314, NULL, 'okpat999@gmx.us', 'cdfdea8dea120fe019fb43a23f156538', 'ThomMat', NULL, NULL, NULL, NULL, NULL, NULL, NULL, NULL, 1429763530, 0, 0, 0, 0, 0, 0, 0, NULL, NULL, NULL, 30, 10, 10, 10, 0, 0, 0, 0, NULL, 1, 1, 1, 1, 1, 1, 1, 0, ''),
(315, NULL, 'h.ufe.n.g.kua.n.gn.i.ubi.uk.68@gmail.com\n', 'd7af9e92b7ed1a17c3f1a970f0e50fde', 'BlooloCarie', NULL, NULL, NULL, NULL, NULL, NULL, NULL, NULL, 1429903530, 0, 0, 0, 0, 0, 0, 0, NULL, NULL, NULL, 30, 10, 10, 10, 0, 0, 0, 0, NULL, 1, 1, 1, 1, 1, 1, 1, 0, ''),
(316, NULL, 'follqe@gmx.us', '8d6699caaf05d0963d10fd07cad1815a', 'AikPa', NULL, NULL, NULL, NULL, NULL, NULL, NULL, NULL, 1429977819, 0, 0, 0, 0, 0, 0, 0, NULL, NULL, NULL, 30, 10, 10, 10, 0, 0, 0, 0, NULL, 1, 1, 1, 1, 1, 1, 1, 0, ''),
(317, NULL, 'maocreat@yahoo.com', '85921b93641803e673471d42aed689ac', 'glamdress', NULL, NULL, NULL, NULL, NULL, NULL, NULL, NULL, 1430122550, 0, 0, 0, 0, 0, 0, 0, NULL, NULL, NULL, 30, 10, 10, 10, 0, 0, 0, 0, NULL, 1, 1, 1, 1, 1, 1, 1, 0, ''),
(318, NULL, 'johnkws13@gmx.us', '57705d30eb1338f253352e4a0a7cfb11', 'FinleyPa', NULL, NULL, NULL, NULL, NULL, NULL, NULL, NULL, 1430347390, 0, 0, 0, 0, 0, 0, 0, NULL, NULL, NULL, 30, 10, 10, 10, 0, 0, 0, 0, NULL, 1, 1, 1, 1, 1, 1, 1, 0, ''),
(319, NULL, 'vividress@yahoo.com', '85921b93641803e673471d42aed689ac', 'glamdress123456', NULL, NULL, NULL, NULL, NULL, NULL, NULL, NULL, 1430383353, 0, 0, 0, 0, 0, 0, 0, NULL, NULL, 1431654314, 67, 14, 10, 25, 0, 0, 0, 0, NULL, 1, 1, 1, 1, 1, 1, 1, 0, ''),
(320, NULL, 'robinrvp20titles@gmail.com', '24eae9a8000e452fd8ca730305f9e1b2', 'fairyin', NULL, 'fairyin', 'female', '0', 'København', '', 'Bridget Dutt', 'Jeg er en premiere designer af prom og brudekjoler.', 1430633942, 0, 0, 0, 0, 0, 0, 0, NULL, NULL, NULL, 41, 10, 10, 18, 0, 0, 0, 0, NULL, 1, 1, 1, 1, 1, 1, 1, 0, ''),
(321, NULL, 'billann82@gmail.com', 'faecc5606c58eb0c87739bf801d0294d', 'klanningar', NULL, 'klann', 'female', 'Stockholm', 'Stockholm', '', '', 'Missydress.se erbjuder Balklänningar, Bröllopsklänningar, Festklänningar 2015 Online för kvinnor. Mode design och lågt pris kan hitta i vår webbshop. More http://www.missydress.se', 1430895624, 0, 0, 0, 0, 0, 0, 0, NULL, NULL, NULL, 33, 10, 12, 11, 0, 0, 0, 0, NULL, 1, 1, 1, 1, 1, 1, 1, 0, ''),
(322, NULL, 'abigailabi89@yahoo.com', '069ff2735b93b5ef3b9aa7b8a7f4c3ab', 'fairyinno', NULL, 'nofairy', 'female', '0', '', '', 'Annabelles', 'Kjøp billige brudekjoler, ballkjoler og formelle kjoler 2015 på FairyIn.no. Mote fest kjoler med rask levering, Være fantastisk for den store dagen!\nhttp://www.fairyin.no', 1430984549, 0, 0, 0, 0, 0, 0, 0, NULL, NULL, 1431409116, 46, 12, 11, 18, 0, 0, 0, 0, NULL, 1, 1, 1, 1, 1, 1, 1, 0, ''),
(323, NULL, 'queenbridalcouk@gmail.com', '069ff2735b93b5ef3b9aa7b8a7f4c3ab', 'queenbridal', NULL, 'qbridal', 'none', '0', '', '', 'queenbridaluk', 'As an UK onine professional shop, Queenbridal offering new cheap custom wedding dresses, prom dresses 2015, evening dresses and formal bridemaid dresses.\nhttp://www.queenbridal.co.uk', 1430986199, 0, 0, 0, 0, 0, 0, 0, NULL, NULL, NULL, 47, 12, 10, 17, 0, 0, 0, 0, NULL, 1, 1, 1, 1, 1, 1, 1, 0, ''),
(324, NULL, 'theodorecioffi@yahoo.com', '52a9934adea6d728cc272a15142646c5', 'lolaphries', NULL, 'lolaphr', 'female', '0', '', '', '', 'Fashion is a form of ugliness so intolerable that we have to alter it every six months. Welcome to <a href="http://www.kissydress.co.uk">http://www.kissydress.co.uk</a>\n', 1431603458, 0, 0, 0, 0, 0, 0, 0, NULL, NULL, 1432002944, 39, 10, 11, 17, 0, 0, 0, 0, NULL, 0, 0, 0, 0, 0, 0, 0, 0, ''),
(325, NULL, 'andropravda@outlook.com', '90193e7776169803274995015b56517b', 'Mariannaorink', NULL, NULL, NULL, NULL, NULL, NULL, NULL, NULL, 1432083980, 0, 0, 0, 0, 0, 0, 0, NULL, NULL, NULL, 30, 10, 10, 10, 0, 0, 0, 0, NULL, 1, 1, 1, 1, 1, 1, 1, 0, ''),
(326, NULL, 'xwmelon@gmail.com', 'dfd0854ab98210931160e41e2b36f997', 'redhot', NULL, NULL, NULL, NULL, NULL, NULL, NULL, NULL, 1432283025, 0, 0, 0, 0, 0, 0, 0, NULL, NULL, 1432283973, 41, 10, 10, 21, 0, 0, 0, 0, NULL, 1, 1, 1, 1, 1, 1, 1, 0, ''),
(327, NULL, 'qyzcarly@gmail.com', '2cfdbbef4e47899c0eb9a59eb1ad1eb6', 'bbrentt', NULL, NULL, NULL, NULL, NULL, NULL, NULL, NULL, 1432284124, 0, 0, 0, 0, 0, 0, 0, NULL, NULL, NULL, 38, 10, 10, 16, 0, 0, 0, 0, NULL, 1, 1, 1, 1, 1, 1, 1, 0, ''),
(328, NULL, 'breadjambrett@hotmail.com', '34530be23206e4a401276631aa96ab04', 'anniejone', NULL, '', 'none', '0', '', '', '', '', 1432286147, 0, 0, 2, 1, 0, 0, 0, NULL, NULL, 1434613180, 94, 13, 12, 41, 0, 0, 0, 0, NULL, 0, 0, 0, 0, 0, 0, 0, 0, ''),
(329, NULL, 'nagbridal@gmail.com', '0659c7992e268962384eb17fafe88364', 'lessary', NULL, NULL, NULL, NULL, NULL, NULL, NULL, NULL, 1432623914, 0, 0, 0, 0, 0, 0, 0, NULL, NULL, 1433496836, 62, 14, 10, 24, 0, 0, 0, 0, NULL, 1, 1, 1, 1, 1, 1, 1, 0, ''),
(340, NULL, 'fayme.shahriar@gmail.com', 'e10adc3949ba59abbe56e057f20f883e', 'fay', NULL, NULL, NULL, NULL, NULL, NULL, NULL, NULL, 1436248880, 0, 0, 0, 0, 0, 0, 0, NULL, NULL, NULL, 0, 0, 0, 0, 0, 0, 0, 0, NULL, 1, 1, 1, 1, 1, 1, 1, 0, ''),
(331, NULL, 'gavremolotok@gmail.com', '38f64f152296346fabf6b14c62c02984', 'StewartOa', NULL, NULL, NULL, NULL, NULL, NULL, NULL, NULL, 1432789739, 0, 0, 0, 0, 0, 0, 0, NULL, NULL, NULL, 30, 10, 10, 10, 0, 0, 0, 0, NULL, 1, 1, 1, 1, 1, 1, 1, 0, ''),
(332, NULL, 'marieformal@outlook.com', 'a4474b88aba08b7dc29db299531fb227', 'marieprom', NULL, NULL, NULL, NULL, NULL, NULL, NULL, NULL, 1432899097, 0, 0, 0, 0, 0, 0, 0, NULL, NULL, NULL, 32, 10, 10, 12, 0, 0, 0, 0, NULL, 1, 1, 1, 1, 1, 1, 1, 0, ''),
(333, NULL, 'javier_chai95@outlook.com', '70880861fb921655fede48714ff22474', 'Karina', NULL, NULL, NULL, NULL, NULL, NULL, NULL, NULL, 1432912590, 0, 0, 0, 0, 0, 0, 0, NULL, NULL, 1434113817, 33, 10, 10, 13, 0, 0, 0, 0, NULL, 1, 1, 1, 1, 1, 1, 1, 0, ''),
(334, NULL, 'lushanghanshuang@gmail.com', '6534d99f4779adca02bb0c22982eefdd', 'dressesalice', NULL, NULL, NULL, NULL, NULL, NULL, NULL, NULL, 1433146456, 0, 0, 0, 0, 0, 0, 0, NULL, NULL, 1433149144, 44, 15, 10, 17, 0, 0, 0, 0, NULL, 1, 1, 1, 1, 1, 1, 1, 0, ''),
(335, NULL, 'mas.sdoing6@gmail.com', '8720a54cfeb0c2aad86d19b5a8e30529', 'AnthonyNub', NULL, NULL, NULL, NULL, NULL, NULL, NULL, NULL, 1433183205, 0, 0, 0, 0, 0, 0, 0, NULL, NULL, 1434837199, 31, 10, 10, 11, 0, 0, 0, 0, NULL, 1, 1, 1, 1, 1, 1, 1, 0, ''),
(336, NULL, 'yukman@redso.com.hk', 'ae2b1fca515949e5d54fb22b8ed95575', 'Yuk Man', NULL, NULL, NULL, NULL, NULL, NULL, NULL, NULL, 1433320097, 0, 0, 0, 0, 0, 0, 0, NULL, NULL, NULL, 30, 10, 10, 10, 0, 0, 0, 0, NULL, 1, 1, 1, 1, 1, 1, 1, 0, ''),
(341, NULL, 'fayme.shariar@gmail.com', 'e10adc3949ba59abbe56e057f20f883e', 'fay007', NULL, NULL, NULL, NULL, NULL, NULL, NULL, NULL, 1436255153, 0, 0, 0, 0, 0, 0, 0, NULL, NULL, NULL, 0, 0, 0, 0, 0, 0, 0, 0, NULL, 1, 1, 1, 1, 1, 1, 1, 0, ''),
(338, NULL, 'visslight@gmail.com', 'f05cf9175f6b3c5741b3bb8a478c21d3', 'justros', NULL, NULL, NULL, NULL, NULL, NULL, NULL, NULL, 1434093505, 0, 0, 0, 0, 0, 0, 0, NULL, NULL, 1434693971, 33, 10, 10, 13, 0, 0, 0, 0, NULL, 1, 1, 1, 1, 1, 1, 1, 0, ''),
(339, NULL, 'xmenfc@hotmail.com', '99d463a0fbbfae25b273682fd0350cbb', 'Shuvo.Bhuiyan', NULL, NULL, NULL, NULL, NULL, NULL, NULL, NULL, 1436241324, 0, 0, 0, 0, 0, 0, 0, NULL, NULL, NULL, 0, 0, 0, 0, 1, 0, 0, 0, NULL, 1, 1, 1, 1, 1, 1, 1, 0, ''),
(342, NULL, 'nn@gmail.com', '5900b2ac4cb3d292a0fcdfb3496592bd', 'p', NULL, NULL, NULL, NULL, NULL, NULL, NULL, NULL, 1436265362, 0, 0, 0, 0, 0, 0, 0, NULL, NULL, NULL, 0, 0, 0, 0, 0, 0, 0, 0, NULL, 1, 1, 1, 1, 1, 1, 1, 0, ''),
(343, NULL, 'nawreen20@gmail.com', '5900b2ac4cb3d292a0fcdfb3496592bd', 'priya', NULL, NULL, NULL, NULL, NULL, NULL, NULL, NULL, 1436265942, 0, 0, 0, 0, 0, 0, 0, NULL, NULL, NULL, 0, 0, 0, 0, 0, 0, 0, 0, NULL, 1, 1, 1, 1, 1, 1, 1, 0, ''),
(344, NULL, 'ragi@hd.com', '1b504d3328e16fdf281d1fb9516dd90b', 'ragi', NULL, NULL, NULL, NULL, NULL, NULL, NULL, NULL, 1436266299, 0, 0, 0, 0, 0, 0, 0, NULL, NULL, NULL, 0, 0, 0, 0, 0, 0, 0, 0, NULL, 1, 1, 1, 1, 1, 1, 1, 0, ''),
(345, NULL, 'kkk@gmail.com', '01c7ec8c20d3cdf547283382f751a0d9', 'pp', NULL, NULL, NULL, NULL, NULL, NULL, NULL, NULL, 1436266547, 0, 0, 0, 0, 0, 0, 0, NULL, NULL, NULL, 0, 0, 0, 0, 0, 0, 0, 0, NULL, 1, 1, 1, 1, 1, 1, 1, 0, ''),
(346, NULL, 'abc@gmail.com', 'e10adc3949ba59abbe56e057f20f883e', 'mahedi111', NULL, NULL, NULL, NULL, NULL, NULL, NULL, NULL, 1436266956, 0, 0, 0, 0, 0, 0, 0, NULL, NULL, NULL, 0, 0, 0, 0, 0, 0, 0, 0, NULL, 1, 1, 1, 1, 1, 1, 1, 0, ''),
(347, NULL, 'abz@gmail.com', 'e10adc3949ba59abbe56e057f20f883e', 'mahedi112', NULL, NULL, NULL, NULL, NULL, NULL, NULL, NULL, 1436267200, 0, 0, 0, 0, 0, 0, 0, NULL, NULL, NULL, 0, 0, 0, 0, 0, 0, 0, 0, NULL, 1, 1, 1, 1, 1, 1, 1, 0, ''),
(348, NULL, 'jj@gmail.com', '6537e99af2c2223642df9f70a0b5afca', 'pree', NULL, NULL, NULL, NULL, NULL, NULL, NULL, NULL, 1436267735, 0, 0, 0, 0, 0, 0, 0, NULL, NULL, NULL, 0, 0, 0, 0, 0, 0, 0, 0, NULL, 1, 1, 1, 1, 1, 1, 1, 0, ''),
(349, NULL, 'nawreen91@gmail.com', 'e10adc3949ba59abbe56e057f20f883e', 'pree20', NULL, NULL, NULL, NULL, NULL, NULL, NULL, NULL, 1436267891, 0, 0, 0, 0, 0, 2, 0, NULL, NULL, NULL, 0, 0, 0, 0, 0, 0, 0, 0, NULL, 1, 1, 1, 1, 1, 1, 1, 0, ''),
(350, NULL, 'symantha@pinkals.com', 'e2326bd277398ff1c31f0a0eb2e34a8c', 'Symantha.Chai', NULL, NULL, NULL, NULL, NULL, NULL, NULL, NULL, 1436269945, 0, 0, 0, 0, 0, 0, 0, NULL, NULL, NULL, 0, 0, 0, 0, 1, 0, 0, 0, NULL, 1, 1, 1, 1, 1, 1, 1, 0, ''),
(351, NULL, 'ccket0055@yahoo.com', '3d5e914963a062c40d43a46a5975f439', 'Ck.Cheng', NULL, NULL, NULL, NULL, NULL, NULL, NULL, NULL, 1436329902, 1, 2, 15, 3, 0, 1, 0, NULL, NULL, NULL, 0, 0, 0, 0, 1, 0, 0, 0, NULL, 1, 1, 1, 1, 1, 1, 1, 0, ''),
(352, NULL, '559ca84d3150d@yolve.it', 'e45da7fcfe46231b42c4dbbdf6c7a7f7', 'YOLOVE_IT', NULL, NULL, NULL, NULL, NULL, NULL, NULL, NULL, 1436330061, 0, 0, 0, 0, 0, 0, 0, NULL, NULL, NULL, 0, 0, 0, 0, 1, 0, 0, 0, NULL, 1, 1, 1, 1, 1, 1, 1, 0, ''),
(353, NULL, '559ca93291664@yolve.it', '06af04ae20497e118f641929ca1a8bcb', 'YoloveitMy', NULL, NULL, NULL, NULL, NULL, NULL, NULL, NULL, 1436330290, 0, 0, 0, 0, 0, 0, 0, NULL, NULL, NULL, 0, 0, 0, 0, 1, 0, 0, 0, NULL, 1, 1, 1, 1, 1, 1, 1, 0, ''),
(354, NULL, 'a@adhdh.com', 'e10adc3949ba59abbe56e057f20f883e', 'gdhshd', NULL, NULL, NULL, NULL, NULL, NULL, NULL, NULL, 1436335551, 0, 0, 0, 0, 0, 0, 0, NULL, NULL, NULL, 0, 0, 0, 0, 0, 0, 0, 0, NULL, 1, 1, 1, 1, 1, 1, 1, 0, ''),
(355, NULL, 'jamilbd11@gmail.com', 'cc2fe57a84df0563927cf8392c26fd4e', 'Jam.Jussi', NULL, NULL, NULL, NULL, NULL, NULL, NULL, NULL, 1436377981, 0, 0, 0, 0, 0, 0, 0, NULL, NULL, NULL, 0, 0, 0, 0, 1, 0, 0, 0, NULL, 1, 1, 1, 1, 1, 1, 1, 0, ''),
(356, NULL, 'flyflyerson@gmail.com', '17c38e75f2313407f6d4e42240d27e61', 'Fly.Flyerson', NULL, NULL, NULL, NULL, NULL, NULL, NULL, NULL, 1436677233, 0, 0, 0, 0, 0, 0, 0, NULL, NULL, NULL, 0, 0, 0, 0, 1, 0, 0, 0, NULL, 1, 1, 1, 1, 1, 1, 1, 0, ''),
(357, NULL, 'gggg@gmail.com', 'e10adc3949ba59abbe56e057f20f883e', 'fa', NULL, NULL, NULL, NULL, NULL, NULL, NULL, NULL, 1437025083, 0, 0, 0, 0, 0, 0, 0, NULL, NULL, NULL, 0, 0, 0, 0, 0, 0, 0, 0, NULL, 1, 1, 1, 1, 1, 1, 1, 0, ''),
(358, NULL, 'faymeKhan@gmail.com', 'e10adc3949ba59abbe56e057f20f883e', 'faymeKhan', NULL, NULL, NULL, NULL, NULL, NULL, NULL, NULL, 1437812776, 0, 0, 0, 0, 0, 0, 0, NULL, NULL, NULL, 0, 0, 0, 0, 0, 0, 0, 0, NULL, 1, 1, 1, 1, 1, 1, 1, 0, '754928e94c03b3d5d1943312021bc6e7'),
(359, NULL, 'gada@gmail.com', 'fcea920f7412b5da7be0cf42b8c93759', 'gada', NULL, NULL, NULL, NULL, NULL, NULL, NULL, NULL, 1437815243, 0, 0, 8, 0, 0, 2, 0, NULL, NULL, NULL, 0, 0, 0, 0, 0, 0, 0, 0, NULL, 1, 1, 1, 1, 1, 1, 1, 0, '56068f1b702b0bf2d4938635abc3a4ea'),
(360, NULL, 'newShuvo@gmail.com', 'e10adc3949ba59abbe56e057f20f883e', 'newShuvo', NULL, NULL, NULL, NULL, NULL, NULL, NULL, NULL, 1437818636, 0, 0, 0, 3, 0, 0, 0, NULL, NULL, NULL, 0, 0, 0, 0, 0, 0, 0, 0, NULL, 1, 1, 1, 1, 1, 1, 1, 0, 'aa03b3476eccccf377d2e80a8966bdb7'),
(361, NULL, 'newMahedi@gmail.com', 'fcea920f7412b5da7be0cf42b8c93759', 'newMahedi', NULL, NULL, NULL, NULL, NULL, NULL, NULL, '', 1437819540, 0, 0, 0, 1, 0, 0, 0, NULL, NULL, NULL, 0, 0, 0, 0, 0, 0, 0, 0, NULL, 1, 1, 1, 1, 1, 1, 1, 0, '8dd724526e157d24097a1b479f42b087'),
(362, NULL, '55b60c358750b@yolve.it', 'a4529019f1ff41f5704c66bd17ac1b0f', 'mahedi8073', NULL, NULL, NULL, NULL, NULL, NULL, NULL, NULL, 1437994037, 0, 0, 0, 1, 0, 0, 0, NULL, NULL, NULL, 0, 0, 0, 0, 1, 0, 0, 0, NULL, 1, 1, 1, 1, 1, 1, 1, 0, '43107bf969efbad3bef6846344ef18e4'),
(363, NULL, 'mahedi807@gmail.com', 'e10adc3949ba59abbe56e057f20f883e', 'shadat', NULL, NULL, NULL, NULL, NULL, NULL, NULL, NULL, 1438000791, 0, 0, 0, 1, 0, 0, 0, NULL, NULL, NULL, 0, 0, 0, 0, 0, 0, 0, 0, NULL, 1, 1, 1, 1, 1, 1, 1, 0, 'a596a9208ff831247a2c64bb8dc0fa9e');

-- --------------------------------------------------------

--
-- Table structure for table `usergroup`
--

CREATE TABLE IF NOT EXISTS `usergroup` (
  `id` smallint(6) unsigned NOT NULL AUTO_INCREMENT,
  `usergroup_type` enum('system','special','member') NOT NULL DEFAULT 'member',
  `usergroup_key` varchar(255) NOT NULL DEFAULT '',
  `usergroup_name` varchar(255) NOT NULL DEFAULT '',
  `credits_lower` int(10) NOT NULL DEFAULT '0',
  `credits_higher` int(10) NOT NULL DEFAULT '0',
  `stars` tinyint(3) NOT NULL DEFAULT '0',
  `color` varchar(255) NOT NULL DEFAULT '',
  `icon` varchar(255) NOT NULL DEFAULT '',
  `allow_visit` tinyint(1) NOT NULL DEFAULT '1',
  `allow_share` tinyint(1) NOT NULL DEFAULT '1',
  `need_verify` tinyint(1) NOT NULL DEFAULT '1',
  `other_permission` text,
  PRIMARY KEY (`id`),
  KEY `idx_credits_range` (`credits_higher`,`credits_lower`)
) ENGINE=MyISAM  DEFAULT CHARSET=utf8 AUTO_INCREMENT=21 ;

--
-- Dumping data for table `usergroup`
--

INSERT INTO `usergroup` (`id`, `usergroup_type`, `usergroup_key`, `usergroup_name`, `credits_lower`, `credits_higher`, `stars`, `color`, `icon`, `allow_visit`, `allow_share`, `need_verify`, `other_permission`) VALUES
(1, 'system', 'admin', 'Administrator', 0, 0, 9, '', '', 1, 1, 1, 'a:10:{s:11:"allowvisite";s:3:"200";s:12:"allowmessage";s:1:"1";s:12:"allowposturl";s:1:"3";s:9:"allowpost";s:1:"1";s:10:"postverify";s:1:"0";s:12:"allowcomment";s:1:"1";s:11:"allowupload";s:1:"1";s:7:"allowat";s:1:"1";s:13:"allowdownload";s:1:"1";s:12:"ignorecensor";s:1:"1";}'),
(2, 'system', 'editer', 'Editor', 0, 0, 8, '', '', 1, 1, 1, 'a:10:{s:11:"allowvisite";s:3:"200";s:12:"allowmessage";s:1:"1";s:12:"allowposturl";s:1:"3";s:9:"allowpost";s:1:"1";s:10:"postverify";s:1:"0";s:12:"allowcomment";s:1:"1";s:11:"allowupload";s:1:"1";s:7:"allowat";s:1:"1";s:13:"allowdownload";s:1:"1";s:12:"ignorecensor";s:1:"1";}'),
(3, 'system', 'banned_visit', 'Banned Visit', 0, 0, 0, '', '', 0, 0, 1, 'a:10:{s:11:"allowvisite";s:4:"-100";s:12:"allowmessage";s:1:"0";s:12:"allowposturl";s:1:"0";s:9:"allowpost";s:1:"0";s:10:"postverify";s:1:"0";s:12:"allowcomment";s:1:"0";s:11:"allowupload";s:1:"0";s:7:"allowat";s:1:"0";s:13:"allowdownload";s:1:"0";s:12:"ignorecensor";s:1:"0";}'),
(4, 'system', 'banned_post', 'Banned Post', 0, 0, 0, '', '', 1, 0, 1, 'a:10:{s:11:"allowvisite";s:3:"100";s:12:"allowmessage";s:1:"0";s:12:"allowposturl";s:1:"0";s:9:"allowpost";s:1:"0";s:10:"postverify";s:1:"0";s:12:"allowcomment";s:1:"0";s:11:"allowupload";s:1:"0";s:7:"allowat";s:1:"0";s:13:"allowdownload";s:1:"1";s:12:"ignorecensor";s:1:"0";}'),
(5, 'system', 'waiting_verify', 'Waiting Verify', 0, 0, 0, '', '', 1, 0, 1, 'a:10:{s:11:"allowvisite";s:3:"100";s:12:"allowmessage";s:1:"1";s:12:"allowposturl";s:1:"0";s:9:"allowpost";s:1:"0";s:10:"postverify";s:1:"1";s:12:"allowcomment";s:1:"1";s:11:"allowupload";s:1:"0";s:7:"allowat";s:1:"0";s:13:"allowdownload";s:1:"1";s:12:"ignorecensor";s:1:"0";}'),
(6, 'system', 'member', 'Member', 0, 0, 0, '', '', 1, 1, 1, 'a:10:{s:11:"allowvisite";s:3:"100";s:12:"allowmessage";s:1:"1";s:12:"allowposturl";s:1:"3";s:9:"allowpost";s:1:"1";s:10:"postverify";s:1:"0";s:12:"allowcomment";s:1:"1";s:11:"allowupload";s:1:"1";s:7:"allowat";s:1:"1";s:13:"allowdownload";s:1:"1";s:12:"ignorecensor";s:1:"0";}'),
(7, 'system', 'guest', 'Guest', 0, 0, 0, '', '', 1, 1, 1, 'a:10:{s:11:"allowvisite";s:3:"100";s:12:"allowmessage";s:1:"0";s:12:"allowposturl";s:1:"0";s:9:"allowpost";s:1:"0";s:10:"postverify";s:1:"0";s:12:"allowcomment";s:1:"0";s:11:"allowupload";s:1:"0";s:7:"allowat";s:1:"0";s:13:"allowdownload";s:1:"1";s:12:"ignorecensor";s:1:"0";}'),
(19, 'system', 'Grownup', 'Grownup', 0, 0, 0, '', '', 1, 1, 1, NULL),
(9, 'member', 'learner', '', 50, 200, 2, '0', '', 1, 1, 1, 'a:12:{s:8:"allowurl";s:1:"1";s:12:"allowposturl";s:1:"3";s:8:"maxalbum";s:2:"20";s:9:"maxfollow";s:3:"100";s:12:"maxattachnum";s:2:"10";s:13:"maxattachsize";s:7:"2048000";s:10:"maxmessage";s:3:"100";s:10:"allowvideo";s:1:"1";s:10:"allowfetch";s:1:"1";s:12:"allowfileext";s:15:"jpg|png|gif|zip";s:10:"maxcrgroup";s:2:"10";s:10:"maxcrtopic";s:2:"20";}'),
(10, 'member', 'Grownup', 'Fashion Grownup', 200, 500, 3, '0', '', 1, 1, 1, 'a:12:{s:8:"allowurl";s:1:"1";s:12:"allowposturl";s:1:"3";s:8:"maxalbum";s:2:"20";s:9:"maxfollow";s:3:"100";s:12:"maxattachnum";s:2:"10";s:13:"maxattachsize";s:7:"2048000";s:10:"maxmessage";s:3:"100";s:10:"allowvideo";s:1:"1";s:10:"allowfetch";s:1:"1";s:12:"allowfileext";s:15:"jpg|png|gif|zip";s:10:"maxcrgroup";s:2:"10";s:10:"maxcrtopic";s:2:"20";}'),
(11, 'member', 'explorer', 'Fashion Explorer', 500, 1000, 4, '0', '', 1, 1, 1, 'a:12:{s:8:"allowurl";s:1:"1";s:12:"allowposturl";s:1:"3";s:8:"maxalbum";s:3:"200";s:9:"maxfollow";s:3:"100";s:12:"maxattachnum";s:2:"10";s:13:"maxattachsize";s:7:"2048000";s:10:"maxmessage";s:3:"100";s:10:"allowvideo";s:1:"1";s:10:"allowfetch";s:1:"1";s:12:"allowfileext";s:15:"jpg|png|gif|zip";s:10:"maxcrgroup";s:2:"10";s:10:"maxcrtopic";s:2:"20";}'),
(12, 'member', 'stylist', 'Fashion Stylist', 1000, 3000, 6, '0', '', 1, 1, 1, 'a:12:{s:8:"allowurl";s:1:"1";s:12:"allowposturl";s:1:"3";s:8:"maxalbum";s:2:"20";s:9:"maxfollow";s:3:"100";s:12:"maxattachnum";s:2:"10";s:13:"maxattachsize";s:7:"2048000";s:10:"maxmessage";s:3:"200";s:10:"allowvideo";s:1:"1";s:10:"allowfetch";s:1:"1";s:12:"allowfileext";s:15:"jpg|png|gif|zip";s:10:"maxcrgroup";s:2:"10";s:10:"maxcrtopic";s:2:"20";}'),
(14, 'special', 'star', 'Star', 0, 9999999, 8, '', '', 1, 1, 1, ''),
(15, 'special', 'store', 'Store', 0, 9999999, 8, '', '', 1, 1, 1, '');

-- --------------------------------------------------------

--
-- Table structure for table `user_newsletter`
--

CREATE TABLE IF NOT EXISTS `user_newsletter` (
  `id` int(11) NOT NULL AUTO_INCREMENT,
  `email` varchar(100) NOT NULL,
  `create_time` int(10) NOT NULL,
  PRIMARY KEY (`id`)
) ENGINE=MyISAM  DEFAULT CHARSET=latin1 AUTO_INCREMENT=3 ;

--
-- Dumping data for table `user_newsletter`
--

INSERT INTO `user_newsletter` (`id`, `email`, `create_time`) VALUES
(1, 'ckhaimun@hotmail.com@hotmcom', 1436257938),
(2, 't@gm.com', 1437976158);

-- --------------------------------------------------------

--
-- Table structure for table `user_usergroup`
--

CREATE TABLE IF NOT EXISTS `user_usergroup` (
  `id` int(11) NOT NULL,
  `user_id` int(11) NOT NULL,
  `create_time` int(10) NOT NULL,
  PRIMARY KEY (`id`,`user_id`),
  KEY `idx_user_id` (`user_id`),
  KEY `idx_group_id` (`id`)
) ENGINE=MyISAM DEFAULT CHARSET=utf8;

--
-- Dumping data for table `user_usergroup`
--

INSERT INTO `user_usergroup` (`id`, `user_id`, `create_time`) VALUES
(1, 1, 1373314324),
(8, 1, 1379914040),
(1, 2, 1376499764),
(8, 2, 1376499764),
(6, 3, 1374221672),
(8, 3, 1374221672),
(1, 4, 1377758638),
(9, 4, 1379928652),
(1, 5, 1377758848),
(10, 5, 1393923651),
(1, 6, 1394877391),
(11, 6, 1433146760),
(1, 7, 1378194281),
(8, 7, 1378194281),
(6, 8, 1378200338),
(8, 8, 1378200338),
(6, 9, 1378723815),
(9, 9, 1378798616),
(1, 10, 1394000425),
(13, 10, 1433146759),
(6, 11, 1379479197),
(13, 11, 1433146756),
(6, 12, 1379480511),
(8, 12, 1379480511),
(6, 13, 1379485744),
(8, 13, 1409150063),
(1, 14, 1424142707),
(9, 14, 1424142707),
(6, 15, 1379574053),
(8, 15, 1389300029),
(6, 16, 1379934087),
(10, 16, 1380168767),
(6, 17, 1379939339),
(9, 17, 1409150607),
(6, 18, 1380265677),
(12, 18, 1433146758),
(6, 19, 1380709430),
(8, 19, 1380709430),
(6, 20, 1382513251),
(13, 20, 1433146760),
(6, 21, 1382607056),
(8, 21, 1382607056),
(6, 22, 1382948658),
(8, 22, 1382948658),
(6, 23, 1382954369),
(8, 23, 1382954369),
(1, 25, 1388684691),
(9, 25, 1392264170),
(6, 26, 1392474845),
(8, 26, 1392474845),
(6, 27, 1393373237),
(8, 27, 1393373237),
(15, 10, 1394000425),
(6, 30, 1394874542),
(8, 30, 1394874542),
(6, 32, 1394879666),
(8, 32, 1394879666),
(6, 33, 1395330432),
(8, 33, 1395330432),
(6, 34, 1395641956),
(8, 34, 1395641956),
(6, 35, 1395642492),
(8, 35, 1395642492),
(6, 36, 1395659423),
(8, 36, 1395659423),
(6, 37, 1395668825),
(8, 37, 1395668825),
(6, 38, 1395669900),
(8, 38, 1395669900),
(6, 39, 1395670167),
(8, 39, 1395670167),
(6, 40, 1395670911),
(8, 40, 1395670911),
(6, 41, 1395676605),
(8, 41, 1395676605),
(6, 42, 1395681824),
(8, 42, 1395681824),
(6, 43, 1395684499),
(8, 43, 1395684499),
(6, 44, 1395686408),
(8, 44, 1395686408),
(6, 45, 1395697638),
(8, 45, 1395697638),
(6, 46, 1395699629),
(8, 46, 1395699629),
(6, 47, 1395705615),
(8, 47, 1395705615),
(6, 48, 1395891782),
(8, 48, 1395891782),
(6, 49, 1395905404),
(8, 49, 1395905404),
(6, 50, 1395949530),
(8, 50, 1395949530),
(6, 51, 1396382868),
(8, 51, 1396382868),
(6, 52, 1396422461),
(8, 52, 1396422461),
(6, 53, 1396617124),
(8, 53, 1396617124),
(6, 54, 1396724299),
(8, 54, 1433146764),
(6, 55, 1396962759),
(8, 55, 1396962759),
(6, 56, 1397026269),
(8, 56, 1397026269),
(6, 57, 1397288218),
(8, 57, 1397288218),
(6, 58, 1397901369),
(8, 58, 1397901369),
(6, 59, 1397963184),
(8, 59, 1397963184),
(6, 60, 1398200185),
(8, 60, 1398200185),
(6, 61, 1398547641),
(8, 61, 1398547641),
(6, 62, 1398581803),
(8, 62, 1398581803),
(6, 63, 1398592043),
(8, 63, 1398592043),
(6, 64, 1398604800),
(8, 64, 1398604800),
(6, 65, 1398637816),
(8, 65, 1398637816),
(6, 66, 1398820066),
(8, 66, 1398820066),
(6, 67, 1398838332),
(8, 67, 1398838332),
(6, 68, 1398921239),
(8, 68, 1398921239),
(6, 69, 1398977957),
(8, 69, 1398977957),
(6, 70, 1399045113),
(8, 70, 1399045113),
(6, 71, 1399051879),
(8, 71, 1399051879),
(6, 72, 1399054648),
(8, 72, 1399054648),
(6, 73, 1399155972),
(8, 73, 1399155972),
(6, 74, 1399365988),
(8, 74, 1399365988),
(6, 75, 1399404780),
(8, 75, 1399404780),
(6, 76, 1399506959),
(8, 76, 1399506959),
(6, 77, 1399510489),
(8, 77, 1399510489),
(6, 78, 1399530654),
(8, 78, 1399530654),
(6, 79, 1399629100),
(8, 79, 1399629100),
(6, 80, 1399644412),
(8, 80, 1399644412),
(6, 81, 1399788937),
(8, 81, 1399788937),
(6, 82, 1399942258),
(8, 82, 1399942258),
(6, 83, 1399942272),
(8, 83, 1399942272),
(6, 84, 1400012495),
(8, 84, 1400012495),
(6, 85, 1400185563),
(8, 85, 1400185563),
(6, 87, 1400367153),
(8, 87, 1400367153),
(6, 86, 1400367153),
(8, 86, 1400367153),
(6, 88, 1400401734),
(8, 88, 1400401734),
(6, 89, 1400585563),
(8, 89, 1400585563),
(6, 90, 1400619082),
(8, 90, 1400619082),
(6, 91, 1400859493),
(8, 91, 1400859493),
(6, 92, 1400953720),
(8, 92, 1400953720),
(6, 93, 1400979166),
(8, 93, 1400979166),
(6, 94, 1401033267),
(8, 94, 1401033267),
(6, 95, 1401141656),
(8, 95, 1401141656),
(6, 96, 1401153539),
(8, 96, 1401153539),
(6, 97, 1401164545),
(9, 97, 1406021324),
(6, 98, 1401198243),
(8, 98, 1401198243),
(6, 99, 1401326778),
(8, 99, 1401326778),
(6, 100, 1401355461),
(8, 100, 1401355461),
(6, 101, 1401367938),
(8, 101, 1401367938),
(6, 102, 1401499566),
(8, 102, 1401499566),
(6, 103, 1401500359),
(8, 103, 1401500359),
(6, 104, 1401507192),
(8, 104, 1401507192),
(6, 105, 1401556545),
(8, 105, 1401556545),
(6, 106, 1401696540),
(8, 106, 1401696540),
(6, 107, 1401701562),
(8, 107, 1401701562),
(6, 108, 1401757603),
(8, 108, 1401757603),
(6, 109, 1401775072),
(8, 109, 1409150129),
(6, 110, 1401788933),
(8, 110, 1401788933),
(6, 111, 1401821388),
(8, 111, 1401821388),
(6, 112, 1401827203),
(8, 112, 1401827203),
(6, 113, 1401920710),
(8, 113, 1401920710),
(6, 114, 1401946168),
(8, 114, 1401946168),
(1, 115, 1402896270),
(9, 115, 1409739884),
(6, 116, 1402003037),
(8, 116, 1402003037),
(6, 117, 1402308338),
(8, 117, 1402308338),
(6, 118, 1402631776),
(8, 118, 1409150117),
(6, 119, 1402633532),
(8, 119, 1402633532),
(6, 120, 1403069683),
(8, 120, 1403069683),
(6, 121, 1403143396),
(8, 121, 1403143396),
(6, 122, 1403293193),
(8, 122, 1403293469),
(6, 123, 1403300434),
(8, 123, 1409150112),
(6, 124, 1403383715),
(8, 124, 1420620822),
(6, 125, 1403436776),
(8, 125, 1413307669),
(6, 126, 1403453217),
(8, 126, 1403453443),
(6, 127, 1403734384),
(8, 127, 1403734384),
(6, 128, 1403931300),
(8, 128, 1403931300),
(6, 129, 1404128948),
(8, 129, 1404128948),
(6, 130, 1404276827),
(8, 130, 1404276827),
(6, 131, 1404421333),
(8, 131, 1404421333),
(6, 132, 1404748046),
(8, 132, 1404748046),
(6, 133, 1404842061),
(13, 133, 1410940528),
(6, 134, 1405118079),
(8, 134, 1405118079),
(6, 135, 1405218623),
(8, 135, 1405218623),
(6, 136, 1405287324),
(8, 136, 1405287324),
(6, 137, 1405473106),
(8, 137, 1409150125),
(6, 138, 1405482102),
(8, 138, 1420620810),
(6, 139, 1405529911),
(8, 139, 1405529911),
(6, 140, 1405548296),
(8, 140, 1405548296),
(6, 141, 1405670210),
(8, 141, 1405670210),
(6, 142, 1405924501),
(8, 142, 1406021910),
(6, 146, 1406018552),
(8, 146, 1406018552),
(6, 147, 1406171994),
(8, 147, 1406171994),
(6, 148, 1406344112),
(8, 148, 1406344112),
(6, 149, 1406400304),
(8, 149, 1421736671),
(6, 150, 1406431650),
(8, 150, 1406431650),
(6, 151, 1406499700),
(8, 151, 1406499700),
(6, 152, 1406562764),
(8, 152, 1406562764),
(6, 153, 1406574847),
(8, 153, 1406574847),
(6, 154, 1406649100),
(9, 154, 1433146762),
(6, 155, 1406656761),
(8, 155, 1409150450),
(6, 156, 1406910492),
(8, 156, 1406910492),
(6, 157, 1407401169),
(8, 157, 1407401169),
(6, 158, 1407416824),
(8, 158, 1407416824),
(6, 159, 1407594032),
(13, 159, 1433146762),
(6, 160, 1407604077),
(12, 160, 1433146761),
(6, 161, 1407749652),
(8, 161, 1407749652),
(6, 162, 1407750216),
(8, 162, 1407750216),
(6, 163, 1407993733),
(8, 163, 1407993733),
(6, 164, 1408039161),
(8, 164, 1408039161),
(6, 165, 1408086982),
(8, 165, 1408086982),
(6, 166, 1408178599),
(8, 166, 1408178599),
(6, 167, 1408179298),
(8, 167, 1408179298),
(6, 168, 1408367825),
(8, 168, 1408367825),
(6, 169, 1408409561),
(8, 169, 1408409561),
(6, 170, 1408465686),
(8, 170, 1408465686),
(6, 171, 1408894425),
(8, 171, 1408894425),
(6, 172, 1408941513),
(8, 172, 1408941513),
(6, 173, 1408942263),
(8, 173, 1409150368),
(6, 174, 1409170656),
(8, 174, 1409170656),
(6, 175, 1409230483),
(8, 175, 1409230483),
(6, 176, 1409317962),
(8, 176, 1409317962),
(6, 177, 1409338006),
(8, 177, 1409338006),
(6, 178, 1409413505),
(8, 178, 1409413505),
(6, 179, 1409487668),
(8, 179, 1409487668),
(6, 180, 1409535514),
(8, 180, 1409535514),
(6, 181, 1409567436),
(8, 181, 1409567436),
(6, 182, 1409594046),
(8, 182, 1409594046),
(6, 183, 1409777048),
(8, 183, 1409777048),
(6, 184, 1409823341),
(8, 184, 1409823341),
(6, 185, 1409903111),
(8, 185, 1409903111),
(6, 186, 1409909719),
(8, 186, 1409909719),
(6, 187, 1409916914),
(8, 187, 1409916914),
(6, 189, 1410151776),
(8, 189, 1410151776),
(6, 190, 1410160062),
(8, 190, 1410160062),
(6, 191, 1410252762),
(8, 191, 1410252762),
(6, 192, 1410415375),
(8, 192, 1410415375),
(6, 193, 1410451509),
(8, 193, 1413307589),
(6, 194, 1410630243),
(8, 194, 1410630243),
(6, 195, 1410676367),
(8, 195, 1410676367),
(6, 196, 1410790581),
(8, 196, 1410790581),
(6, 197, 1410872829),
(8, 197, 1410872829),
(6, 198, 1410888087),
(12, 198, 1411545672),
(6, 199, 1410940270),
(10, 199, 1411270552),
(6, 200, 1410947574),
(8, 200, 1410947574),
(6, 201, 1410989403),
(8, 201, 1410989403),
(6, 202, 1411041064),
(8, 202, 1411041064),
(6, 203, 1411120550),
(8, 203, 1411120550),
(6, 204, 1411263375),
(8, 204, 1411263375),
(6, 205, 1411350551),
(8, 205, 1411350551),
(6, 206, 1411401269),
(8, 206, 1421736652),
(6, 207, 1411655612),
(8, 207, 1411655612),
(6, 208, 1412093771),
(8, 208, 1412093771),
(6, 209, 1412198193),
(8, 209, 1412198193),
(6, 210, 1412481287),
(8, 210, 1412481287),
(6, 211, 1412847078),
(8, 211, 1412847078),
(6, 212, 1412858879),
(8, 212, 1412858879),
(6, 213, 1413177435),
(8, 213, 1413177435),
(6, 214, 1413245658),
(8, 214, 1413303178),
(6, 215, 1413352621),
(8, 215, 1413352621),
(6, 216, 1413426892),
(8, 216, 1413426892),
(6, 217, 1414213801),
(8, 217, 1414213801),
(6, 218, 1414417589),
(8, 218, 1414417589),
(6, 219, 1414498715),
(8, 219, 1414498715),
(6, 220, 1414779385),
(8, 220, 1414779385),
(6, 221, 1415029123),
(8, 221, 1415029123),
(6, 222, 1415095916),
(8, 222, 1415095916),
(6, 223, 1415187913),
(8, 223, 1415187913),
(6, 224, 1415188069),
(8, 224, 1415188069),
(6, 225, 1415191790),
(8, 225, 1415191790),
(6, 226, 1415233404),
(8, 226, 1415233404),
(6, 227, 1415251412),
(8, 227, 1415251412),
(6, 228, 1415326731),
(8, 228, 1415326731),
(6, 229, 1415331512),
(8, 229, 1415331512),
(6, 230, 1415331663),
(8, 230, 1415331663),
(6, 231, 1415622578),
(8, 231, 1415622578),
(6, 232, 1415674836),
(8, 232, 1415674836),
(6, 233, 1415675597),
(8, 233, 1415675597),
(6, 234, 1415930607),
(8, 234, 1415930607),
(6, 235, 1416033027),
(8, 235, 1416033027),
(6, 236, 1416272090),
(8, 236, 1416272090),
(6, 237, 1416272132),
(8, 237, 1416272132),
(6, 238, 1416300934),
(8, 238, 1416300934),
(6, 239, 1416300943),
(8, 239, 1416300943),
(6, 240, 1416447418),
(8, 240, 1416447418),
(6, 241, 1416822972),
(8, 241, 1416822972),
(6, 242, 1416894920),
(8, 242, 1416894920),
(6, 243, 1416984492),
(8, 243, 1416984492),
(6, 244, 1417068366),
(8, 244, 1417068366),
(6, 245, 1417083262),
(8, 245, 1417083262),
(6, 246, 1417107562),
(8, 246, 1417107562),
(6, 247, 1417148869),
(8, 247, 1417148869),
(6, 248, 1417148947),
(8, 248, 1417148947),
(6, 249, 1417422849),
(8, 249, 1417422849),
(6, 250, 1417489135),
(8, 250, 1417489135),
(6, 251, 1417512664),
(8, 251, 1417512664),
(6, 252, 1417672791),
(9, 252, 1417673744),
(6, 253, 1417675935),
(8, 253, 1417675935),
(6, 254, 1417840691),
(8, 254, 1417840691),
(6, 255, 1417860906),
(8, 255, 1417860906),
(6, 256, 1417863864),
(8, 256, 1417863864),
(6, 257, 1418001405),
(8, 257, 1418001405),
(6, 258, 1418015005),
(8, 258, 1418015005),
(6, 259, 1418023967),
(8, 259, 1418023967),
(6, 260, 1418092153),
(8, 260, 1418092153),
(6, 261, 1418431349),
(8, 261, 1418431349),
(6, 262, 1418614913),
(8, 262, 1418614913),
(6, 263, 1418744124),
(8, 263, 1418744124),
(6, 264, 1418785619),
(8, 264, 1418993624),
(6, 265, 1418921254),
(8, 265, 1418921254),
(6, 266, 1418987330),
(8, 266, 1418987330),
(6, 267, 1419018616),
(8, 267, 1419018616),
(6, 268, 1419088888),
(8, 268, 1419224816),
(6, 269, 1419582027),
(8, 269, 1419582027),
(6, 270, 1419713675),
(8, 270, 1419713675),
(6, 271, 1420358627),
(9, 271, 1434440689),
(6, 272, 1420454943),
(8, 272, 1420454943),
(6, 273, 1420464075),
(8, 273, 1420464075),
(6, 274, 1420728977),
(8, 274, 1420728977),
(6, 275, 1420759327),
(8, 275, 1420759327),
(6, 276, 1420824445),
(8, 276, 1420824445),
(6, 277, 1420885988),
(8, 277, 1420885988),
(6, 278, 1421014588),
(8, 278, 1421014588),
(6, 279, 1421123778),
(8, 279, 1421123778),
(6, 280, 1421399780),
(8, 280, 1421399780),
(6, 281, 1421757851),
(8, 281, 1421757851),
(6, 282, 1422549623),
(8, 282, 1422549623),
(6, 283, 1422598006),
(8, 283, 1422598006),
(6, 284, 1422804617),
(8, 284, 1422804617),
(6, 285, 1422926072),
(8, 285, 1422926072),
(6, 286, 1423008205),
(8, 286, 1423008205),
(6, 287, 1423393605),
(9, 287, 1424680600),
(6, 288, 1423506764),
(8, 288, 1423506764),
(6, 289, 1424901313),
(8, 289, 1424901313),
(6, 290, 1425063745),
(8, 290, 1425063745),
(6, 291, 1426294777),
(8, 291, 1426294777),
(6, 292, 1426630274),
(8, 292, 1426630274),
(6, 293, 1426686104),
(8, 293, 1426686104),
(6, 294, 1426770616),
(8, 294, 1426770616),
(6, 295, 1426815086),
(8, 295, 1426815086),
(6, 296, 1426860323),
(8, 296, 1426860323),
(6, 297, 1427069516),
(8, 297, 1427069516),
(6, 298, 1427188959),
(8, 298, 1427188959),
(6, 299, 1427264859),
(8, 299, 1427264859),
(6, 300, 1427560293),
(8, 300, 1427560293),
(6, 301, 1427651715),
(8, 301, 1427651715),
(6, 302, 1427959224),
(8, 302, 1427959224),
(6, 303, 1428267438),
(8, 303, 1428267438),
(6, 304, 1428326435),
(8, 304, 1428326435),
(6, 305, 1428368067),
(8, 305, 1428368067),
(6, 306, 1428510698),
(8, 306, 1428510698),
(6, 307, 1428575905),
(8, 307, 1428575905),
(6, 308, 1428867609),
(8, 308, 1428867609),
(6, 309, 1428913300),
(8, 309, 1428913300),
(6, 310, 1428926933),
(8, 310, 1428926933),
(6, 311, 1428978917),
(8, 311, 1428978917),
(6, 312, 1429270121),
(8, 312, 1429270121),
(6, 313, 1429305499),
(8, 313, 1429305499),
(6, 314, 1429763530),
(8, 314, 1429763530),
(6, 315, 1429903530),
(8, 315, 1429903530),
(6, 316, 1429977819),
(8, 316, 1429977819),
(6, 317, 1430122550),
(8, 317, 1430122550),
(6, 318, 1430347390),
(8, 318, 1430347390),
(6, 319, 1430383353),
(9, 319, 1433146765),
(6, 320, 1430633942),
(8, 320, 1430633942),
(6, 321, 1430895624),
(8, 321, 1430895624),
(6, 322, 1430984549),
(8, 322, 1431327210),
(6, 323, 1430986199),
(8, 323, 1431327168),
(6, 324, 1431603458),
(8, 324, 1431603458),
(6, 325, 1432083980),
(8, 325, 1432083980),
(6, 326, 1432283025),
(8, 326, 1432283025),
(6, 327, 1432284124),
(8, 327, 1432284124),
(6, 328, 1432286147),
(9, 328, 1432749313),
(6, 329, 1432623914),
(9, 329, 1432749298),
(6, 341, 1436255153),
(6, 340, 1436248880),
(6, 331, 1432789739),
(8, 331, 1432789739),
(6, 332, 1432899097),
(8, 332, 1432899097),
(6, 333, 1432912590),
(8, 333, 1432912590),
(6, 334, 1433146456),
(8, 334, 1433149005),
(6, 335, 1433183205),
(8, 335, 1433183205),
(6, 336, 1433320097),
(8, 336, 1433320097),
(6, 343, 1436265942),
(6, 342, 1436265362),
(6, 338, 1434093505),
(8, 338, 1434093505),
(6, 339, 1436241324),
(6, 344, 1436266299),
(6, 345, 1436266547),
(6, 346, 1436266956),
(6, 347, 1436267200),
(6, 348, 1436267735),
(6, 349, 1436267891),
(6, 350, 1436269945),
(6, 351, 1436329902),
(6, 352, 1436330061),
(6, 353, 1436330290),
(6, 354, 1436335551),
(6, 355, 1436377981),
(6, 356, 1436677233),
(6, 357, 1437025083),
(6, 358, 1437812776),
(6, 359, 1437815244),
(6, 360, 1437818636),
(8, 360, 1437818637),
(6, 361, 1437819540),
(10, 361, 1437819541),
(6, 362, 1437994037),
(8, 362, 1437994038),
(6, 363, 1438000791),
(8, 363, 1438000792);

/*!40101 SET CHARACTER_SET_CLIENT=@OLD_CHARACTER_SET_CLIENT */;
/*!40101 SET CHARACTER_SET_RESULTS=@OLD_CHARACTER_SET_RESULTS */;
/*!40101 SET COLLATION_CONNECTION=@OLD_COLLATION_CONNECTION */;
