-- phpMyAdmin SQL Dump
-- version 4.0.10.7
-- http://www.phpmyadmin.net
--
-- Host: localhost
-- Generation Time: Jul 27, 2015 at 09:57 PM
-- Server version: 5.5.41-cll-lve
-- PHP Version: 5.4.23

SET SQL_MODE = "NO_AUTO_VALUE_ON_ZERO";
SET time_zone = "+00:00";


/*!40101 SET @OLD_CHARACTER_SET_CLIENT=@@CHARACTER_SET_CLIENT */;
/*!40101 SET @OLD_CHARACTER_SET_RESULTS=@@CHARACTER_SET_RESULTS */;
/*!40101 SET @OLD_COLLATION_CONNECTION=@@COLLATION_CONNECTION */;
/*!40101 SET NAMES utf8 */;

--
-- Database: `admin_yolove_sg`
--

-- --------------------------------------------------------

--
-- Table structure for table `activity`
--

CREATE TABLE IF NOT EXISTS `activity` (
  `id` int(11) NOT NULL AUTO_INCREMENT,
  `user_id` int(11) NOT NULL,
  `to_user_id` int(11) DEFAULT '0',
  `act_code` varchar(50) NOT NULL DEFAULT '',
  `act_title` varchar(255) NOT NULL DEFAULT '',
  `create_time` int(10) NOT NULL DEFAULT '0',
  `is_read` tinyint(4) DEFAULT '0',
  `rel_id` int(11) DEFAULT '0',
  PRIMARY KEY (`id`)
) ENGINE=MyISAM  DEFAULT CHARSET=utf8 AUTO_INCREMENT=12 ;

--
-- Dumping data for table `activity`
--

INSERT INTO `activity` (`id`, `user_id`, `to_user_id`, `act_code`, `act_title`, `create_time`, `is_read`, `rel_id`) VALUES
(1, 154, 149, 'addlike', 'Jessa Floral Painted Top', 1436330591, 0, 2),
(2, 6, 149, 'addlikealbum', 'Skirt', 1436776255, 0, 15),
(7, 6, 149, 'addlike', 'Ascolli Printed Frill Top', 1436776306, 0, 107),
(6, 6, 149, 'addlike', 'Noir Organza Frill Skirt (Black)', 1436776297, 0, 105),
(8, 6, 149, 'addlike', 'Berno Printed Vest ', 1436776309, 0, 102),
(9, 6, 149, 'postcomment', 'Skylar Top', 1436780052, 1, 87),
(10, 6, 149, 'postcomment', 'MDS. Dual Tone Peplum Top in Navy ', 1436780069, 1, 97),
(11, 6, 149, 'postcomment', 'MDS. Dual Tone Peplum Top in Navy ', 1436780076, 1, 97);

-- --------------------------------------------------------

--
-- Table structure for table `album`
--

CREATE TABLE IF NOT EXISTS `album` (
  `id` int(11) NOT NULL AUTO_INCREMENT,
  `category_id` int(11) DEFAULT '0',
  `album_title` varchar(255) NOT NULL,
  `album_desc` text,
  `create_time` int(10) NOT NULL,
  `update_time` int(10) DEFAULT NULL,
  `user_id` int(11) NOT NULL,
  `album_cover` text,
  `total_share` int(11) DEFAULT '0',
  `total_like` int(11) DEFAULT '0',
  PRIMARY KEY (`id`),
  KEY `idx_user_id` (`user_id`),
  KEY `idx_category_id` (`category_id`)
) ENGINE=MyISAM  DEFAULT CHARSET=utf8 AUTO_INCREMENT=28 ;

--
-- Dumping data for table `album`
--

INSERT INTO `album` (`id`, `category_id`, `album_title`, `album_desc`, `create_time`, `update_time`, `user_id`, `album_cover`, `total_share`, `total_like`) VALUES
(1, 15, 'Collared', '', 1435927282, 1437709248, 149, NULL, 8, 0),
(2, 15, 'Tops', '', 1435927424, 1436294764, 149, NULL, 19, 0),
(3, 17, 'Dresses', '', 1435927644, 1437710911, 149, NULL, 32, 0),
(4, 18, 'Necklace', '', 1435927961, 1436025844, 149, NULL, 9, 0),
(5, 15, 'Peplum', '', 1435928149, 1437710210, 149, NULL, 7, 0),
(6, 15, 'Sleeveless', '', 1435928280, 1437708994, 149, NULL, 7, 0),
(7, 25, 'Jumpsuits & Rompers', '', 1435928591, 1436028371, 149, NULL, 3, 0),
(8, 15, 'Kaftan', '', 1435928972, 1435928978, 149, NULL, 1, 0),
(9, 15, 'Blouson', '', 1435929287, 1437709798, 149, NULL, 2, 0),
(10, 17, 'Crochet', '', 1435929710, 1435929733, 149, NULL, 1, 0),
(11, 23, 'Pants', '', 1435930238, 1436293152, 149, NULL, 2, 0),
(12, 24, 'Shorts', '', 1436024209, 1437711150, 149, NULL, 7, 0),
(13, 18, 'Bracelet', '', 1436024419, 1436024798, 149, NULL, 6, 0),
(14, 21, 'Jacket', '', 1436026154, 1436026171, 149, NULL, 1, 0),
(15, 20, 'Skirt', '', 1436026727, 1436294696, 149, NULL, 5, 1),
(16, 17, 'Lace', '', 1436026870, 1436286228, 149, NULL, 3, 0),
(17, 21, 'Outwear', '', 1436028121, 1436286333, 149, NULL, 1, 0),
(18, 20, 'Skort', '', 1436286317, 1436287098, 149, NULL, 1, 0),
(19, 21, 'Cardigan', '', 1436287123, 1437711470, 149, NULL, 1, 0),
(20, 17, 'Maxi', '', 1436292872, 1437712505, 149, NULL, 1, 0),
(21, 21, 'Vest', '', 1436293547, 1436293600, 149, NULL, 1, 0),
(22, 21, 'Sweater', '', 1436784440, 1436784477, 154, NULL, 1, 0),
(23, 15, 'Tops', '', 1436853152, 1436853185, 154, NULL, 1, 0),
(24, 15, 'Sweater', '', 1437712490, 1437712490, 149, NULL, 0, 0),
(25, 5, 'Wish List', NULL, 1437818636, 1437818636, 360, NULL, 0, 0),
(26, 5, 'Wish List', NULL, 1437819540, 1437819540, 159, NULL, 0, 0),
(27, 5, 'Wish List', NULL, 1438000792, 1438000792, 160, NULL, 0, 0);

-- --------------------------------------------------------

--
-- Table structure for table `attachment`
--

CREATE TABLE IF NOT EXISTS `attachment` (
  `id` int(11) unsigned NOT NULL AUTO_INCREMENT,
  `item_id` int(11) unsigned NOT NULL DEFAULT '0',
  `user_id` mediumint(8) unsigned NOT NULL DEFAULT '0',
  `create_time` int(10) unsigned NOT NULL DEFAULT '0',
  `filename` varchar(255) NOT NULL DEFAULT '',
  `fileext` varchar(50) NOT NULL DEFAULT '',
  `filesize` int(10) unsigned NOT NULL DEFAULT '0',
  `attachment` varchar(255) NOT NULL DEFAULT '',
  `remote` varchar(255) NOT NULL DEFAULT '',
  `source` varchar(255) NOT NULL DEFAULT '',
  `description` varchar(255) NOT NULL,
  `readperm` tinyint(3) unsigned NOT NULL DEFAULT '0',
  `isimage` tinyint(1) NOT NULL DEFAULT '0',
  `width` smallint(6) unsigned NOT NULL DEFAULT '0',
  `height` smallint(6) unsigned NOT NULL DEFAULT '0',
  `thumb` tinyint(1) unsigned NOT NULL DEFAULT '0',
  `downloads` mediumint(8) NOT NULL DEFAULT '0',
  `cloud` varchar(80) NOT NULL DEFAULT '',
  PRIMARY KEY (`id`),
  KEY `idx_item_id` (`item_id`),
  KEY `idx_user_id` (`user_id`)
) ENGINE=MyISAM  DEFAULT CHARSET=utf8 AUTO_INCREMENT=121 ;

--
-- Dumping data for table `attachment`
--

INSERT INTO `attachment` (`id`, `item_id`, `user_id`, `create_time`, `filename`, `fileext`, `filesize`, `attachment`, `remote`, `source`, `description`, `readperm`, `isimage`, `width`, `height`, `thumb`, `downloads`, `cloud`) VALUES
(1, 1, 149, 1435927319, '149_559683164c742.jpg', 'jpg', 227165, 'uploads/attachments/products/large/149_559683164c742.jpg', 'http://www.tracyeinny.com.sg/latest-collection/jacob-collared-top-detail', 'www.tracyeinny.com.sg', '', 0, 1, 680, 1010, 0, 0, ''),
(2, 2, 149, 1435927451, '149_5596839a6c408.jpg', 'jpg', 301356, 'uploads/attachments/products/large/149_5596839a6c408.jpg', 'http://www.tracyeinny.com.sg/latest-collection/jessa-floral-painted-top-detail', 'www.tracyeinny.com.sg', '', 0, 1, 680, 1010, 0, 0, ''),
(3, 3, 149, 1435927502, '149_559683cd89086.jpg', 'jpg', 369654, 'uploads/attachments/products/large/149_559683cd89086.jpg', 'http://www.tracyeinny.com.sg/latest-collection/celia-printed-high-neck-top-detail', 'www.tracyeinny.com.sg', '', 0, 1, 680, 1010, 0, 0, ''),
(4, 4, 149, 1435927657, '149_55968468a66f3.jpg', 'jpg', 338578, 'uploads/attachments/products/large/149_55968468a66f3.jpg', 'http://www.tracyeinny.com.sg/latest-collection/eunice-geometric-stripes-dress-detail', 'www.tracyeinny.com.sg', '', 0, 1, 680, 1010, 0, 0, ''),
(5, 5, 149, 1435927738, '149_559684ba05e67.jpg', 'jpg', 317405, 'uploads/attachments/products/large/149_559684ba05e67.jpg', 'http://www.tracyeinny.com.sg/latest-collection/frankie-abstract-flare-sleeves-top-detail', 'www.tracyeinny.com.sg', '', 0, 1, 680, 1010, 0, 0, ''),
(6, 6, 149, 1435927895, '149_559685574bec4.jpg', 'jpg', 128123, 'uploads/attachments/products/large/149_559685574bec4.jpg', 'http://www.tracyeinny.com.sg/latest-collection/lena-pyramid-necklace-detail', 'www.tracyeinny.com.sg', '', 0, 1, 680, 1010, 0, 0, ''),
(7, 7, 149, 1435928022, '149_559685d530eeb.jpg', 'jpg', 289629, 'uploads/attachments/products/large/149_559685d530eeb.jpg', 'http://www.tracyeinny.com.sg/latest-collection/louisa-rhinestone-necklace-detail', 'www.tracyeinny.com.sg', '', 0, 1, 680, 1010, 0, 0, ''),
(8, 8, 149, 1435928078, '149_5596860dd3c5e.jpg', 'jpg', 247771, 'uploads/attachments/products/large/149_5596860dd3c5e.jpg', 'http://www.tracyeinny.com.sg/latest-collection/mallory-bib-necklace-detail', 'www.tracyeinny.com.sg', '', 0, 1, 680, 1010, 0, 0, ''),
(9, 9, 149, 1435928183, '149_55968676929f6.jpg', 'jpg', 338081, 'uploads/attachments/products/large/149_55968676929f6.jpg', 'http://www.tracyeinny.com.sg/latest-collection/nora-floral-peplum-top-detail', 'www.tracyeinny.com.sg', '', 0, 1, 680, 1010, 0, 0, ''),
(10, 10, 149, 1435928295, '149_559686e6b223f.jpg', 'jpg', 315555, 'uploads/attachments/products/large/149_559686e6b223f.jpg', 'http://www.tracyeinny.com.sg/latest-collection/gina-floral-crochet-top-detail', 'www.tracyeinny.com.sg', '', 0, 1, 680, 1010, 0, 0, ''),
(11, 11, 149, 1435928565, '149_559687f214bb0.jpg', 'jpg', 49939, 'uploads/attachments/products/large/149_559687f214bb0.jpg', 'http://www.flaunt.cc/the-illusionist-romper-blue', 'www.flaunt.cc', '', 0, 1, 350, 540, 0, 0, ''),
(12, 12, 149, 1435928681, '149_559688684ba99.jpg', 'jpg', 45228, 'uploads/attachments/products/large/149_559688684ba99.jpg', 'http://www.flaunt.cc/the-illusion-bodycon-dress-blue', 'www.flaunt.cc', '', 0, 1, 350, 540, 0, 0, ''),
(13, 13, 149, 1435928727, '149_559688964674b.jpg', 'jpg', 45144, 'uploads/attachments/products/large/149_559688964674b.jpg', 'http://www.flaunt.cc/ray-of-light-sun-dress-multi', 'www.flaunt.cc', '', 0, 1, 350, 540, 0, 0, ''),
(14, 14, 149, 1435928776, '149_559688c6e18a7.jpg', 'jpg', 51113, 'uploads/attachments/products/large/149_559688c6e18a7.jpg', 'http://www.flaunt.cc/the-butterfly-effect-dress-teal', 'www.flaunt.cc', '', 0, 1, 350, 540, 0, 0, ''),
(15, 15, 149, 1435928836, '149_55968901780d2.jpg', 'jpg', 29415, 'uploads/attachments/products/large/149_55968901780d2.jpg', 'http://www.flaunt.cc/oversized-boyfriend-shirt-baby-blue', 'www.flaunt.cc', '', 0, 1, 350, 540, 0, 0, ''),
(16, 16, 149, 1435928895, '149_5596893ed75d5.jpg', 'jpg', 35220, 'uploads/attachments/products/large/149_5596893ed75d5.jpg', 'http://www.flaunt.cc/aye-aye-popeye-shirt-blue', 'www.flaunt.cc', '', 0, 1, 350, 540, 0, 0, ''),
(17, 17, 149, 1435928978, '149_55968990d1d6d.jpg', 'jpg', 40932, 'uploads/attachments/products/large/149_55968990d1d6d.jpg', 'http://www.flaunt.cc/gypsy-bohemian-kaftan-black', 'www.flaunt.cc', '', 0, 1, 350, 540, 0, 0, ''),
(18, 18, 149, 1435929047, '149_559689d5e405b.jpg', 'jpg', 28286, 'uploads/attachments/products/large/149_559689d5e405b.jpg', 'http://www.flaunt.cc/flaunt-sweet-valentine-pinafore-dress-pink', 'www.flaunt.cc', '', 0, 1, 350, 540, 0, 0, ''),
(19, 19, 149, 1435929115, '149_55968a1a47ffc.jpg', 'jpg', 37220, 'uploads/attachments/products/large/149_55968a1a47ffc.jpg', 'http://www.flaunt.cc/flaunt-black-quartz-mesh-dress-white', 'www.flaunt.cc', '', 0, 1, 350, 540, 0, 0, ''),
(20, 20, 149, 1435929293, '149_55968acc6543b.jpg', 'jpg', 39866, 'uploads/attachments/products/large/149_55968acc6543b.jpg', 'http://www.flaunt.cc/flaunt-dotted-flutter-blouson-indigo', 'www.flaunt.cc', '', 0, 1, 350, 540, 0, 0, ''),
(21, 21, 149, 1435929587, '149_55968bf363a37.jpg', 'jpg', 42445, 'uploads/attachments/products/large/149_55968bf363a37.jpg', 'http://www.shopsupergurl.com/products/everyday-stripe-top-white', 'www.shopsupergurl.com', '', 0, 1, 500, 750, 0, 0, ''),
(22, 22, 149, 1435929665, '149_55968c40e3584.jpg', 'jpg', 40041, 'uploads/attachments/products/large/149_55968c40e3584.jpg', 'http://www.shopsupergurl.com/products/everyday-stripe-top-black', 'www.shopsupergurl.com', '', 0, 1, 500, 750, 0, 0, ''),
(23, 23, 149, 1435929733, '149_55968c8550237.jpg', 'jpg', 55181, 'uploads/attachments/products/large/149_55968c8550237.jpg', 'http://www.shopsupergurl.com/products/premium-portrait-crochet-dress', 'www.shopsupergurl.com', '', 0, 1, 500, 750, 0, 0, ''),
(24, 24, 149, 1435929823, '149_55968cdf83553.jpg', 'jpg', 41828, 'uploads/attachments/products/large/149_55968cdf83553.jpg', 'http://www.shopsupergurl.com/products/chantel-printed-dress-', 'www.shopsupergurl.com', '', 0, 1, 500, 750, 0, 0, ''),
(25, 25, 149, 1435930022, '149_55968da647ed9.jpg', 'jpg', 58256, 'uploads/attachments/products/large/149_55968da647ed9.jpg', 'http://www.shopsupergurl.com/products/adlyn-floral-top-', 'www.shopsupergurl.com', '', 0, 1, 500, 750, 0, 0, ''),
(26, 26, 149, 1435930122, '149_55968e01c9489.jpg', 'jpg', 81830, 'uploads/attachments/products/large/149_55968e01c9489.jpg', 'http://www.shopsupergurl.com/products/sanya-floral-jumper-navy', 'www.shopsupergurl.com', '', 0, 1, 500, 750, 0, 0, ''),
(27, 27, 149, 1435930254, '149_55968e8e059b1.jpg', 'jpg', 47204, 'uploads/attachments/products/large/149_55968e8e059b1.jpg', 'http://www.shopsupergurl.com/products/premium-cara-striped-pants-white', 'www.shopsupergurl.com', '', 0, 1, 500, 750, 0, 0, ''),
(28, 28, 149, 1435930342, '149_55968ee67c4a6.jpg', 'jpg', 63602, 'uploads/attachments/products/large/149_55968ee67c4a6.jpg', 'http://www.shopsupergurl.com/products/premium-zayna-scallop-floral-dress', 'www.shopsupergurl.com', '', 0, 1, 500, 750, 0, 0, ''),
(29, 29, 149, 1435930400, '149_55968f2054298.jpg', 'jpg', 56955, 'uploads/attachments/products/large/149_55968f2054298.jpg', 'http://www.shopsupergurl.com/products/peony-symmetry-floral-dress-', 'www.shopsupergurl.com', '', 0, 1, 500, 750, 0, 0, ''),
(30, 30, 149, 1436024222, '149_5597fd9dd2c91.jpg', 'jpg', 40680, 'uploads/attachments/products/large/149_5597fd9dd2c91.jpg', 'http://www.allurebella.com/collections/latest/products/morning-coffee-sleepwear-shorts-zkfk037', 'www.allurebella.com', '', 0, 1, 400, 400, 0, 0, ''),
(31, 31, 149, 1436024304, '149_5597fdf031ca7.jpg', 'jpg', 48872, 'uploads/attachments/products/large/149_5597fdf031ca7.jpg', 'http://www.allurebella.com/collections/latest/products/hearts-sleepwear-shorts-zkfk021', 'www.allurebella.com', '', 0, 1, 400, 400, 0, 0, ''),
(32, 32, 149, 1436024363, '149_5597fe2b1e3ac.jpg', 'jpg', 59433, 'uploads/attachments/products/large/149_5597fe2b1e3ac.jpg', 'http://www.allurebella.com/collections/latest/products/alarm-clocks-sleepwear-shorts', 'www.allurebella.com', '', 0, 1, 400, 400, 0, 0, ''),
(33, 33, 149, 1436024434, '149_5597fe71ef12a.jpg', 'jpg', 36563, 'uploads/attachments/products/large/149_5597fe71ef12a.jpg', 'http://www.allurebella.com/collections/latest/products/gold-chain-pink-beads-bracelet-b2223', 'www.allurebella.com', '', 0, 1, 400, 400, 0, 0, ''),
(34, 34, 149, 1436024495, '149_5597feaf6c30e.jpg', 'jpg', 27380, 'uploads/attachments/products/large/149_5597feaf6c30e.jpg', 'http://www.allurebella.com/collections/latest/products/gold-pearl-crystal-bracelet-b2228', 'www.allurebella.com', '', 0, 1, 400, 400, 0, 0, ''),
(35, 35, 149, 1436024580, '149_5597ff03b7ee9.jpg', 'jpg', 34068, 'uploads/attachments/products/large/149_5597ff03b7ee9.jpg', 'http://www.allurebella.com/collections/latest/products/black-braided-coin-charms-bracelet-b2292', 'www.allurebella.com', '', 0, 1, 400, 400, 0, 0, ''),
(36, 36, 149, 1436024634, '149_5597ff3a2c702.jpg', 'jpg', 42621, 'uploads/attachments/products/large/149_5597ff3a2c702.jpg', 'http://www.allurebella.com/collections/latest/products/gold-blue-leather-crystal-stone-bracelet-b2309', 'www.allurebella.com', '', 0, 1, 400, 400, 0, 0, ''),
(37, 37, 149, 1436024721, '149_5597ff90e7741.jpg', 'jpg', 16161, 'uploads/attachments/products/large/149_5597ff90e7741.jpg', 'http://www.allurebella.com/collections/latest/products/silver-color-wings-crystal-bangle-b2313', 'www.allurebella.com', '', 0, 1, 400, 400, 0, 0, ''),
(38, 38, 149, 1436024798, '149_5597ffde0ed4a.jpg', 'jpg', 33019, 'uploads/attachments/products/large/149_5597ffde0ed4a.jpg', 'http://www.allurebella.com/collections/latest/products/gold-bear-crystal-stones-coin-chunky-chain-bracelet-b2315', 'www.allurebella.com', '', 0, 1, 400, 400, 0, 0, ''),
(39, 39, 149, 1436024983, '149_55980096c9966.jpg', 'jpg', 35854, 'uploads/attachments/products/large/149_55980096c9966.jpg', 'http://www.allurebella.com/collections/latest/products/vintage-gold-flower-rose-long-necklace-n3202', 'www.allurebella.com', '', 0, 1, 400, 400, 0, 0, ''),
(40, 40, 149, 1436025062, '149_559800e65561c.jpg', 'jpg', 24608, 'uploads/attachments/products/large/149_559800e65561c.jpg', 'http://www.allurebella.com/collections/latest/products/gold-flower-collar-necklace-n3206', 'www.allurebella.com', '', 0, 1, 400, 400, 0, 0, ''),
(41, 41, 149, 1436025131, '149_5598012b4fa40.jpg', 'jpg', 35214, 'uploads/attachments/products/large/149_5598012b4fa40.jpg', 'http://www.allurebella.com/collections/latest/products/shapes-necklace-n3215', 'www.allurebella.com', '', 0, 1, 400, 400, 0, 0, ''),
(42, 42, 149, 1436025198, '149_5598016ddac06.jpg', 'jpg', 26200, 'uploads/attachments/products/large/149_5598016ddac06.jpg', 'http://www.allurebella.com/collections/latest/products/gold-bohemia-style-black-leather-triangle-rings-necklace-n3231', 'www.allurebella.com', '', 0, 1, 400, 400, 0, 0, ''),
(43, 43, 149, 1436025661, '149_5598033d32f8e.jpg', 'jpg', 22594, 'uploads/attachments/products/large/149_5598033d32f8e.jpg', 'http://www.allurebella.com/collections/latest/products/black-stylish-statement-necklace-n2655', 'www.allurebella.com', '', 0, 1, 400, 400, 0, 0, ''),
(44, 44, 149, 1436025763, '149_559803a2b12ad.jpg', 'jpg', 40396, 'uploads/attachments/products/large/149_559803a2b12ad.jpg', 'http://www.allurebella.com/collections/latest/products/gold-black-stylish-oval-statement-necklace-n3271', 'www.allurebella.com', '', 0, 1, 400, 400, 0, 0, ''),
(45, 45, 149, 1436025844, '149_559803f473b16.jpg', 'jpg', 33150, 'uploads/attachments/products/large/149_559803f473b16.jpg', 'http://www.allurebella.com/collections/latest/products/silver-triangles-necklace-n3286', 'www.allurebella.com', '', 0, 1, 400, 400, 0, 0, ''),
(46, 46, 149, 1436025893, '149_55980424e98aa.jpg', 'jpg', 38911, 'uploads/attachments/products/large/149_55980424e98aa.jpg', 'http://www.allurebella.com/collections/latest/products/basic-low-back-dress-d881', 'www.allurebella.com', '', 0, 1, 325, 421, 0, 0, ''),
(47, 47, 149, 1436025994, '149_55980489b4978.jpg', 'jpg', 73137, 'uploads/attachments/products/large/149_55980489b4978.jpg', 'http://www.allurebella.com/collections/latest/products/zoe-sexy-black-dress-d916', 'www.allurebella.com', '', 0, 1, 303, 420, 0, 0, ''),
(48, 48, 149, 1436026075, '149_559804dae8f12.jpg', 'jpg', 56276, 'uploads/attachments/products/large/149_559804dae8f12.jpg', 'http://www.allurebella.com/collections/latest/products/checkered-top-d851', 'www.allurebella.com', '', 0, 1, 297, 415, 0, 0, ''),
(49, 49, 149, 1436026171, '149_5598053abb5d8.jpg', 'jpg', 73715, 'uploads/attachments/products/large/149_5598053abb5d8.jpg', 'http://www.allurebella.com/collections/latest/products/slim-cut-ol-jacket-d781', 'www.allurebella.com', '', 0, 1, 313, 418, 0, 0, ''),
(50, 50, 149, 1436026661, '149_55980724ac50d.jpg', 'jpg', 56894, 'uploads/attachments/products/large/149_55980724ac50d.jpg', 'http://www.allurebella.com/collections/latest/products/emily-chiffon-romper-d484', 'www.allurebella.com', '', 0, 1, 283, 420, 0, 0, ''),
(51, 51, 149, 1436026744, '149_559807786ce41.jpg', 'jpg', 84560, 'uploads/attachments/products/large/149_559807786ce41.jpg', 'http://www.allurebella.com/collections/latest/products/eille-leather-skirt-d847', 'www.allurebella.com', '', 0, 1, 319, 420, 0, 0, ''),
(52, 52, 149, 1436026848, '149_559807df82823.jpg', 'jpg', 83625, 'uploads/attachments/products/large/149_559807df82823.jpg', 'http://www.allurebella.com/collections/latest/products/sexyback-t-lace-dress-d918', 'www.allurebella.com', '', 0, 1, 305, 416, 0, 0, ''),
(53, 53, 149, 1436026932, '149_5598083400e24.jpg', 'jpg', 57618, 'uploads/attachments/products/large/149_5598083400e24.jpg', 'http://www.allurebella.com/collections/latest/products/sexy-netted-top-e114', 'www.allurebella.com', '', 0, 1, 233, 418, 0, 0, ''),
(54, 54, 149, 1436026997, '149_559808752736d.jpg', 'jpg', 62467, 'uploads/attachments/products/large/149_559808752736d.jpg', 'http://www.allurebella.com/collections/latest/products/i-love-boys-e021', 'www.allurebella.com', '', 0, 1, 313, 419, 0, 0, ''),
(55, 55, 149, 1436027080, '149_559808c7283c0.jpg', 'jpg', 82967, 'uploads/attachments/products/large/149_559808c7283c0.jpg', 'http://www.allurebella.com/collections/latest/products/sammy-lacy-dress-d897', 'www.allurebella.com', '', 0, 1, 278, 419, 0, 0, ''),
(56, 56, 149, 1436027131, '149_559808fbc15fb.jpg', 'jpg', 63903, 'uploads/attachments/products/large/149_559808fbc15fb.jpg', 'http://www.allurebella.com/collections/latest/products/new-york-crop-top-d468', 'www.allurebella.com', '', 0, 1, 349, 382, 0, 0, ''),
(57, 57, 149, 1436027175, '149_5598092745e23.jpg', 'jpg', 81887, 'uploads/attachments/products/large/149_5598092745e23.jpg', 'http://www.allurebella.com/collections/latest/products/florence-prints-skater-skirt-d671', 'www.allurebella.com', '', 0, 1, 338, 417, 0, 0, ''),
(58, 58, 149, 1436027848, '149_55980bc8744a2.jpg', 'jpg', 116193, 'uploads/attachments/products/large/149_55980bc8744a2.jpg', 'http://www.lovebonito.com/5887-obelia-off-shoulder-denim-dress.html', 'www.lovebonito.com', '', 0, 1, 428, 610, 0, 0, ''),
(59, 59, 149, 1436027952, '149_55980c30327a3.jpg', 'jpg', 114302, 'uploads/attachments/products/large/149_55980c30327a3.jpg', 'http://www.lovebonito.com/5886-covet-lystra-layered-back-playsuit.html', 'www.lovebonito.com', '', 0, 1, 428, 610, 0, 0, ''),
(60, 60, 149, 1436028003, '149_55980c632c6b9.jpg', 'jpg', 121351, 'uploads/attachments/products/large/149_55980c632c6b9.jpg', 'http://www.lovebonito.com/5885--zea-textured-top.html', 'www.lovebonito.com', '', 0, 1, 428, 610, 0, 0, ''),
(61, 61, 149, 1436028045, '149_55980c8d747e7.jpg', 'jpg', 99986, 'uploads/attachments/products/large/149_55980c8d747e7.jpg', 'http://www.lovebonito.com/5883-fae-collar-shift-dress.html', 'www.lovebonito.com', '', 0, 1, 428, 610, 0, 0, ''),
(62, 62, 149, 1436028133, '149_55980ce5b6099.jpg', 'jpg', 109408, 'uploads/attachments/products/large/149_55980ce5b6099.jpg', 'http://www.lovebonito.com/5882-kiela-kimono-.html', 'www.lovebonito.com', '', 0, 1, 428, 610, 0, 0, ''),
(63, 63, 149, 1436028186, '149_55980d1a62c15.jpg', 'jpg', 122300, 'uploads/attachments/products/large/149_55980d1a62c15.jpg', 'http://www.lovebonito.com/5881-naima-paperbag-shorts.html', 'www.lovebonito.com', '', 0, 1, 428, 610, 0, 0, ''),
(64, 64, 149, 1436028226, '149_55980d424e12d.jpg', 'jpg', 120709, 'uploads/attachments/products/large/149_55980d424e12d.jpg', 'http://www.lovebonito.com/5880-ynez-back-overlay-top.html', 'www.lovebonito.com', '', 0, 1, 428, 610, 0, 0, ''),
(65, 65, 149, 1436028272, '149_55980d6ff3140.jpg', 'jpg', 100149, 'uploads/attachments/products/large/149_55980d6ff3140.jpg', 'http://www.lovebonito.com/5879-mabyn-mesh-shoulder-dress.html', 'www.lovebonito.com', '', 0, 1, 428, 610, 0, 0, ''),
(66, 66, 149, 1436028329, '149_55980da8d6caa.jpg', 'jpg', 105669, 'uploads/attachments/products/large/149_55980da8d6caa.jpg', 'http://www.lovebonito.com/5878-thera-denim-crop-top.html', 'www.lovebonito.com', '', 0, 1, 428, 610, 0, 0, ''),
(67, 67, 149, 1436028371, '149_55980dd367b99.jpg', 'jpg', 89965, 'uploads/attachments/products/large/149_55980dd367b99.jpg', 'http://www.lovebonito.com/5877-julissa-midi-jumpsuit.html', 'www.lovebonito.com', '', 0, 1, 428, 610, 0, 0, ''),
(68, 68, 149, 1436028427, '149_55980e0b7c105.jpg', 'jpg', 109488, 'uploads/attachments/products/large/149_55980e0b7c105.jpg', 'http://www.lovebonito.com/5876-greta-denim-fluted-skirt.html', 'www.lovebonito.com', '', 0, 1, 428, 610, 0, 0, ''),
(69, 69, 149, 1436285436, '149_559bf9fc2a528.jpg', 'jpg', 99484, 'uploads/attachments/products/large/149_559bf9fc2a528.jpg', 'http://www.loveandbravery.com/product_info.php?products_id=12855', 'www.loveandbravery.com', '', 0, 1, 368, 548, 0, 0, ''),
(70, 70, 149, 1436285479, '149_559bfa272d903.jpg', 'jpg', 98322, 'uploads/attachments/products/large/149_559bfa272d903.jpg', 'http://www.loveandbravery.com/product_info.php?products_id=12854', 'www.loveandbravery.com', '', 0, 1, 368, 548, 0, 0, ''),
(71, 71, 149, 1436285535, '149_559bfa5fb475c.jpg', 'jpg', 99549, 'uploads/attachments/products/large/149_559bfa5fb475c.jpg', 'http://www.loveandbravery.com/product_info.php?products_id=12853', 'www.loveandbravery.com', '', 0, 1, 368, 548, 0, 0, ''),
(72, 72, 149, 1436285612, '149_559bfaaca084f.jpg', 'jpg', 137182, 'uploads/attachments/products/large/149_559bfaaca084f.jpg', 'http://www.loveandbravery.com/product_info.php?products_id=12852', 'www.loveandbravery.com', '', 0, 1, 368, 548, 0, 0, ''),
(73, 73, 149, 1436285693, '149_559bfafd532b0.jpg', 'jpg', 114577, 'uploads/attachments/products/large/149_559bfafd532b0.jpg', 'http://www.loveandbravery.com/product_info.php?products_id=12851', 'www.loveandbravery.com', '', 0, 1, 368, 548, 0, 0, ''),
(74, 74, 149, 1436285876, '149_559bfbb3b5692.jpg', 'jpg', 132678, 'uploads/attachments/products/large/149_559bfbb3b5692.jpg', 'http://www.loveandbravery.com/product_info.php?products_id=12850', 'www.loveandbravery.com', '', 0, 1, 368, 548, 0, 0, ''),
(75, 75, 149, 1436285953, '149_559bfc01563d7.jpg', 'jpg', 95838, 'uploads/attachments/products/large/149_559bfc01563d7.jpg', 'http://www.loveandbravery.com/product_info.php?products_id=12849', 'www.loveandbravery.com', '', 0, 1, 368, 548, 0, 0, ''),
(76, 76, 149, 1436286048, '149_559bfc5f8b0f1.jpg', 'jpg', 107773, 'uploads/attachments/products/large/149_559bfc5f8b0f1.jpg', 'http://www.loveandbravery.com/product_info.php?products_id=12848', 'www.loveandbravery.com', '', 0, 1, 368, 548, 0, 0, ''),
(77, 77, 149, 1436286093, '149_559bfc8d8dfec.jpg', 'jpg', 128511, 'uploads/attachments/products/large/149_559bfc8d8dfec.jpg', 'http://www.loveandbravery.com/product_info.php?products_id=12847', 'www.loveandbravery.com', '', 0, 1, 368, 548, 0, 0, ''),
(78, 78, 149, 1436286145, '149_559bfcc1793ab.jpg', 'jpg', 107990, 'uploads/attachments/products/large/149_559bfcc1793ab.jpg', 'http://www.loveandbravery.com/product_info.php?products_id=12845', 'www.loveandbravery.com', '', 0, 1, 368, 548, 0, 0, ''),
(79, 79, 149, 1436286228, '149_559bfd130f882.jpg', 'jpg', 91357, 'uploads/attachments/products/large/149_559bfd130f882.jpg', 'http://www.loveandbravery.com/product_info.php?products_id=12844', 'www.loveandbravery.com', '', 0, 1, 368, 548, 0, 0, ''),
(80, 80, 149, 1436286333, '149_559bfd7d225a7.jpg', 'jpg', 108711, 'uploads/attachments/products/large/149_559bfd7d225a7.jpg', 'http://www.loveandbravery.com/product_info.php?products_id=12843', 'www.loveandbravery.com', '', 0, 1, 368, 548, 0, 0, ''),
(81, 81, 149, 1436286527, '149_559bfe3f8c264.jpg', 'jpg', 142419, 'uploads/attachments/products/large/149_559bfe3f8c264.jpg', 'http://www.loveandbravery.com/product_info.php?products_id=12842', 'www.loveandbravery.com', '', 0, 1, 368, 548, 0, 0, ''),
(82, 82, 149, 1436286569, '149_559bfe694f9cd.jpg', 'jpg', 103555, 'uploads/attachments/products/large/149_559bfe694f9cd.jpg', 'http://www.loveandbravery.com/product_info.php?products_id=12841', 'www.loveandbravery.com', '', 0, 1, 368, 548, 0, 0, ''),
(83, 83, 149, 1436286784, '149_559bff4008259.jpg', 'jpg', 21724, 'uploads/attachments/products/large/149_559bff4008259.jpg', 'http://ponypockets.com/collections/new/products/denise-top', 'ponypockets.com', '', 0, 1, 320, 480, 0, 0, ''),
(84, 84, 149, 1436286848, '149_559bff7ff2b0d.jpg', 'jpg', 34829, 'uploads/attachments/products/large/149_559bff7ff2b0d.jpg', 'http://ponypockets.com/collections/new/products/gerrie-cropped-top', 'ponypockets.com', '', 0, 1, 320, 480, 0, 0, ''),
(85, 85, 149, 1436286931, '149_559bffd2efad3.jpg', 'jpg', 26321, 'uploads/attachments/products/large/149_559bffd2efad3.jpg', 'http://ponypockets.com/collections/new/products/monique-top', 'ponypockets.com', '', 0, 1, 320, 480, 0, 0, ''),
(86, 86, 149, 1436287098, '149_559c007a83f2e.jpg', 'jpg', 22926, 'uploads/attachments/products/large/149_559c007a83f2e.jpg', 'http://ponypockets.com/collections/new/products/rosie-cardigan', 'ponypockets.com', '', 0, 1, 320, 480, 0, 0, ''),
(87, 87, 149, 1436287358, '149_559c017e104ec.jpg', 'jpg', 28639, 'uploads/attachments/products/large/149_559c017e104ec.jpg', 'http://ponypockets.com/collections/new/products/skylar-top', 'ponypockets.com', '', 0, 1, 320, 480, 0, 0, ''),
(88, 88, 149, 1436287847, '149_559c0367b09a5.jpg', 'jpg', 22698, 'uploads/attachments/products/large/149_559c0367b09a5.jpg', 'http://ponypockets.com/collections/new/products/stefania-dress', 'ponypockets.com', '', 0, 1, 320, 480, 0, 0, ''),
(89, 89, 149, 1436288004, '149_559c040438a83.jpg', 'jpg', 20089, 'uploads/attachments/products/large/149_559c040438a83.jpg', 'http://ponypockets.com/collections/new/products/abella-dress', 'ponypockets.com', '', 0, 1, 320, 480, 0, 0, ''),
(90, 90, 149, 1436288095, '149_559c045f46e8b.jpg', 'jpg', 46420, 'uploads/attachments/products/large/149_559c045f46e8b.jpg', 'http://ponypockets.com/collections/new/products/tatiana-peplum-dress', 'ponypockets.com', '', 0, 1, 320, 480, 0, 0, ''),
(91, 91, 149, 1436288186, '149_559c04ba0a625.jpg', 'jpg', 32668, 'uploads/attachments/products/large/149_559c04ba0a625.jpg', 'http://ponypockets.com/collections/new/products/backorder-benoite-dress', 'ponypockets.com', '', 0, 1, 320, 480, 0, 0, ''),
(92, 92, 149, 1436292769, '149_559c16a09198f.jpg', 'jpg', 55539, 'uploads/attachments/products/large/149_559c16a09198f.jpg', 'http://www.mdscollections.com/pd-pleated-off-shoulder-top-in-maroon-7720638mar.cfm', 'www.mdscollections.com', '', 0, 1, 290, 435, 0, 0, ''),
(93, 93, 149, 1436292830, '149_559c16ddb77d6.jpg', 'jpg', 43451, 'uploads/attachments/products/large/149_559c16ddb77d6.jpg', 'http://www.mdscollections.com/pd-pleated-off-shoulder-top-in-grey-7720638gry.cfm', 'www.mdscollections.com', '', 0, 1, 290, 435, 0, 0, ''),
(94, 94, 149, 1436292896, '149_559c171fb6bd0.jpg', 'jpg', 38190, 'uploads/attachments/products/large/149_559c171fb6bd0.jpg', 'http://www.mdscollections.com/pd-kendall-maxi-dress-2221202.cfm', 'www.mdscollections.com', '', 0, 1, 290, 435, 0, 0, ''),
(95, 95, 149, 1436292963, '149_559c1762776b1.jpg', 'jpg', 35542, 'uploads/attachments/products/large/149_559c1762776b1.jpg', 'http://www.mdscollections.com/pd-paisley-summer-dress-in-print-2221086prnt.cfm', 'www.mdscollections.com', '', 0, 1, 290, 435, 0, 0, ''),
(96, 96, 149, 1436293040, '149_559c17af73779.jpg', 'jpg', 37846, 'uploads/attachments/products/large/149_559c17af73779.jpg', 'http://www.mdscollections.com/pd-dual-tone-peplum-top-7720922.cfm', 'www.mdscollections.com', '', 0, 1, 290, 435, 0, 0, ''),
(97, 97, 149, 1436293095, '149_559c17e62d041.jpg', 'jpg', 40141, 'uploads/attachments/products/large/149_559c17e62d041.jpg', 'http://www.mdscollections.com/pd-dual-tone-peplum-top-in-navy-7720922navy.cfm', 'www.mdscollections.com', '', 0, 1, 290, 435, 0, 0, ''),
(98, 98, 149, 1436293152, '149_559c181fc8f08.jpg', 'jpg', 30418, 'uploads/attachments/products/large/149_559c181fc8f08.jpg', 'http://www.mdscollections.com/pd-leon-pants-in-stripes-6621147strp.cfm', 'www.mdscollections.com', '', 0, 1, 290, 435, 0, 0, ''),
(99, 99, 149, 1436293224, '149_559c1867cced0.jpg', 'jpg', 40606, 'uploads/attachments/products/large/149_559c1867cced0.jpg', 'http://www.mdscollections.com/pd-gernaine-top-in-black-stripes-7721083blkstrp.cfm', 'www.mdscollections.com', '', 0, 1, 290, 435, 0, 0, ''),
(100, 100, 149, 1436293329, '149_559c18d096646.jpg', 'jpg', 50678, 'uploads/attachments/products/large/149_559c18d096646.jpg', 'http://www.mdscollections.com/pd-polka-dots-sash-wrapped-dress-2219595pol.cfm', 'www.mdscollections.com', '', 0, 1, 290, 435, 0, 0, ''),
(101, 101, 149, 1436293493, '149_559c197527ed4.jpg', 'jpg', 80504, 'uploads/attachments/products/large/149_559c197527ed4.jpg', 'http://klarra.com/dresses/1539-cheryl-wee-for-klarra-oasis-side-cut-organza-dress.html', 'klarra.com', '', 0, 1, 423, 619, 0, 0, ''),
(102, 102, 149, 1436293600, '149_559c19e056162.jpg', 'jpg', 101186, 'uploads/attachments/products/large/149_559c19e056162.jpg', 'http://klarra.com/tops/1552-cheryl-wee-for-klarra-berno-printed-vest.html', 'klarra.com', '', 0, 1, 423, 619, 0, 0, ''),
(103, 103, 149, 1436293671, '149_559c1a27b0539.jpg', 'jpg', 80902, 'uploads/attachments/products/large/149_559c1a27b0539.jpg', 'http://klarra.com/bottoms/1542-cheryl-wee-for-klarra-clorri-organza-shorts.html', 'klarra.com', '', 0, 1, 423, 619, 0, 0, ''),
(104, 104, 149, 1436294563, '149_559c1da33cbfe.jpg', 'jpg', 84529, 'uploads/attachments/products/large/149_559c1da33cbfe.jpg', 'http://klarra.com/bottoms/1551-cheryl-wee-for-klarra-blanc-organza-frill-skirt-white.html', 'klarra.com', '', 0, 1, 423, 619, 0, 0, ''),
(105, 105, 149, 1436294642, '149_559c1df23128d.jpg', 'jpg', 88208, 'uploads/attachments/products/large/149_559c1df23128d.jpg', 'http://klarra.com/bottoms/1550-cheryl-wee-for-klarra-noir-organza-frill-skirt-black.html', 'klarra.com', '', 0, 1, 423, 619, 0, 0, ''),
(106, 106, 149, 1436294696, '149_559c1e287c17a.jpg', 'jpg', 77269, 'uploads/attachments/products/large/149_559c1e287c17a.jpg', 'http://klarra.com/bottoms/1540-cheryl-wee-for-klarra-bondi-organza-pencil-skirt.html', 'klarra.com', '', 0, 1, 423, 619, 0, 0, ''),
(107, 107, 149, 1436294764, '149_559c1e6be31c8.jpg', 'jpg', 97619, 'uploads/attachments/products/large/149_559c1e6be31c8.jpg', 'http://klarra.com/tops/1553-cheryl-wee-for-klarra-ascolli-printed-frill-top.html', 'klarra.com', '', 0, 1, 423, 619, 0, 0, ''),
(108, 108, 154, 1436784477, '154_55a3975cddf2f.jpg', 'jpg', 57977, 'uploads/attachments/products/large/154_55a3975cddf2f.jpg', 'http://sg.favechic.com/product/women-color-loose-long-sleeve-cardigan-sweater/176276', 'sg.favechic.com', '', 0, 1, 600, 800, 0, 0, ''),
(109, 109, 154, 1436853185, '154_55a4a3c0ab9b3.jpg', 'jpg', 47414, 'uploads/attachments/products/large/154_55a4a3c0ab9b3.jpg', 'http://www.mdscollections.com/pd_zip_up_knit_top_in_grey_7721028grey.cfm', 'www.mdscollections.com', '', 0, 1, 290, 435, 0, 0, ''),
(110, 110, 149, 1437708994, '149_55b1b2be7969b.jpg', 'jpg', 98311, 'uploads/attachments/products/large/149_55b1b2be7969b.jpg', 'http://www.flaunt.cc/flaunt-watercolor-bustier', 'www.flaunt.cc', '', 0, 1, 350, 540, 0, 0, ''),
(111, 111, 149, 1437709248, '149_55b1b3be7378b.jpg', 'jpg', 56719, 'uploads/attachments/products/large/149_55b1b3be7378b.jpg', 'http://www.flaunt.cc/flaunt-chinois-collar-skater-dress-red', 'www.flaunt.cc', '', 0, 1, 350, 540, 0, 0, ''),
(112, 112, 149, 1437709435, '149_55b1b47977eb1.jpg', 'jpg', 24723, 'uploads/attachments/products/large/149_55b1b47977eb1.jpg', 'http://www.flaunt.cc/flaunt-class-of-its-own-dress-maroon', 'www.flaunt.cc', '', 0, 1, 350, 540, 0, 0, ''),
(113, 113, 149, 1437709496, '149_55b1b4b701ce9.jpg', 'jpg', 75118, 'uploads/attachments/products/large/149_55b1b4b701ce9.jpg', 'http://www.flaunt.cc/flaunt-go-with-the-bow-dress-black', 'www.flaunt.cc', '', 0, 1, 350, 540, 0, 0, ''),
(114, 114, 149, 1437709574, '149_55b1b5033e60f.jpg', 'jpg', 184164, 'uploads/attachments/products/large/149_55b1b5033e60f.jpg', 'http://www.flaunt.cc/flaunt-popsicle-colorblock-dress-pink', 'www.flaunt.cc', '', 0, 1, 350, 540, 0, 0, ''),
(115, 115, 149, 1437709798, '149_55b1b5e4659ff.jpg', 'jpg', 69762, 'uploads/attachments/products/large/149_55b1b5e4659ff.jpg', 'http://www.flaunt.cc/flaunt-stained-glass-blouson', 'www.flaunt.cc', '', 0, 1, 350, 540, 0, 0, ''),
(116, 116, 149, 1437710210, '149_55b1b7808c201.jpg', 'jpg', 101969, 'uploads/attachments/products/large/149_55b1b7808c201.jpg', 'http://www.flaunt.cc/flaunt-flora-fauna-peplum-blouse', 'www.flaunt.cc', '', 0, 1, 350, 540, 0, 0, ''),
(117, 117, 149, 1437710911, '149_55b1ba3dd4a5b.jpg', 'jpg', 62449, 'uploads/attachments/products/large/149_55b1ba3dd4a5b.jpg', 'http://www.flaunt.cc/flaunt-hey-sailor-dress', 'www.flaunt.cc', '', 0, 1, 350, 540, 0, 0, ''),
(118, 118, 149, 1437711150, '149_55b1bb2c058fe.jpg', 'jpg', 139410, 'uploads/attachments/products/large/149_55b1bb2c058fe.jpg', 'http://www.flaunt.cc/flaunt-flat-front-shorts-red', 'www.flaunt.cc', '', 0, 1, 350, 540, 0, 0, ''),
(119, 119, 149, 1437711470, '149_55b1bc6d54677.jpg', 'jpg', 74467, 'uploads/attachments/products/large/149_55b1bc6d54677.jpg', 'http://www.flaunt.cc/flaunt-stripes-bows-cardigan', 'www.flaunt.cc', '', 0, 1, 350, 540, 0, 0, ''),
(120, 120, 149, 1437712505, '149_55b1c0769d370.jpg', 'jpg', 78888, 'uploads/attachments/products/large/149_55b1c0769d370.jpg', 'http://www.flaunt.cc/flaunt-swirls-spikes-sweater', 'www.flaunt.cc', '', 0, 1, 350, 540, 0, 0, '');

-- --------------------------------------------------------

--
-- Table structure for table `category`
--

CREATE TABLE IF NOT EXISTS `category` (
  `id` int(11) NOT NULL AUTO_INCREMENT,
  `category_name_cn` varchar(80) NOT NULL,
  `category_name_en` varchar(80) NOT NULL,
  `parent_id` int(11) NOT NULL DEFAULT '0',
  `parent_name` varchar(80) DEFAULT NULL,
  `is_system` tinyint(4) NOT NULL DEFAULT '0',
  `is_open` tinyint(4) DEFAULT '1',
  `is_home` tinyint(1) DEFAULT '1',
  `description` text,
  `category_hot_words` varchar(255) DEFAULT NULL,
  `category_home_shares` varchar(255) DEFAULT NULL,
  `display_order` int(11) NOT NULL DEFAULT '100',
  `total_share` int(11) DEFAULT '0',
  PRIMARY KEY (`id`),
  KEY `idx_category_name_en` (`category_name_en`),
  KEY `idx_display_order` (`display_order`),
  KEY `idx_parent_id` (`parent_id`),
  KEY `idx_is_system` (`is_system`)
) ENGINE=MyISAM  DEFAULT CHARSET=utf8 AUTO_INCREMENT=31 ;

--
-- Dumping data for table `category`
--

INSERT INTO `category` (`id`, `category_name_cn`, `category_name_en`, `parent_id`, `parent_name`, `is_system`, `is_open`, `is_home`, `description`, `category_hot_words`, `category_home_shares`, `display_order`, `total_share`) VALUES
(5, 'Clothing', 'apparel', 0, '0', 1, 0, 0, '0', '0', '', 112, 60),
(19, 'Bags', 'handbags', 0, '0', 0, 1, 1, '0', 'Backpacks,Handbags,Messenger Bags,Wallets', 'a:7:{s:5:"style";s:6:"home_3";s:2:"s1";s:4:"3792";s:2:"s3";s:4:"4777";s:2:"s4";s:4:"4782";s:2:"s2";s:4:"3806";s:2:"s5";s:4:"4132";s:2:"s6";s:4:"4780";}', 120, 1125),
(15, 'Tops', 'top', 0, 'Please select', 0, 1, 1, '0', 'Blouses,Cardigans,Sweaters,Sweatshirts & Hoodies,Tanks,T-Shirts,Tunics', 'a:7:{s:5:"style";s:6:"home_2";s:2:"s1";s:4:"2835";s:2:"s2";s:4:"3819";s:2:"s3";s:4:"2852";s:2:"s4";s:4:"2829";s:2:"s5";s:3:"674";s:2:"s6";s:3:"675";}', 124, 6044),
(17, 'Dresses', 'dresses', 0, 'Please select', 0, 1, 1, '0', 'Day, Cocktail,Gowns', 'a:6:{s:5:"style";s:6:"home_2";s:2:"s1";s:4:"4868";s:2:"s2";s:4:"3788";s:2:"s3";s:4:"4307";s:2:"s4";s:4:"3790";s:2:"s5";s:3:"184";}', 122, 5920),
(18, 'Accessories', 'accessories', 0, '0', 0, 1, 1, '0', 'Belts,Eyewear,Gloves,Hair Accessories,Hats,Scarves,Tech,Umbrellas', 'a:8:{s:5:"style";s:5:"false";s:2:"s1";s:4:"4300";s:2:"s5";s:4:"3432";s:2:"s2";s:4:"3801";s:2:"s4";s:4:"4981";s:2:"s6";s:4:"4855";s:2:"s7";s:4:"3528";s:2:"s3";s:4:"4131";}', 121, 2352),
(21, 'Outerwear', 'outerwear', 0, 'Please select', 0, 1, 1, '0', 'Coats,Jackets,Vests', 'a:7:{s:5:"style";s:6:"home_2";s:2:"s1";s:4:"2241";s:2:"s2";s:4:"2239";s:2:"s3";s:4:"2240";s:2:"s4";s:4:"2405";s:2:"s5";s:3:"580";s:2:"s6";s:4:"2356";}', 0, 707),
(20, 'Skirts', 'skirts', 0, 'Please select', 0, 1, 0, '0', 'Mini,Knee Length,Long', 'a:2:{s:5:"style";s:5:"false";s:2:"s1";s:3:"206";}', 0, 937),
(22, 'Jeans', 'jeans', 0, 'Please select', 0, 1, 0, '0', 'Bootcut,Boyfriend,Flared,Skinny,Straight Leg,Wide Leg', NULL, 0, 1011),
(23, 'Pants', 'pants', 0, 'Please select', 0, 1, 0, '0', 'Capri & Cropped,Leggings', NULL, 0, 676),
(24, 'Shorts', 'shorts', 0, 'Please select', 0, 1, 0, '0', 'Shorts', NULL, 0, 678),
(25, 'Jumpsuits & Rompers', 'jumpsuits_and_rompers', 0, 'Please select', 0, 1, 0, '0', 'Jumpsuits,Rompers', NULL, 0, 1142),
(26, 'Intimates', 'intimates', 0, 'Please select', 0, 1, 0, '0', 'Bras,Camisoles,Chemises,Hosiery,Sleepwear,Panties & Thongs,Robes', NULL, 0, 266),
(27, 'Swimwear', 'swimwear', 0, 'Please select', 0, 1, 0, '0', 'Bikinis,One Piece,Cover-Ups', NULL, 0, 598),
(28, 'Activewear', 'activewear', 0, 'Please select', 0, 1, 0, '0', 'Jackets,Pants,Shorts,Skirts,Sports Bras,Tank Tops,Tops', 'a:3:{s:5:"style";s:5:"false";s:2:"s2";s:3:"544";s:2:"s3";s:3:"538";}', 0, 151),
(30, 'Cosmetics', 'cosmetics', 0, NULL, 0, 1, 0, NULL, 'Lipstick,Cream & Nailpolish', NULL, 132, 3);

-- --------------------------------------------------------

--
-- Table structure for table `comment`
--

CREATE TABLE IF NOT EXISTS `comment` (
  `id` int(11) NOT NULL AUTO_INCREMENT,
  `user_id` int(11) NOT NULL,
  `share_id` int(11) NOT NULL,
  `comment_txt` text,
  `search_en` text,
  `create_time` int(10) NOT NULL,
  PRIMARY KEY (`id`),
  KEY `idx_comment_id` (`id`),
  KEY `idx_share_id` (`share_id`),
  KEY `idx_user_id` (`user_id`),
  FULLTEXT KEY `idx_comment_search` (`search_en`)
) ENGINE=MyISAM  DEFAULT CHARSET=utf8 AUTO_INCREMENT=4 ;

--
-- Dumping data for table `comment`
--

INSERT INTO `comment` (`id`, `user_id`, `share_id`, `comment_txt`, `search_en`, `create_time`) VALUES
(1, 6, 87, '@katrina', '', 1436780052),
(2, 6, 97, '@katrina', '', 1436780069),
(3, 6, 97, '@Karina', 'a:1:{i:0;i:149;}', 1436780076);

-- --------------------------------------------------------

--
-- Table structure for table `connector`
--

CREATE TABLE IF NOT EXISTS `connector` (
  `id` int(11) NOT NULL AUTO_INCREMENT,
  `user_id` int(11) NOT NULL,
  `social_userid` varchar(100) NOT NULL,
  `vendor` varchar(40) NOT NULL,
  `vendor_info` text,
  `name` varchar(80) DEFAULT NULL,
  `username` varchar(80) NOT NULL,
  `description` varchar(255) DEFAULT NULL,
  `homepage` varchar(255) DEFAULT NULL,
  `avatar` varchar(255) DEFAULT NULL,
  `email` varchar(80) DEFAULT NULL,
  `gender` varchar(10) DEFAULT NULL,
  `location` varchar(80) DEFAULT NULL,
  PRIMARY KEY (`id`),
  KEY `idx_user_id` (`user_id`)
) ENGINE=MyISAM  DEFAULT CHARSET=utf8 AUTO_INCREMENT=31 ;

--
-- Dumping data for table `connector`
--

INSERT INTO `connector` (`id`, `user_id`, `social_userid`, `vendor`, `vendor_info`, `name`, `username`, `description`, `homepage`, `avatar`, `email`, `gender`, `location`) VALUES
(6, 109, '846874704', 'twitter', 'a:4:{s:11:"oauth_token";s:50:"846874704-2VDP54WhJ2tieH9NwzVJS9hD5t8rYKUAgDDBboyv";s:18:"oauth_token_secret";s:45:"TJOCEyH8ykr8tLkMGah0KpV2J6xbIWCwtTwJcCE7CsI9Y";s:7:"user_id";s:9:"846874704";s:11:"screen_name";s:14:"ulovelifestore";}', 'ULOVELIFE.com', 'ulovelifestore', 'Singapore based indie KPOP online shop selling collectibles, favourites, KPOP Snapbacks & apparel. Free Shipping & Next Day Deliveries available.', 'http://t.co/somX8RYPmy', 'http://pbs.twimg.com/profile_images/472526230353244160/wJKB1Zx5_normal.jpeg', NULL, 'none', 'Singapore'),
(3, 99, '1439776276285859', 'facebook', 'b:1;', 'Dev Workspace', 'Dev Workspace', NULL, 'https://www.facebook.com/app_scoped_user_id/1439776276285859/', 'https://graph.facebook.com/1439776276285859/picture?type=large', 'workspaceinfotech@gmail.com', 'male', ''),
(5, 6, '964457527561', 'facebook', 'b:1;', 'Khaimun Chan', 'Khaimun Chan', NULL, 'https://www.facebook.com/app_scoped_user_id/964457527561/', 'https://graph.facebook.com/964457527561/picture?type=large', 'ckhaimun@hotmail.com', 'male', ''),
(7, 112, '154197975', 'twitter', 'a:4:{s:11:"oauth_token";s:50:"154197975-Ixf0fhZCrreiNBslfFFSfHzpD0ZXtvIC6ZEHEZg2";s:18:"oauth_token_secret";s:42:"V7yMygkV4CGLjAMlBYFARcvVKVJslGuHQq83Gy3bNM";s:7:"user_id";s:9:"154197975";s:11:"screen_name";s:8:"ckhaimun";}', 'Khaimun Chan', 'ckhaimun', '', NULL, 'http://abs.twimg.com/sticky/default_profile_images/default_profile_1_normal.png', NULL, 'none', ''),
(8, 113, '281877632013517', 'facebook', 'b:1;', '徐筱敏', '徐筱敏', NULL, 'https://www.facebook.com/app_scoped_user_id/281877632013517/', 'https://graph.facebook.com/281877632013517/picture?type=large', 'symantha@pinkals.com', 'none', ''),
(19, 133, '879147268773049', 'facebook', 'b:1;', 'Maenie Koay', 'Maenie Koay', NULL, 'https://www.facebook.com/app_scoped_user_id/879147268773049/', 'https://graph.facebook.com/879147268773049/picture?type=large', 'maeniekoay@gmail.com', 'none', ''),
(10, 105, '795309367170454', 'facebook', 'b:1;', 'Mahedi Hasan', 'Mahedi Hasan', NULL, 'https://www.facebook.com/app_scoped_user_id/795309367170454/', 'https://graph.facebook.com/795309367170454/picture?type=large', 'mahedi.hasan47@yahoo.com', 'male', ''),
(11, 115, '769583363106426', 'facebook', 'b:1;', 'Rudro Polash', 'Rudro Polash', NULL, 'https://www.facebook.com/app_scoped_user_id/769583363106426/', 'https://graph.facebook.com/769583363106426/picture?type=large', 'himaloy.rana@gmail.com', 'male', ''),
(16, 124, '693136900780439', 'facebook', 'b:1;', 'Shuvo Bhuiyan', 'Shuvo Bhuiyan', NULL, 'https://www.facebook.com/app_scoped_user_id/693136900780439/', 'https://graph.facebook.com/693136900780439/picture?type=large', 'xmenfc@hotmail.com', 'male', ''),
(17, 128, '10152545230791546', 'facebook', 'b:1;', 'Yee Chien', 'Yee Chien', NULL, 'https://www.facebook.com/app_scoped_user_id/10152545230791546/', 'https://graph.facebook.com/10152545230791546/picture?type=large', 'ychient@hotmail.com', 'none', ''),
(18, 131, '10152985046357354', 'facebook', 'b:1;', 'Cindy Goh', 'Cindy Goh', NULL, 'https://www.facebook.com/app_scoped_user_id/10152985046357354/', 'https://graph.facebook.com/10152985046357354/picture?type=large', 'cindygoh39@hotmail.com', 'none', ''),
(14, 120, '10152434823764094', 'facebook', 'b:1;', 'Jai Veerashini', 'Jai Veerashini', NULL, 'https://www.facebook.com/app_scoped_user_id/10152434823764094/', 'https://graph.facebook.com/10152434823764094/picture?type=large', 'jveerash@hotmail.com', 'none', ''),
(20, 134, '10152951000991620', 'facebook', 'b:1;', 'Eleen Yong', 'Eleen Yong', NULL, 'https://www.facebook.com/app_scoped_user_id/10152951000991620/', 'https://graph.facebook.com/10152951000991620/picture?type=large', 'eleenyong10@gmail.com', 'none', ''),
(21, 135, '10152553420925976', 'facebook', 'b:1;', 'Anne Namiko', 'Anne Namiko', NULL, 'https://www.facebook.com/app_scoped_user_id/10152553420925976/', 'https://graph.facebook.com/10152553420925976/picture?type=large', 'annekitty87@hotmail.com', 'none', ''),
(22, 136, '47046269', 'twitter', 'a:4:{s:11:"oauth_token";s:50:"47046269-wS6UeqKqYnTpIWZMGEHXAi0cxIKprVyxIMTA5RAEQ";s:18:"oauth_token_secret";s:45:"WRUF3krTWf2OboEFWaqkks7m4cQLOGij5Mv49IpWL7w3Q";s:7:"user_id";s:8:"47046269";s:11:"screen_name";s:13:"_SamanthaChua";}', 'SΛMΛN†HΛ.C', '_SamanthaChua', 'I am magical.\r\nInstagram: samanthaczl', NULL, 'http://pbs.twimg.com/profile_images/557536809949724672/AP1Czjdp.jpeg', NULL, 'none', ''),
(23, 144, '447175712127802', 'facebook', 'b:1;', 'Joanna Mazur', 'Joanna Mazur', NULL, 'https://www.facebook.com/app_scoped_user_id/447175712127802/', 'https://graph.facebook.com/447175712127802/picture?type=large', 'arrowshimmer@gmail.com', 'none', ''),
(24, 148, '965502766835568', 'facebook', 'b:1;', 'Alexey Konovalov', 'Alexey Konovalov', NULL, 'https://www.facebook.com/app_scoped_user_id/965502766835568/', 'https://graph.facebook.com/965502766835568/picture?type=large', NULL, 'male', ''),
(25, 153, '848368325247856', 'facebook', NULL, 'Jam Jussi', 'Jam.Jussi', NULL, 'https://www.facebook.com/app_scoped_user_id/848368325247856/', 'https://graph.facebook.com/848368325247856/picture?width=150&height=150', 'jamilbd11@gmail.com', 'female', NULL),
(26, 154, '10206089140365707', 'facebook', NULL, 'Ck Cheng', 'Ck.Cheng', NULL, 'https://www.facebook.com/app_scoped_user_id/10206089140365707/', 'https://graph.facebook.com/10206089140365707/picture?width=150&height=150', 'ccket0055@yahoo.com', 'male', NULL),
(27, 154, '10205012277684813', 'facebook', NULL, 'Ck Cheng', 'Ck.Cheng', NULL, 'https://www.facebook.com/app_scoped_user_id/10205012277684813/', 'https://graph.facebook.com/10205012277684813/picture?width=150&height=150', 'ccket0055@yahoo.com', 'male', NULL),
(28, 155, '1897105500', 'twitter', NULL, 'YOLOVE.IT ', 'YOLOVE_IT', NULL, 'http://twitter.com/YOLOVE_IT', 'http://pbs.twimg.com/profile_images/477259539822018561/DwOefSIv_normal.png', '559df52a628d1@yolve.it', NULL, NULL),
(29, 6, '10100212669111531', 'facebook', NULL, 'Khaimun Chan', 'Khaimun.Chan', NULL, 'https://www.facebook.com/app_scoped_user_id/10100212669111531/', 'https://graph.facebook.com/10100212669111531/picture?width=150&height=150', 'ckhaimun@hotmail.com', 'male', NULL),
(30, 113, '344367532431193', 'facebook', NULL, 'Symantha Chai', 'Symantha.Chai', NULL, 'https://www.facebook.com/app_scoped_user_id/344367532431193/', 'https://graph.facebook.com/344367532431193/picture?width=150&height=150', 'symantha@pinkals.com', 'female', NULL);

-- --------------------------------------------------------

--
-- Table structure for table `coupons`
--

CREATE TABLE IF NOT EXISTS `coupons` (
  `id` int(11) NOT NULL AUTO_INCREMENT,
  `coupon_name` varchar(100) NOT NULL,
  `code` varchar(100) NOT NULL,
  `above` float NOT NULL,
  `type` varchar(100) NOT NULL,
  `discount` float NOT NULL,
  `free_shipping` tinyint(2) NOT NULL,
  `date_start` int(10) NOT NULL,
  `date_end` int(10) NOT NULL,
  `status` varchar(100) NOT NULL,
  PRIMARY KEY (`id`)
) ENGINE=InnoDB DEFAULT CHARSET=latin1 AUTO_INCREMENT=1 ;

-- --------------------------------------------------------

--
-- Table structure for table `event`
--

CREATE TABLE IF NOT EXISTS `event` (
  `id` int(11) NOT NULL AUTO_INCREMENT,
  `event_code` varchar(50) NOT NULL DEFAULT '',
  `event_name` varchar(100) NOT NULL DEFAULT '',
  `cycletype` enum('onetime','everyday','notimelimit') NOT NULL DEFAULT 'everyday',
  `cycletime` int(10) NOT NULL DEFAULT '0',
  `rewardnum` tinyint(2) NOT NULL DEFAULT '1',
  `ext_credits_1` int(10) NOT NULL DEFAULT '0',
  `ext_credits_2` int(10) NOT NULL DEFAULT '0',
  `ext_credits_3` int(10) NOT NULL DEFAULT '0',
  `send_message` tinyint(1) NOT NULL DEFAULT '0',
  `send_tip` tinyint(1) NOT NULL DEFAULT '0',
  `message_tpl` text,
  PRIMARY KEY (`id`),
  KEY `idx_event_id` (`id`),
  KEY `idx_event_code` (`event_code`)
) ENGINE=MyISAM  DEFAULT CHARSET=utf8 AUTO_INCREMENT=14 ;

--
-- Dumping data for table `event`
--

INSERT INTO `event` (`id`, `event_code`, `event_name`, `cycletype`, `cycletime`, `rewardnum`, `ext_credits_1`, `ext_credits_2`, `ext_credits_3`, `send_message`, `send_tip`, `message_tpl`) VALUES
(1, 'daylogin', 'Login Everyday', 'everyday', 0, 1, 0, 0, 1, 0, 0, NULL),
(2, 'setavatar', 'Upload Avatar', 'onetime', 0, 1, 0, 0, 1, 0, 0, NULL),
(3, 'postshare', 'Post Share', 'everyday', 0, 10, 0, 0, 2, 0, 0, NULL),
(4, 'postvideo', 'Post Video', 'everyday', 0, 10, 0, 0, 3, 0, 0, NULL),
(5, 'postcomment', 'Post Comment', 'everyday', 0, 10, 0, 0, 1, 0, 0, NULL),
(6, 'realemail', 'Active Email', 'onetime', 0, 0, 1, 0, 1, 0, 0, NULL),
(7, 'addlike', 'Add Like to users', 'everyday', 0, 10, 0, 1, 0, 0, 0, NULL),
(8, 'beenlike', 'Your share/album has been liked', 'everyday', 0, 10, 0, 1, 0, 0, 0, NULL),
(9, 'digist', 'Add fine tag to you', 'everyday', 0, 2, 1, 0, 0, 0, 0, NULL),
(10, 'top', 'Made a top', 'everyday', 0, 1, 1, 0, 0, 0, 0, NULL),
(11, 'follow', 'Focus On Friend', 'everyday', 0, 5, 1, 0, 0, 0, 0, NULL),
(12, 'beenfollow', 'Been Focus', 'everyday', 0, 5, 1, 0, 0, 0, 0, NULL),
(13, 'register', 'Register', 'onetime', 0, 1, 10, 10, 10, 0, 0, NULL);

-- --------------------------------------------------------

--
-- Table structure for table `event_log`
--

CREATE TABLE IF NOT EXISTS `event_log` (
  `id` int(11) NOT NULL AUTO_INCREMENT,
  `event_id` int(11) DEFAULT NULL,
  `user_id` int(11) NOT NULL,
  `total` mediumint(8) unsigned NOT NULL DEFAULT '0',
  `cyclenum` mediumint(8) unsigned NOT NULL DEFAULT '0',
  `ext_credits_1` int(10) NOT NULL DEFAULT '0',
  `ext_credits_2` int(10) NOT NULL DEFAULT '0',
  `ext_credits_3` int(10) NOT NULL DEFAULT '0',
  `is_read` tinyint(1) NOT NULL DEFAULT '0',
  `starttime` int(10) unsigned NOT NULL DEFAULT '0',
  `dateline` int(10) unsigned NOT NULL DEFAULT '0',
  PRIMARY KEY (`id`),
  KEY `idx_user_id` (`user_id`),
  KEY `idx_is_read` (`is_read`),
  KEY `idx_dateline` (`dateline`)
) ENGINE=MyISAM  DEFAULT CHARSET=utf8 AUTO_INCREMENT=437 ;

--
-- Dumping data for table `event_log`
--

INSERT INTO `event_log` (`id`, `event_id`, `user_id`, `total`, `cyclenum`, `ext_credits_1`, `ext_credits_2`, `ext_credits_3`, `is_read`, `starttime`, `dateline`) VALUES
(1, 3, 1, 7, 2, 0, 0, 4, 1, 1417495433, 1417498986),
(2, 13, 2, 1, 1, 10, 10, 10, 1, 1373968834, 1373968834),
(3, 3, 2, 8, 2, 0, 0, 4, 1, 1374636212, 1374636403),
(4, 7, 1, 3, 1, 0, 1, 0, 1, 1417524040, 1417524040),
(5, 11, 1, 1, 1, 1, 0, 0, 1, 1374052766, 1374052766),
(6, 12, 2, 1, 1, 1, 0, 0, 1, 1374052766, 1374052766),
(7, 13, 3, 1, 1, 10, 10, 10, 1, 1374221672, 1374221672),
(8, 1, 3, 1, 1, 0, 0, 1, 1, 1374221715, 1374221715),
(9, 13, 4, 1, 1, 10, 10, 10, 1, 1377758570, 1377758570),
(10, 1, 4, 47, 1, 0, 0, 1, 1, 1405325959, 1405325959),
(11, 13, 5, 1, 1, 10, 10, 10, 1, 1377758685, 1377758685),
(12, 13, 6, 1, 1, 10, 10, 10, 1, 1377758697, 1377758697),
(13, 1, 6, 243, 1, 0, 0, 1, 1, 1413102617, 1413102617),
(14, 1, 5, 66, 1, 0, 0, 1, 0, 1413345009, 1413345009),
(15, 2, 4, 1, 1, 0, 0, 1, 1, 1377758783, 1377758783),
(16, 2, 5, 1, 1, 0, 0, 1, 1, 1377758831, 1377758831),
(17, 13, 7, 1, 1, 10, 10, 10, 1, 1377758924, 1377758924),
(18, 11, 4, 2, 2, 2, 0, 0, 1, 1377758990, 1377759022),
(19, 12, 5, 4, 1, 1, 0, 0, 1, 1393923651, 1393923651),
(20, 12, 6, 7, 1, 1, 0, 0, 1, 1393923647, 1393923647),
(21, 11, 5, 5, 3, 3, 0, 0, 1, 1380533026, 1380533053),
(22, 12, 4, 2, 1, 1, 0, 0, 1, 1379914049, 1379914049),
(23, 3, 5, 83, 10, 0, 0, 20, 1, 1402042803, 1402043481),
(24, 7, 4, 1, 1, 0, 1, 0, 1, 1377763198, 1377763198),
(25, 3, 6, 108, 2, 0, 0, 4, 1, 1412930105, 1412930118),
(26, 1, 7, 2, 1, 0, 0, 1, 1, 1379997627, 1379997627),
(27, 2, 6, 1, 1, 0, 0, 1, 1, 1377855613, 1377855613),
(28, 13, 8, 1, 1, 10, 10, 10, 1, 1378200338, 1378200338),
(29, 3, 4, 32, 1, 0, 0, 2, 1, 1400559798, 1400559798),
(30, 7, 6, 49, 1, 0, 1, 0, 1, 1411967770, 1411967770),
(31, 13, 9, 1, 1, 10, 10, 10, 1, 1378723815, 1378723815),
(32, 1, 9, 6, 1, 0, 0, 1, 1, 1379584782, 1379584782),
(33, 3, 9, 20, 5, 0, 0, 10, 1, 1379070874, 1379071334),
(34, 13, 10, 1, 1, 10, 10, 10, 1, 1379063265, 1379063265),
(35, 11, 10, 20, 5, 5, 0, 0, 1, 1413303178, 1413307669),
(36, 7, 10, 122, 4, 0, 4, 0, 1, 1413031265, 1413031280),
(37, 1, 10, 158, 1, 0, 0, 1, 1, 1413290142, 1413290142),
(38, 3, 10, 617, 10, 0, 0, 20, 1, 1413296130, 1413298836),
(39, 5, 5, 2, 2, 0, 0, 2, 1, 1379398887, 1379412463),
(40, 7, 5, 12, 1, 0, 1, 0, 1, 1398311620, 1398311620),
(41, 9, 6, 2, 2, 2, 0, 0, 1, 1379479030, 1379479043),
(42, 13, 11, 1, 1, 10, 10, 10, 1, 1379479197, 1379479197),
(43, 3, 11, 207, 1, 0, 0, 2, 1, 1405671914, 1405671914),
(44, 13, 12, 1, 1, 10, 10, 10, 1, 1379480511, 1379480511),
(45, 13, 13, 1, 1, 10, 10, 10, 1, 1379485744, 1379485744),
(46, 1, 13, 2, 1, 0, 0, 1, 1, 1379747389, 1379747389),
(47, 13, 14, 1, 1, 10, 10, 10, 1, 1379564014, 1379564014),
(48, 2, 14, 1, 1, 0, 0, 1, 1, 1379564176, 1379564176),
(49, 3, 14, 10, 10, 0, 0, 20, 1, 1379564876, 1379566215),
(50, 1, 14, 1, 1, 0, 0, 1, 1, 1379571160, 1379571160),
(51, 13, 15, 1, 1, 10, 10, 10, 1, 1379574053, 1379574053),
(52, 1, 15, 1, 1, 0, 0, 1, 1, 1379574054, 1379574054),
(53, 7, 15, 2, 1, 0, 1, 0, 1, 1380015291, 1380015291),
(54, 3, 15, 2, 2, 0, 0, 4, 1, 1379648120, 1379648225),
(55, 11, 13, 1, 1, 1, 0, 0, 1, 1379747514, 1379747514),
(56, 11, 6, 20, 1, 1, 0, 0, 1, 1400086736, 1400086736),
(57, 12, 1, 1, 1, 1, 0, 0, 1, 1379914040, 1379914040),
(58, 13, 16, 1, 1, 10, 10, 10, 1, 1379934087, 1379934087),
(59, 1, 16, 6, 1, 0, 0, 1, 1, 1381443576, 1381443576),
(60, 3, 16, 30, 10, 0, 0, 20, 1, 1380089757, 1380090458),
(61, 2, 16, 1, 1, 0, 0, 1, 1, 1379934972, 1379934972),
(62, 13, 17, 1, 1, 10, 10, 10, 1, 1379939339, 1379939339),
(63, 3, 17, 25, 10, 0, 0, 20, 1, 1380096146, 1380099082),
(64, 5, 13, 3, 3, 0, 0, 3, 1, 1379996741, 1379996810),
(65, 1, 1, 1, 1, 0, 0, 1, 1, 1379996874, 1379996874),
(66, 5, 1, 5, 1, 0, 0, 1, 1, 1418027742, 1418027742),
(67, 11, 15, 1, 1, 1, 0, 0, 1, 1380005826, 1380005826),
(68, 1, 17, 2, 1, 0, 0, 1, 1, 1380091900, 1380091900),
(69, 2, 17, 1, 1, 0, 0, 1, 1, 1380049827, 1380049827),
(70, 12, 17, 2, 1, 1, 0, 0, 0, 1409150607, 1409150607),
(71, 13, 18, 1, 1, 10, 10, 10, 1, 1380265677, 1380265677),
(72, 3, 18, 326, 10, 0, 0, 20, 1, 1400648429, 1400650212),
(73, 1, 18, 70, 1, 0, 0, 1, 1, 1412241019, 1412241019),
(74, 12, 18, 10, 1, 1, 0, 0, 1, 1401186517, 1401186517),
(75, 13, 19, 1, 1, 10, 10, 10, 1, 1380709430, 1380709430),
(76, 1, 19, 1, 1, 0, 0, 1, 1, 1380709432, 1380709432),
(77, 13, 20, 1, 1, 10, 10, 10, 1, 1382513251, 1382513251),
(78, 3, 20, 728, 10, 0, 0, 20, 1, 1412930526, 1412932597),
(79, 1, 20, 127, 1, 0, 0, 1, 1, 1413015218, 1413015218),
(80, 13, 21, 1, 1, 10, 10, 10, 1, 1382607056, 1382607056),
(81, 1, 21, 4, 1, 0, 0, 1, 1, 1385632915, 1385632915),
(82, 5, 21, 1, 1, 0, 0, 1, 1, 1382607207, 1382607207),
(83, 13, 22, 1, 1, 10, 10, 10, 1, 1382948658, 1382948658),
(84, 3, 22, 1, 1, 0, 0, 2, 1, 1382952293, 1382952293),
(85, 13, 23, 1, 1, 10, 10, 10, 1, 1382954369, 1382954369),
(86, 3, 23, 1, 1, 0, 0, 2, 1, 1382962261, 1382962261),
(87, 11, 18, 3, 1, 1, 0, 0, 1, 1396845592, 1396845592),
(88, 12, 20, 7, 1, 1, 0, 0, 1, 1403375037, 1403375037),
(89, 5, 18, 8, 1, 0, 0, 1, 1, 1397813636, 1397813636),
(90, NULL, 18, 0, 0, 0, 0, 0, 1, 1383904520, 0),
(91, 7, 25, 7, 1, 0, 1, 0, 1, 1391808018, 1391808018),
(92, 1, 25, 17, 1, 0, 0, 1, 1, 1392373127, 1392373127),
(93, 3, 25, 6, 1, 0, 0, 2, 1, 1392218961, 1392218961),
(94, 5, 10, 3, 1, 0, 0, 1, 1, 1404448214, 1404448214),
(95, 2, 10, 1, 1, 0, 0, 1, 1, 1389859652, 1389859652),
(96, 11, 25, 2, 1, 1, 0, 0, 1, 1391810475, 1391810475),
(97, 12, 25, 8, 1, 1, 0, 0, 1, 1392264170, 1392264170),
(98, 12, 10, 8, 1, 1, 0, 0, 1, 1405066099, 1405066099),
(99, 13, 26, 1, 1, 10, 10, 10, 0, 1392474845, 1392474845),
(100, 12, 14, 3, 1, 1, 0, 0, 0, 1409150633, 1409150633),
(101, 7, 20, 96, 1, 0, 1, 0, 1, 1412932381, 1412932381),
(102, 2, 20, 1, 1, 0, 0, 1, 1, 1392614577, 1392614577),
(103, 13, 27, 1, 1, 10, 10, 10, 0, 1393373237, 1393373237),
(104, 2, 18, 1, 1, 0, 0, 1, 1, 1393389850, 1393389850),
(105, 7, 18, 57, 3, 0, 3, 0, 1, 1400054928, 1400054931),
(106, 11, 20, 8, 1, 1, 0, 0, 1, 1412270425, 1412270425),
(107, 5, 20, 7, 2, 0, 0, 2, 1, 1398523422, 1398523439),
(108, 9, 4, 1, 1, 1, 0, 0, 1, 1393843264, 1393843264),
(109, 5, 6, 1, 1, 0, 0, 1, 1, 1394000519, 1394000519),
(110, 13, 30, 1, 1, 10, 10, 10, 1, 1394874542, 1394874542),
(111, 13, 32, 1, 1, 10, 10, 10, 1, 1394879666, 1394879666),
(112, 1, 32, 1, 1, 0, 0, 1, 1, 1394879685, 1394879685),
(113, 1, 12, 1, 1, 0, 0, 1, 0, 1395299716, 1395299716),
(114, 13, 33, 1, 1, 10, 10, 10, 0, 1395330432, 1395330432),
(115, 1, 33, 2, 1, 0, 0, 1, 0, 1395402175, 1395402175),
(116, 13, 34, 1, 1, 10, 10, 10, 0, 1395641956, 1395641956),
(117, 13, 35, 1, 1, 10, 10, 10, 0, 1395642492, 1395642492),
(118, 13, 36, 1, 1, 10, 10, 10, 0, 1395659423, 1395659423),
(119, 13, 37, 1, 1, 10, 10, 10, 0, 1395668825, 1395668825),
(120, 13, 38, 1, 1, 10, 10, 10, 0, 1395669900, 1395669900),
(121, 13, 39, 1, 1, 10, 10, 10, 0, 1395670167, 1395670167),
(122, 13, 40, 1, 1, 10, 10, 10, 0, 1395670911, 1395670911),
(123, 13, 41, 1, 1, 10, 10, 10, 0, 1395676605, 1395676605),
(124, 13, 42, 1, 1, 10, 10, 10, 0, 1395681824, 1395681824),
(125, 13, 43, 1, 1, 10, 10, 10, 0, 1395684499, 1395684499),
(126, 13, 44, 1, 1, 10, 10, 10, 0, 1395686408, 1395686408),
(127, 13, 45, 1, 1, 10, 10, 10, 0, 1395697638, 1395697638),
(128, 13, 46, 1, 1, 10, 10, 10, 0, 1395699629, 1395699629),
(129, 13, 47, 1, 1, 10, 10, 10, 0, 1395705615, 1395705615),
(130, 1, 44, 12, 1, 0, 0, 1, 0, 1396675577, 1396675577),
(131, 1, 41, 4, 1, 0, 0, 1, 0, 1396803586, 1396803586),
(132, 1, 45, 15, 1, 0, 0, 1, 0, 1397107164, 1397107164),
(133, 1, 38, 9, 1, 0, 0, 1, 0, 1396674812, 1396674812),
(134, 1, 47, 12, 1, 0, 0, 1, 0, 1396674135, 1396674135),
(135, 1, 40, 12, 1, 0, 0, 1, 0, 1396674298, 1396674298),
(136, 1, 37, 10, 1, 0, 0, 1, 0, 1396613112, 1396613112),
(137, 1, 36, 12, 1, 0, 0, 1, 0, 1396677488, 1396677488),
(138, 1, 34, 12, 1, 0, 0, 1, 0, 1396677577, 1396677577),
(139, 1, 35, 10, 1, 0, 0, 1, 0, 1396679335, 1396679335),
(140, 13, 48, 1, 1, 10, 10, 10, 0, 1395891782, 1395891782),
(141, 13, 49, 1, 1, 10, 10, 10, 0, 1395905404, 1395905404),
(142, 13, 50, 1, 1, 10, 10, 10, 0, 1395949530, 1395949530),
(143, 13, 51, 1, 1, 10, 10, 10, 0, 1396382868, 1396382868),
(144, 13, 52, 1, 1, 10, 10, 10, 0, 1396422461, 1396422461),
(145, 13, 53, 1, 1, 10, 10, 10, 0, 1396617124, 1396617124),
(146, 13, 54, 1, 1, 10, 10, 10, 1, 1396724299, 1396724299),
(147, 7, 54, 1, 1, 0, 1, 0, 1, 1396724339, 1396724339),
(148, 2, 54, 1, 1, 0, 0, 1, 1, 1396724407, 1396724407),
(149, 12, 54, 3, 1, 1, 0, 0, 0, 1401275537, 1401275537),
(150, 13, 55, 1, 1, 10, 10, 10, 0, 1396962759, 1396962759),
(151, 13, 56, 1, 1, 10, 10, 10, 0, 1397026269, 1397026269),
(152, 13, 57, 1, 1, 10, 10, 10, 0, 1397288218, 1397288218),
(153, 13, 58, 1, 1, 10, 10, 10, 0, 1397901369, 1397901369),
(154, 13, 59, 1, 1, 10, 10, 10, 0, 1397963184, 1397963184),
(155, 13, 60, 1, 1, 10, 10, 10, 0, 1398200185, 1398200185),
(156, 13, 61, 1, 1, 10, 10, 10, 0, 1398547641, 1398547641),
(157, 13, 62, 1, 1, 10, 10, 10, 0, 1398581803, 1398581803),
(158, 13, 63, 1, 1, 10, 10, 10, 0, 1398592043, 1398592043),
(159, 13, 64, 1, 1, 10, 10, 10, 0, 1398604800, 1398604800),
(160, 13, 65, 1, 1, 10, 10, 10, 0, 1398637816, 1398637816),
(161, 13, 66, 1, 1, 10, 10, 10, 0, 1398820066, 1398820066),
(162, 13, 67, 1, 1, 10, 10, 10, 0, 1398838332, 1398838332),
(163, 13, 68, 1, 1, 10, 10, 10, 0, 1398921239, 1398921239),
(164, 13, 69, 1, 1, 10, 10, 10, 0, 1398977957, 1398977957),
(165, 13, 70, 1, 1, 10, 10, 10, 0, 1399045113, 1399045113),
(166, 13, 71, 1, 1, 10, 10, 10, 0, 1399051879, 1399051879),
(167, 13, 72, 1, 1, 10, 10, 10, 0, 1399054648, 1399054648),
(168, 13, 73, 1, 1, 10, 10, 10, 0, 1399155972, 1399155972),
(169, 13, 74, 1, 1, 10, 10, 10, 0, 1399365988, 1399365988),
(170, 13, 75, 1, 1, 10, 10, 10, 0, 1399404780, 1399404780),
(171, 13, 76, 1, 1, 10, 10, 10, 0, 1399506959, 1399506959),
(172, 13, 77, 1, 1, 10, 10, 10, 0, 1399510489, 1399510489),
(173, 13, 78, 1, 1, 10, 10, 10, 0, 1399530654, 1399530654),
(174, 13, 79, 1, 1, 10, 10, 10, 0, 1399629100, 1399629100),
(175, 13, 80, 1, 1, 10, 10, 10, 0, 1399644412, 1399644412),
(176, 13, 81, 1, 1, 10, 10, 10, 0, 1399788937, 1399788937),
(177, 13, 82, 1, 1, 10, 10, 10, 0, 1399942258, 1399942258),
(178, 13, 83, 1, 1, 10, 10, 10, 0, 1399942272, 1399942272),
(179, 13, 84, 1, 1, 10, 10, 10, 0, 1400012495, 1400012495),
(180, 13, 85, 1, 1, 10, 10, 10, 0, 1400185563, 1400185563),
(181, 13, 87, 1, 1, 10, 10, 10, 0, 1400367153, 1400367153),
(182, 13, 86, 1, 1, 10, 10, 10, 0, 1400367153, 1400367153),
(183, 13, 88, 1, 1, 10, 10, 10, 0, 1400401734, 1400401734),
(184, 13, 89, 1, 1, 10, 10, 10, 0, 1400585563, 1400585563),
(185, 13, 90, 1, 1, 10, 10, 10, 0, 1400619082, 1400619082),
(186, 1, 90, 1, 1, 0, 0, 1, 0, 1400774833, 1400774833),
(187, 1, 11, 27, 1, 0, 0, 1, 1, 1410837945, 1410837945),
(188, 13, 91, 1, 1, 10, 10, 10, 0, 1400859493, 1400859493),
(189, 13, 92, 1, 1, 10, 10, 10, 0, 1400953720, 1400953720),
(190, 13, 93, 1, 1, 10, 10, 10, 0, 1400979166, 1400979166),
(191, 13, 94, 1, 1, 10, 10, 10, 0, 1401033267, 1401033267),
(192, 13, 95, 1, 1, 10, 10, 10, 0, 1401141656, 1401141656),
(193, 13, 96, 1, 1, 10, 10, 10, 0, 1401153539, 1401153539),
(194, 13, 97, 1, 1, 10, 10, 10, 1, 1401164545, 1401164545),
(195, 11, 97, 3, 1, 1, 0, 0, 1, 1415850468, 1415850468),
(196, 3, 97, 29, 1, 0, 0, 2, 1, 1416461549, 1416461549),
(197, 1, 97, 101, 1, 0, 0, 1, 1, 1418027551, 1418027551),
(198, 13, 98, 1, 1, 10, 10, 10, 0, 1401198243, 1401198243),
(199, 13, 99, 1, 1, 10, 10, 10, 1, 1401326778, 1401326778),
(200, 13, 100, 1, 1, 10, 10, 10, 1, 1401355461, 1401355461),
(201, 13, 101, 1, 1, 10, 10, 10, 0, 1401367938, 1401367938),
(202, 13, 102, 1, 1, 10, 10, 10, 0, 1401499566, 1401499566),
(203, 13, 103, 1, 1, 10, 10, 10, 0, 1401500359, 1401500359),
(204, 13, 104, 1, 1, 10, 10, 10, 0, 1401507192, 1401507192),
(205, 13, 105, 1, 1, 10, 10, 10, 0, 1401556545, 1401556545),
(206, 13, 106, 1, 1, 10, 10, 10, 0, 1401696540, 1401696540),
(207, 13, 107, 1, 1, 10, 10, 10, 1, 1401701562, 1401701562),
(208, 13, 108, 1, 1, 10, 10, 10, 0, 1401757603, 1401757603),
(209, 13, 109, 1, 1, 10, 10, 10, 0, 1401775072, 1401775072),
(210, 13, 110, 1, 1, 10, 10, 10, 0, 1401788933, 1401788933),
(211, 13, 111, 1, 1, 10, 10, 10, 0, 1401821388, 1401821388),
(212, 13, 112, 1, 1, 10, 10, 10, 0, 1401827203, 1401827203),
(213, 1, 112, 1, 1, 0, 0, 1, 0, 1401837979, 1401837979),
(214, 13, 113, 1, 1, 10, 10, 10, 0, 1401920710, 1401920710),
(215, 13, 114, 1, 1, 10, 10, 10, 0, 1401946168, 1401946168),
(216, 13, 115, 1, 1, 10, 10, 10, 1, 1401956979, 1401956979),
(217, 13, 116, 1, 1, 10, 10, 10, 0, 1402003037, 1402003037),
(218, 13, 117, 1, 1, 10, 10, 10, 0, 1402308338, 1402308338),
(219, 1, 117, 11, 1, 0, 0, 1, 0, 1408358308, 1408358308),
(220, 13, 118, 1, 1, 10, 10, 10, 1, 1402627717, 1402627717),
(221, 2, 118, 1, 1, 0, 0, 1, 1, 1402631967, 1402631967),
(222, 13, 119, 1, 1, 10, 10, 10, 1, 1402633532, 1402633532),
(223, 1, 115, 44, 1, 0, 0, 1, 1, 1418020444, 1418020444),
(224, 13, 120, 1, 1, 10, 10, 10, 1, 1403069683, 1403069683),
(225, 13, 121, 1, 1, 10, 10, 10, 0, 1403143396, 1403143396),
(226, 1, 121, 2, 1, 0, 0, 1, 0, 1403360520, 1403360520),
(227, 7, 115, 4, 1, 0, 1, 0, 1, 1415681025, 1415681025),
(228, 13, 122, 1, 1, 10, 10, 10, 1, 1403293193, 1403293193),
(229, 7, 122, 10, 10, 0, 10, 0, 1, 1403293332, 1403293472),
(230, 11, 122, 1, 1, 1, 0, 0, 1, 1403293425, 1403293425),
(231, 12, 11, 14, 1, 1, 0, 0, 0, 1418027507, 1418027507),
(232, 13, 123, 1, 1, 10, 10, 10, 0, 1403300434, 1403300434),
(233, 11, 11, 6, 3, 3, 0, 0, 0, 1410838114, 1410838219),
(234, 13, 124, 1, 1, 10, 10, 10, 1, 1403383715, 1403383715),
(235, 7, 124, 10, 10, 0, 10, 0, 1, 1403383772, 1403384247),
(236, 11, 124, 1, 1, 1, 0, 0, 1, 1403383914, 1403383914),
(237, 5, 124, 2, 2, 0, 0, 2, 1, 1403385744, 1403385934),
(238, 13, 125, 1, 1, 10, 10, 10, 1, 1403436776, 1403436776),
(239, 7, 125, 11, 1, 0, 1, 0, 1, 1404469797, 1404469797),
(240, 11, 125, 1, 1, 1, 0, 0, 1, 1403436862, 1403436862),
(241, 5, 125, 1, 1, 0, 0, 1, 1, 1403436891, 1403436891),
(242, 13, 126, 1, 1, 10, 10, 10, 1, 1403453217, 1403453217),
(243, 7, 126, 10, 10, 0, 10, 0, 1, 1403453398, 1403454078),
(244, 11, 126, 1, 1, 1, 0, 0, 1, 1403453416, 1403453416),
(245, 5, 126, 1, 1, 0, 0, 1, 1, 1403453443, 1403453443),
(246, 13, 127, 1, 1, 10, 10, 10, 0, 1403734384, 1403734384),
(247, 13, 128, 1, 1, 10, 10, 10, 0, 1403931300, 1403931300),
(248, 13, 129, 1, 1, 10, 10, 10, 0, 1404128948, 1404128948),
(249, 13, 130, 1, 1, 10, 10, 10, 0, 1404276827, 1404276827),
(250, 1, 130, 3, 1, 0, 0, 1, 0, 1406508821, 1406508821),
(251, 13, 131, 1, 1, 10, 10, 10, 0, 1404421333, 1404421333),
(252, 1, 125, 1, 1, 0, 0, 1, 1, 1404469447, 1404469447),
(253, 3, 125, 1, 1, 0, 0, 2, 1, 1404470356, 1404470356),
(254, 1, 131, 1, 1, 0, 0, 1, 0, 1404495274, 1404495274),
(255, 13, 132, 1, 1, 10, 10, 10, 0, 1404748046, 1404748046),
(256, 7, 11, 3, 3, 0, 3, 0, 1, 1404794590, 1404794599),
(257, 13, 133, 1, 1, 10, 10, 10, 1, 1404842061, 1404842061),
(258, 1, 133, 25, 1, 0, 0, 1, 1, 1407385929, 1407385929),
(259, 3, 133, 260, 10, 0, 0, 20, 1, 1407398530, 1407399295),
(260, 2, 133, 1, 1, 0, 0, 1, 1, 1404855283, 1404855283),
(261, 7, 97, 10, 1, 0, 1, 0, 1, 1418027561, 1418027561),
(262, 3, 100, 1, 1, 0, 0, 2, 1, 1404895335, 1404895335),
(263, 7, 100, 1, 1, 0, 1, 0, 1, 1404933979, 1404933979),
(264, 11, 133, 2, 2, 2, 0, 0, 1, 1405066099, 1405066237),
(265, 12, 133, 5, 2, 2, 0, 0, 0, 1410888149, 1410940528),
(266, 13, 134, 1, 1, 10, 10, 10, 1, 1405118079, 1405118079),
(267, 7, 134, 2, 2, 0, 2, 0, 1, 1405118223, 1405118836),
(268, 13, 135, 1, 1, 10, 10, 10, 0, 1405218623, 1405218623),
(269, 1, 135, 12, 1, 0, 0, 1, 0, 1406382108, 1406382108),
(270, 13, 136, 1, 1, 10, 10, 10, 0, 1405287324, 1405287324),
(271, 13, 137, 1, 1, 10, 10, 10, 1, 1405473106, 1405473106),
(272, 13, 138, 1, 1, 10, 10, 10, 1, 1405482102, 1405482102),
(273, 7, 138, 10, 10, 0, 10, 0, 1, 1405482158, 1405482528),
(274, 13, 139, 1, 1, 10, 10, 10, 1, 1405529911, 1405529911),
(275, 13, 140, 1, 1, 10, 10, 10, 1, 1405548296, 1405548296),
(276, 7, 140, 10, 10, 0, 10, 0, 1, 1405548392, 1405549613),
(277, 1, 140, 1, 1, 0, 0, 1, 1, 1405557927, 1405557927),
(278, 13, 141, 1, 1, 10, 10, 10, 1, 1405670210, 1405670210),
(279, 7, 139, 3, 3, 0, 3, 0, 1, 1405704932, 1405705020),
(280, 13, 142, 1, 1, 10, 10, 10, 1, 1405924501, 1405924501),
(281, 7, 142, 7, 1, 0, 1, 0, 1, 1407578603, 1407578603),
(282, 1, 142, 8, 1, 0, 0, 1, 1, 1409049199, 1409049199),
(283, 11, 142, 2, 1, 1, 0, 0, 1, 1406021324, 1406021324),
(284, 12, 97, 4, 1, 1, 0, 0, 1, 1418027529, 1418027529),
(285, 13, 146, 1, 1, 10, 10, 10, 0, 1406018552, 1406018552),
(286, 5, 142, 2, 1, 0, 0, 1, 1, 1407996971, 1407996971),
(287, 2, 97, 1, 1, 0, 0, 1, 1, 1406038165, 1406038165),
(288, 13, 147, 1, 1, 10, 10, 10, 1, 1406171994, 1406171994),
(289, 5, 97, 5, 1, 0, 0, 1, 1, 1418027579, 1418027579),
(290, 13, 148, 1, 1, 10, 10, 10, 0, 1406344112, 1406344112),
(291, 1, 148, 2, 1, 0, 0, 1, 0, 1409916435, 1409916435),
(292, 13, 149, 1, 1, 10, 10, 10, 1, 1406400304, 1406400304),
(293, 7, 149, 10, 10, 0, 10, 0, 1, 1406400330, 1406400479),
(294, 13, 150, 1, 1, 10, 10, 10, 0, 1406431650, 1406431650),
(295, 13, 151, 1, 1, 10, 10, 10, 0, 1406499700, 1406499700),
(296, 13, 152, 1, 1, 10, 10, 10, 0, 1406562764, 1406562764),
(297, 13, 153, 1, 1, 10, 10, 10, 1, 1406574847, 1406574847),
(298, 1, 151, 15, 1, 0, 0, 1, 0, 1408453261, 1408453261),
(299, 13, 154, 1, 1, 10, 10, 10, 1, 1406649100, 1406649100),
(300, 1, 154, 3, 1, 0, 0, 1, 1, 1406827424, 1406827424),
(301, 3, 154, 20, 10, 0, 0, 20, 1, 1406827694, 1406827948),
(302, 13, 155, 1, 1, 10, 10, 10, 1, 1406656761, 1406656761),
(303, 13, 156, 1, 1, 10, 10, 10, 1, 1406910492, 1406910492),
(304, 13, 157, 1, 1, 10, 10, 10, 0, 1407401169, 1407401169),
(305, 13, 158, 1, 1, 10, 10, 10, 0, 1407416824, 1407416824),
(306, 13, 159, 1, 1, 10, 10, 10, 1, 1407594032, 1407594032),
(307, 3, 159, 323, 10, 0, 0, 20, 1, 1410841012, 1410841147),
(308, 13, 160, 1, 1, 10, 10, 10, 1, 1407604077, 1407604077),
(309, 3, 160, 192, 1, 0, 0, 2, 1, 1412509585, 1412509585),
(310, 1, 160, 21, 1, 0, 0, 1, 1, 1412509560, 1412509560),
(311, 1, 159, 34, 1, 0, 0, 1, 1, 1410840651, 1410840651),
(312, 2, 159, 1, 1, 0, 0, 1, 1, 1407743727, 1407743727),
(313, 13, 161, 1, 1, 10, 10, 10, 0, 1407749652, 1407749652),
(314, 13, 162, 1, 1, 10, 10, 10, 0, 1407750216, 1407750216),
(315, 1, 161, 7, 1, 0, 0, 1, 0, 1411043007, 1411043007),
(316, 1, 162, 1, 1, 0, 0, 1, 0, 1407843296, 1407843296),
(317, 13, 163, 1, 1, 10, 10, 10, 1, 1407993733, 1407993733),
(318, 2, 163, 1, 1, 0, 0, 1, 1, 1407993763, 1407993763),
(319, 3, 163, 2, 2, 0, 0, 4, 1, 1407993952, 1407994018),
(320, 13, 164, 1, 1, 10, 10, 10, 0, 1408039161, 1408039161),
(321, 13, 165, 1, 1, 10, 10, 10, 1, 1408086982, 1408086982),
(322, 2, 165, 1, 1, 0, 0, 1, 1, 1408087155, 1408087155),
(323, 13, 166, 1, 1, 10, 10, 10, 0, 1408178599, 1408178599),
(324, 13, 167, 1, 1, 10, 10, 10, 0, 1408179298, 1408179298),
(325, 1, 158, 1, 1, 0, 0, 1, 0, 1408195087, 1408195087),
(326, 13, 168, 1, 1, 10, 10, 10, 1, 1408367825, 1408367825),
(327, 13, 169, 1, 1, 10, 10, 10, 0, 1408409561, 1408409561),
(328, 13, 170, 1, 1, 10, 10, 10, 0, 1408465686, 1408465686),
(329, 13, 171, 1, 1, 10, 10, 10, 0, 1408894425, 1408894425),
(330, 13, 172, 1, 1, 10, 10, 10, 0, 1408941513, 1408941513),
(331, 13, 173, 1, 1, 10, 10, 10, 1, 1408942263, 1408942263),
(332, 3, 173, 1, 1, 0, 0, 2, 1, 1408942446, 1408942446),
(333, 2, 173, 1, 1, 0, 0, 1, 1, 1408942564, 1408942564),
(334, 7, 159, 7, 4, 0, 4, 0, 1, 1410059276, 1410059297),
(335, 12, 13, 1, 1, 1, 0, 0, 0, 1409150063, 1409150063),
(336, 12, 123, 1, 1, 1, 0, 0, 0, 1409150112, 1409150112),
(337, 12, 118, 1, 1, 1, 0, 0, 0, 1409150117, 1409150117),
(338, 12, 137, 1, 1, 1, 0, 0, 0, 1409150125, 1409150125),
(339, 12, 109, 2, 2, 2, 0, 0, 0, 1409150129, 1409150489),
(340, 12, 146, 1, 1, 1, 0, 0, 0, 1409150140, 1409150140),
(341, 12, 160, 5, 2, 2, 0, 0, 1, 1410888146, 1410940525),
(342, 12, 159, 5, 2, 2, 0, 0, 0, 1410888142, 1410940518),
(343, 12, 173, 1, 1, 1, 0, 0, 0, 1409150368, 1409150368),
(344, 12, 165, 1, 1, 1, 0, 0, 0, 1409150440, 1409150440),
(345, 12, 154, 6, 1, 1, 0, 0, 0, 1415850468, 1415850468),
(346, 12, 155, 1, 1, 1, 0, 0, 0, 1409150450, 1409150450),
(347, 12, 150, 1, 1, 1, 0, 0, 0, 1409150456, 1409150456),
(348, 12, 120, 1, 1, 1, 0, 0, 0, 1409150478, 1409150478),
(349, 12, 115, 1, 1, 1, 0, 0, 1, 1409150480, 1409150480),
(350, 12, 139, 1, 1, 1, 0, 0, 0, 1409150491, 1409150491),
(351, 12, 21, 1, 1, 1, 0, 0, 0, 1409150601, 1409150601),
(352, 13, 174, 1, 1, 10, 10, 10, 0, 1409170656, 1409170656),
(353, 1, 174, 1, 1, 0, 0, 1, 0, 1409226473, 1409226473),
(354, 13, 175, 1, 1, 10, 10, 10, 0, 1409230483, 1409230483),
(355, 13, 176, 1, 1, 10, 10, 10, 0, 1409317962, 1409317962),
(356, 1, 176, 2, 1, 0, 0, 1, 0, 1409387310, 1409387310),
(357, 1, 166, 2, 1, 0, 0, 1, 0, 1411282755, 1411282755),
(358, 13, 177, 1, 1, 10, 10, 10, 0, 1409338006, 1409338006),
(359, 13, 178, 1, 1, 10, 10, 10, 0, 1409413505, 1409413505),
(360, 1, 171, 8, 1, 0, 0, 1, 0, 1410426461, 1410426461),
(361, 13, 179, 1, 1, 10, 10, 10, 0, 1409487668, 1409487668),
(362, 13, 180, 1, 1, 10, 10, 10, 0, 1409535514, 1409535514),
(363, 1, 178, 1, 1, 0, 0, 1, 0, 1409536044, 1409536044),
(364, 13, 181, 1, 1, 10, 10, 10, 0, 1409567436, 1409567436),
(365, 13, 182, 1, 1, 10, 10, 10, 0, 1409594046, 1409594046),
(366, 1, 179, 1, 1, 0, 0, 1, 0, 1409598327, 1409598327),
(367, 1, 182, 2, 1, 0, 0, 1, 0, 1409774034, 1409774034),
(368, 1, 181, 1, 1, 0, 0, 1, 0, 1409645240, 1409645240),
(369, 3, 115, 4, 1, 0, 0, 2, 1, 1417684347, 1417684347),
(370, 1, 167, 1, 1, 0, 0, 1, 0, 1409776660, 1409776660),
(371, 13, 183, 1, 1, 10, 10, 10, 0, 1409777048, 1409777048),
(372, 1, 180, 1, 1, 0, 0, 1, 0, 1409781812, 1409781812),
(373, 13, 184, 1, 1, 10, 10, 10, 0, 1409823341, 1409823341),
(374, 1, 184, 4, 1, 0, 0, 1, 0, 1410677017, 1410677017),
(375, 13, 185, 1, 1, 10, 10, 10, 1, 1409903111, 1409903111),
(376, 13, 186, 1, 1, 10, 10, 10, 1, 1409909719, 1409909719),
(377, 2, 186, 1, 1, 0, 0, 1, 1, 1409916441, 1409916441),
(378, 13, 187, 1, 1, 10, 10, 10, 1, 1409916914, 1409916914),
(379, 13, 189, 1, 1, 10, 10, 10, 1, 1410151776, 1410151776),
(380, 13, 190, 1, 1, 10, 10, 10, 1, 1410160062, 1410160062),
(381, 11, 159, 6, 2, 2, 0, 0, 1, 1410840684, 1410840726),
(382, 13, 191, 1, 1, 10, 10, 10, 1, 1410252762, 1410252762),
(383, 11, 160, 1, 1, 1, 0, 0, 1, 1410350782, 1410350782),
(384, 13, 192, 1, 1, 10, 10, 10, 1, 1410415375, 1410415375),
(385, 13, 193, 1, 1, 10, 10, 10, 1, 1410451509, 1410451509),
(386, 7, 193, 1, 1, 0, 1, 0, 1, 1410451661, 1410451661),
(387, 13, 194, 1, 1, 10, 10, 10, 0, 1410630243, 1410630243),
(388, 13, 195, 1, 1, 10, 10, 10, 0, 1410676367, 1410676367),
(389, 1, 195, 1, 1, 0, 0, 1, 0, 1410789114, 1410789114),
(390, 13, 196, 1, 1, 10, 10, 10, 0, 1410790581, 1410790581),
(391, 1, 196, 1, 1, 0, 0, 1, 0, 1410872490, 1410872490),
(392, 13, 197, 1, 1, 10, 10, 10, 0, 1410872829, 1410872829),
(393, 1, 197, 2, 1, 0, 0, 1, 0, 1410946548, 1410946548),
(394, 13, 198, 1, 1, 10, 10, 10, 1, 1410888087, 1410888087),
(395, 11, 198, 6, 1, 1, 0, 0, 1, 1410942046, 1410942046),
(396, 2, 198, 1, 1, 0, 0, 1, 1, 1410893412, 1410893412),
(397, 1, 198, 13, 1, 0, 0, 1, 1, 1412491533, 1412491533),
(398, 3, 198, 129, 10, 0, 0, 20, 1, 1412496296, 1412502755),
(399, 13, 199, 1, 1, 10, 10, 10, 1, 1410940270, 1410940270),
(400, 11, 199, 6, 1, 1, 0, 0, 1, 1410941244, 1410941244),
(401, 2, 199, 1, 1, 0, 0, 1, 1, 1410940653, 1410940653),
(402, 12, 198, 1, 1, 1, 0, 0, 1, 1410941244, 1410941244),
(403, 3, 199, 20, 10, 0, 0, 20, 1, 1411032093, 1411032270),
(404, 12, 199, 1, 1, 1, 0, 0, 1, 1410942046, 1410942046),
(405, 1, 199, 4, 1, 0, 0, 1, 1, 1411366569, 1411366569),
(406, 13, 200, 1, 1, 10, 10, 10, 0, 1410947574, 1410947574),
(407, 13, 201, 1, 1, 10, 10, 10, 0, 1410989403, 1410989403),
(408, 13, 202, 1, 1, 10, 10, 10, 0, 1411041064, 1411041064),
(409, 13, 203, 1, 1, 10, 10, 10, 0, 1411120550, 1411120550),
(410, 1, 200, 3, 1, 0, 0, 1, 0, 1411289430, 1411289430),
(411, 13, 204, 1, 1, 10, 10, 10, 0, 1411263375, 1411263375),
(412, 1, 169, 1, 1, 0, 0, 1, 0, 1411329525, 1411329525),
(413, 13, 205, 1, 1, 10, 10, 10, 0, 1411350551, 1411350551),
(414, 1, 204, 3, 1, 0, 0, 1, 0, 1411571849, 1411571849),
(415, 13, 206, 1, 1, 10, 10, 10, 1, 1411401269, 1411401269),
(416, 7, 206, 11, 1, 0, 1, 0, 1, 1412477717, 1412477717),
(417, 1, 205, 1, 1, 0, 0, 1, 0, 1411472696, 1411472696),
(418, 13, 207, 1, 1, 10, 10, 10, 1, 1411655612, 1411655612),
(419, 13, 208, 1, 1, 10, 10, 10, 0, 1412093771, 1412093771),
(420, 13, 209, 1, 1, 10, 10, 10, 0, 1412198193, 1412198193),
(421, 12, 206, 1, 1, 1, 0, 0, 1, 1412270425, 1412270425),
(422, 13, 210, 1, 1, 10, 10, 10, 0, 1412481287, 1412481287),
(423, 13, 211, 1, 1, 10, 10, 10, 0, 1412847078, 1412847078),
(424, 13, 212, 1, 1, 10, 10, 10, 0, 1412858879, 1412858879),
(425, 13, 213, 1, 1, 10, 10, 10, 1, 1413177435, 1413177435),
(426, 13, 214, 1, 1, 10, 10, 10, 1, 1413245658, 1413245658),
(427, 7, 214, 1, 1, 0, 1, 0, 1, 1413245754, 1413245754),
(428, 12, 214, 1, 1, 1, 0, 0, 0, 1413303178, 1413303178),
(429, 12, 193, 1, 1, 1, 0, 0, 0, 1413307589, 1413307589),
(430, 12, 149, 1, 1, 1, 0, 0, 0, 1413307601, 1413307601),
(431, 12, 138, 1, 1, 1, 0, 0, 0, 1413307636, 1413307636),
(432, 12, 125, 1, 1, 1, 0, 0, 0, 1413307669, 1413307669),
(433, 11, 115, 3, 2, 2, 0, 0, 1, 1418027507, 1418027529),
(434, 13, 215, 1, 1, 10, 10, 10, 1, 1417434434, 1417434434),
(435, 1, 215, 3, 1, 0, 0, 1, 1, 1417580446, 1417580446),
(436, 7, 215, 1, 1, 0, 1, 0, 1, 1417581936, 1417581936);

-- --------------------------------------------------------

--
-- Table structure for table `favorite_album`
--

CREATE TABLE IF NOT EXISTS `favorite_album` (
  `id` int(11) NOT NULL AUTO_INCREMENT,
  `user_id` int(11) NOT NULL,
  `album_id` int(11) NOT NULL,
  `create_time` int(10) NOT NULL,
  PRIMARY KEY (`id`),
  KEY `idx_user_id` (`user_id`),
  KEY `idx_album_id` (`album_id`)
) ENGINE=MyISAM  DEFAULT CHARSET=utf8 AUTO_INCREMENT=2 ;

--
-- Dumping data for table `favorite_album`
--

INSERT INTO `favorite_album` (`id`, `user_id`, `album_id`, `create_time`) VALUES
(1, 6, 15, 1436776255);

-- --------------------------------------------------------

--
-- Table structure for table `favorite_sharing`
--

CREATE TABLE IF NOT EXISTS `favorite_sharing` (
  `id` int(11) NOT NULL AUTO_INCREMENT,
  `user_id` int(11) NOT NULL,
  `share_id` int(11) NOT NULL,
  `create_time` int(10) NOT NULL,
  PRIMARY KEY (`id`),
  KEY `idx_user_id` (`user_id`),
  KEY `idx_share_id` (`share_id`)
) ENGINE=MyISAM  DEFAULT CHARSET=utf8 AUTO_INCREMENT=8 ;

--
-- Dumping data for table `favorite_sharing`
--

INSERT INTO `favorite_sharing` (`id`, `user_id`, `share_id`, `create_time`) VALUES
(1, 154, 2, 1436330591),
(6, 6, 107, 1436776306),
(5, 6, 105, 1436776297),
(7, 6, 102, 1436776309);

-- --------------------------------------------------------

--
-- Table structure for table `favorite_store`
--

CREATE TABLE IF NOT EXISTS `favorite_store` (
  `id` int(11) NOT NULL AUTO_INCREMENT,
  `user_id` int(11) NOT NULL,
  `store_id` int(11) NOT NULL,
  `create_time` int(10) NOT NULL,
  PRIMARY KEY (`id`),
  KEY `idx_user_id` (`user_id`),
  KEY `idx_store_id` (`store_id`)
) ENGINE=MyISAM DEFAULT CHARSET=utf8 AUTO_INCREMENT=1 ;

-- --------------------------------------------------------

--
-- Table structure for table `item`
--

CREATE TABLE IF NOT EXISTS `item` (
  `id` int(11) NOT NULL AUTO_INCREMENT,
  `user_id` int(11) NOT NULL,
  `user_nickname` varchar(80) DEFAULT NULL,
  `title` varchar(255) DEFAULT NULL,
  `reference_url` varchar(255) NOT NULL,
  `keyword` text,
  `keyword_search` text,
  `summary` text,
  `color` varchar(20) DEFAULT '',
  `image_large` varchar(255) DEFAULT NULL,
  `image_middle` varchar(255) DEFAULT NULL,
  `image_square` varchar(255) DEFAULT NULL,
  `width` varchar(20) DEFAULT NULL,
  `height` varchar(20) DEFAULT NULL,
  `item_type` varchar(10) DEFAULT NULL,
  `share_type` varchar(10) DEFAULT NULL,
  `price` float DEFAULT NULL,
  `is_show` tinyint(4) NOT NULL,
  `create_time` int(10) NOT NULL,
  `is_deleted` tinyint(4) DEFAULT '0',
  `total_images` tinyint(2) DEFAULT '0',
  `cloud` varchar(80) NOT NULL DEFAULT '',
  PRIMARY KEY (`id`),
  KEY `idx_user_id` (`user_id`),
  KEY `idx_is_show` (`is_show`),
  KEY `idx_item_type` (`item_type`),
  KEY `idx_share_type` (`share_type`),
  KEY `idx_is_deleted` (`is_deleted`),
  KEY `idx_create_time` (`create_time`),
  FULLTEXT KEY `idx_keyword_search` (`keyword_search`)
) ENGINE=MyISAM  DEFAULT CHARSET=utf8 AUTO_INCREMENT=121 ;

--
-- Dumping data for table `item`
--

INSERT INTO `item` (`id`, `user_id`, `user_nickname`, `title`, `reference_url`, `keyword`, `keyword_search`, `summary`, `color`, `image_large`, `image_middle`, `image_square`, `width`, `height`, `item_type`, `share_type`, `price`, `is_show`, `create_time`, `is_deleted`, `total_images`, `cloud`) VALUES
(1, 149, 'Karina', 'Jacob Collared Top', 'http://www.tracyeinny.com.sg/latest-collection/jacob-collared-top-detail', NULL, NULL, NULL, 'gray', 'uploads/attachments/products/large/149_559683164c742.jpg', 'uploads/attachments/products/middle/149_559683164c742.jpg', 'uploads/attachments/products/square/149_559683164c742.jpg', '680', '1010', 'image', 'web', 26.9, 1, 1435927319, 0, 1, ''),
(2, 149, 'Karina', 'Jessa Floral Painted Top', 'http://www.tracyeinny.com.sg/latest-collection/jessa-floral-painted-top-detail', NULL, NULL, NULL, 'gray', 'uploads/attachments/products/large/149_5596839a6c408.jpg', 'uploads/attachments/products/middle/149_5596839a6c408.jpg', 'uploads/attachments/products/square/149_5596839a6c408.jpg', '680', '1010', 'image', 'web', 26.9, 1, 1435927451, 0, 1, ''),
(3, 149, 'Karina', 'Celia Printed High Neck Top', 'http://www.tracyeinny.com.sg/latest-collection/celia-printed-high-neck-top-detail', NULL, NULL, NULL, 'gray', 'uploads/attachments/products/large/149_559683cd89086.jpg', 'uploads/attachments/products/middle/149_559683cd89086.jpg', 'uploads/attachments/products/square/149_559683cd89086.jpg', '680', '1010', 'image', 'web', 28, 1, 1435927502, 0, 1, ''),
(4, 149, 'Karina', 'Eunice Geometric Stripes Dress', 'http://www.tracyeinny.com.sg/latest-collection/eunice-geometric-stripes-dress-detail', NULL, NULL, NULL, 'gray', 'uploads/attachments/products/large/149_55968468a66f3.jpg', 'uploads/attachments/products/middle/149_55968468a66f3.jpg', 'uploads/attachments/products/square/149_55968468a66f3.jpg', '680', '1010', 'image', 'web', 36, 1, 1435927657, 0, 1, ''),
(5, 149, 'Karina', 'Frankie Abstract Flare Sleeves Top', 'http://www.tracyeinny.com.sg/latest-collection/frankie-abstract-flare-sleeves-top-detail', NULL, NULL, NULL, 'gray', 'uploads/attachments/products/large/149_559684ba05e67.jpg', 'uploads/attachments/products/middle/149_559684ba05e67.jpg', 'uploads/attachments/products/square/149_559684ba05e67.jpg', '680', '1010', 'image', 'web', 28, 1, 1435927738, 0, 1, ''),
(6, 149, 'Karina', 'Lena Pyramid Necklace', 'http://www.tracyeinny.com.sg/latest-collection/lena-pyramid-necklace-detail', NULL, NULL, NULL, 'gray', 'uploads/attachments/products/large/149_559685574bec4.jpg', 'uploads/attachments/products/middle/149_559685574bec4.jpg', 'uploads/attachments/products/square/149_559685574bec4.jpg', '680', '1010', 'image', 'web', 15.9, 1, 1435927895, 0, 1, ''),
(7, 149, 'Karina', 'Louisa Rhinestone Necklace', 'http://www.tracyeinny.com.sg/latest-collection/louisa-rhinestone-necklace-detail', NULL, NULL, NULL, 'gray', 'uploads/attachments/products/large/149_559685d530eeb.jpg', 'uploads/attachments/products/middle/149_559685d530eeb.jpg', 'uploads/attachments/products/square/149_559685d530eeb.jpg', '680', '1010', 'image', 'web', 28.9, 1, 1435928022, 0, 1, ''),
(8, 149, 'Karina', 'Mallory Bib Necklace', 'http://www.tracyeinny.com.sg/latest-collection/mallory-bib-necklace-detail', NULL, NULL, NULL, 'gray', 'uploads/attachments/products/large/149_5596860dd3c5e.jpg', 'uploads/attachments/products/middle/149_5596860dd3c5e.jpg', 'uploads/attachments/products/square/149_5596860dd3c5e.jpg', '680', '1010', 'image', 'web', 16.9, 1, 1435928078, 0, 1, ''),
(9, 149, 'Karina', 'Nora Floral Peplum Top', 'http://www.tracyeinny.com.sg/latest-collection/nora-floral-peplum-top-detail', NULL, NULL, NULL, 'gray', 'uploads/attachments/products/large/149_55968676929f6.jpg', 'uploads/attachments/products/middle/149_55968676929f6.jpg', 'uploads/attachments/products/square/149_55968676929f6.jpg', '680', '1010', 'image', 'web', 28, 1, 1435928183, 0, 1, ''),
(10, 149, 'Karina', 'Gina Floral Crochet Top', 'http://www.tracyeinny.com.sg/latest-collection/gina-floral-crochet-top-detail', NULL, NULL, NULL, 'purple', 'uploads/attachments/products/large/149_559686e6b223f.jpg', 'uploads/attachments/products/middle/149_559686e6b223f.jpg', 'uploads/attachments/products/square/149_559686e6b223f.jpg', '680', '1010', 'image', 'web', 29.9, 1, 1435928295, 0, 1, ''),
(11, 149, 'Karina', 'The Illusionist Romper - Blue', 'http://www.flaunt.cc/the-illusionist-romper-blue', NULL, NULL, NULL, 'black', 'uploads/attachments/products/large/149_559687f214bb0.jpg', 'uploads/attachments/products/middle/149_559687f214bb0.jpg', 'uploads/attachments/products/square/149_559687f214bb0.jpg', '350', '540', 'image', 'web', 38.9, 1, 1435928565, 0, 1, ''),
(12, 149, 'Karina', 'The Illusion Bodycon Dress', 'http://www.flaunt.cc/the-illusion-bodycon-dress-blue', NULL, NULL, NULL, 'black', 'uploads/attachments/products/large/149_559688684ba99.jpg', 'uploads/attachments/products/middle/149_559688684ba99.jpg', 'uploads/attachments/products/square/149_559688684ba99.jpg', '350', '540', 'image', 'web', 37.9, 1, 1435928681, 0, 1, ''),
(13, 149, 'Karina', 'Ray of Light Sun Dress', 'http://www.flaunt.cc/ray-of-light-sun-dress-multi', NULL, NULL, NULL, 'gray', 'uploads/attachments/products/large/149_559688964674b.jpg', 'uploads/attachments/products/middle/149_559688964674b.jpg', 'uploads/attachments/products/square/149_559688964674b.jpg', '350', '540', 'image', 'web', 38.9, 1, 1435928727, 0, 1, ''),
(14, 149, 'Karina', 'The Butterfly Effect Dress', 'http://www.flaunt.cc/the-butterfly-effect-dress-teal', NULL, NULL, NULL, 'gray', 'uploads/attachments/products/large/149_559688c6e18a7.jpg', 'uploads/attachments/products/middle/149_559688c6e18a7.jpg', 'uploads/attachments/products/square/149_559688c6e18a7.jpg', '350', '540', 'image', 'web', 38.9, 1, 1435928776, 0, 1, ''),
(15, 149, 'Karina', 'Oversized Boyfriend Shirt', 'http://www.flaunt.cc/oversized-boyfriend-shirt-baby-blue', NULL, NULL, NULL, 'gray', 'uploads/attachments/products/large/149_55968901780d2.jpg', 'uploads/attachments/products/middle/149_55968901780d2.jpg', 'uploads/attachments/products/square/149_55968901780d2.jpg', '350', '540', 'image', 'web', 34.9, 1, 1435928836, 0, 1, ''),
(16, 149, 'Karina', 'Aye Aye Popeye Shirt', 'http://www.flaunt.cc/aye-aye-popeye-shirt-blue', NULL, NULL, NULL, 'gray', 'uploads/attachments/products/large/149_5596893ed75d5.jpg', 'uploads/attachments/products/middle/149_5596893ed75d5.jpg', 'uploads/attachments/products/square/149_5596893ed75d5.jpg', '350', '540', 'image', 'web', 26.9, 1, 1435928895, 0, 1, ''),
(17, 149, 'Karina', 'Gypsy Bohemian Kaftan', 'http://www.flaunt.cc/gypsy-bohemian-kaftan-black', NULL, NULL, NULL, 'blue', 'uploads/attachments/products/large/149_55968990d1d6d.jpg', 'uploads/attachments/products/middle/149_55968990d1d6d.jpg', 'uploads/attachments/products/square/149_55968990d1d6d.jpg', '350', '540', 'image', 'web', 29.9, 1, 1435928978, 0, 1, ''),
(18, 149, 'Karina', 'Sweet Valentine Pinafore Dress ', 'http://www.flaunt.cc/flaunt-sweet-valentine-pinafore-dress-pink', NULL, NULL, NULL, 'gray', 'uploads/attachments/products/large/149_559689d5e405b.jpg', 'uploads/attachments/products/middle/149_559689d5e405b.jpg', 'uploads/attachments/products/square/149_559689d5e405b.jpg', '350', '540', 'image', 'web', 36.9, 1, 1435929047, 0, 1, ''),
(19, 149, 'Karina', 'Black Quartz Mesh Dress', 'http://www.flaunt.cc/flaunt-black-quartz-mesh-dress-white', NULL, NULL, NULL, 'black', 'uploads/attachments/products/large/149_55968a1a47ffc.jpg', 'uploads/attachments/products/middle/149_55968a1a47ffc.jpg', 'uploads/attachments/products/square/149_55968a1a47ffc.jpg', '350', '540', 'image', 'web', 38.9, 1, 1435929115, 0, 1, ''),
(20, 149, 'Karina', 'FLAUNT Dotted Flutter Blouson - Indigo | FLAUNT.CC - Online Shop Singapore', 'http://www.flaunt.cc/flaunt-dotted-flutter-blouson-indigo', NULL, NULL, NULL, 'blue', 'uploads/attachments/products/large/149_55968acc6543b.jpg', 'uploads/attachments/products/middle/149_55968acc6543b.jpg', 'uploads/attachments/products/square/149_55968acc6543b.jpg', '350', '540', 'image', 'web', 27.9, 1, 1435929293, 0, 1, ''),
(21, 149, 'Karina', 'EVERYDAY STRIPE TOP ', 'http://www.shopsupergurl.com/products/everyday-stripe-top-white', NULL, NULL, NULL, 'gray', 'uploads/attachments/products/large/149_55968bf363a37.jpg', 'uploads/attachments/products/middle/149_55968bf363a37.jpg', 'uploads/attachments/products/square/149_55968bf363a37.jpg', '500', '750', 'image', 'web', 25.9, 1, 1435929587, 0, 1, ''),
(22, 149, 'Karina', 'EVERYDAY STRIPE TOP (BLACK)', 'http://www.shopsupergurl.com/products/everyday-stripe-top-black', NULL, NULL, NULL, 'blue', 'uploads/attachments/products/large/149_55968c40e3584.jpg', 'uploads/attachments/products/middle/149_55968c40e3584.jpg', 'uploads/attachments/products/square/149_55968c40e3584.jpg', '500', '750', 'image', 'web', 25.9, 1, 1435929665, 0, 1, ''),
(23, 149, 'Karina', 'PORTRAIT CROCHET DRESS', 'http://www.shopsupergurl.com/products/premium-portrait-crochet-dress', NULL, NULL, NULL, 'gray', 'uploads/attachments/products/large/149_55968c8550237.jpg', 'uploads/attachments/products/middle/149_55968c8550237.jpg', 'uploads/attachments/products/square/149_55968c8550237.jpg', '500', '750', 'image', 'web', 29.9, 1, 1435929733, 0, 1, ''),
(24, 149, 'Karina', 'CHANTEL PRINTED DRESS', 'http://www.shopsupergurl.com/products/chantel-printed-dress-', NULL, NULL, NULL, 'gray', 'uploads/attachments/products/large/149_55968cdf83553.jpg', 'uploads/attachments/products/middle/149_55968cdf83553.jpg', 'uploads/attachments/products/square/149_55968cdf83553.jpg', '500', '750', 'image', 'web', 27.9, 1, 1435929823, 0, 1, ''),
(25, 149, 'Karina', 'ADLYN FLORAL TOP', 'http://www.shopsupergurl.com/products/adlyn-floral-top-', NULL, NULL, NULL, 'black', 'uploads/attachments/products/large/149_55968da647ed9.jpg', 'uploads/attachments/products/middle/149_55968da647ed9.jpg', 'uploads/attachments/products/square/149_55968da647ed9.jpg', '500', '750', 'image', 'web', 24.9, 1, 1435930022, 0, 1, ''),
(26, 149, 'Karina', 'SANYA FLORAL JUMPER (NAVY)', 'http://www.shopsupergurl.com/products/sanya-floral-jumper-navy', NULL, NULL, NULL, 'gray', 'uploads/attachments/products/large/149_55968e01c9489.jpg', 'uploads/attachments/products/middle/149_55968e01c9489.jpg', 'uploads/attachments/products/square/149_55968e01c9489.jpg', '500', '750', 'image', 'web', 27.9, 1, 1435930122, 0, 1, ''),
(27, 149, 'Karina', '*PREMIUM* CARA STRIPED PANTS (WHITE)', 'http://www.shopsupergurl.com/products/premium-cara-striped-pants-white', NULL, NULL, NULL, 'gray', 'uploads/attachments/products/large/149_55968e8e059b1.jpg', 'uploads/attachments/products/middle/149_55968e8e059b1.jpg', 'uploads/attachments/products/square/149_55968e8e059b1.jpg', '500', '750', 'image', 'web', 26.9, 1, 1435930254, 0, 1, ''),
(28, 149, 'Karina', '*PREMIUM* ZAYNA SCALLOP FLORAL DRESS', 'http://www.shopsupergurl.com/products/premium-zayna-scallop-floral-dress', NULL, NULL, NULL, 'purple', 'uploads/attachments/products/large/149_55968ee67c4a6.jpg', 'uploads/attachments/products/middle/149_55968ee67c4a6.jpg', 'uploads/attachments/products/square/149_55968ee67c4a6.jpg', '500', '750', 'image', 'web', 23.9, 1, 1435930342, 0, 1, ''),
(29, 149, 'Karina', 'PEONY SYMMETRY FLORAL DRESS', 'http://www.shopsupergurl.com/products/peony-symmetry-floral-dress-', NULL, NULL, NULL, 'gray', 'uploads/attachments/products/large/149_55968f2054298.jpg', 'uploads/attachments/products/middle/149_55968f2054298.jpg', 'uploads/attachments/products/square/149_55968f2054298.jpg', '500', '750', 'image', 'web', 17.9, 1, 1435930400, 0, 1, ''),
(30, 149, 'Karina', '    Morning Coffee Sleepwear Shorts ', 'http://www.allurebella.com/collections/latest/products/morning-coffee-sleepwear-shorts-zkfk037', NULL, NULL, NULL, 'blue', 'uploads/attachments/products/large/149_5597fd9dd2c91.jpg', 'uploads/attachments/products/middle/149_5597fd9dd2c91.jpg', 'uploads/attachments/products/square/149_5597fd9dd2c91.jpg', '400', '400', 'image', 'web', 8, 1, 1436024222, 0, 1, ''),
(31, 149, 'Karina', '    Hearts Sleepwear Shorts ', 'http://www.allurebella.com/collections/latest/products/hearts-sleepwear-shorts-zkfk021', NULL, NULL, NULL, 'black', 'uploads/attachments/products/large/149_5597fdf031ca7.jpg', 'uploads/attachments/products/middle/149_5597fdf031ca7.jpg', 'uploads/attachments/products/square/149_5597fdf031ca7.jpg', '400', '400', 'image', 'web', 8, 1, 1436024304, 0, 1, ''),
(32, 149, 'Karina', '    Alarm Clocks Sleepwear Shorts ', 'http://www.allurebella.com/collections/latest/products/alarm-clocks-sleepwear-shorts', NULL, NULL, NULL, 'purple', 'uploads/attachments/products/large/149_5597fe2b1e3ac.jpg', 'uploads/attachments/products/middle/149_5597fe2b1e3ac.jpg', 'uploads/attachments/products/square/149_5597fe2b1e3ac.jpg', '400', '400', 'image', 'web', 8, 1, 1436024363, 0, 1, ''),
(33, 149, 'Karina', '    Gold Chain Pink Beads Bracelet', 'http://www.allurebella.com/collections/latest/products/gold-chain-pink-beads-bracelet-b2223', NULL, NULL, NULL, 'gray', 'uploads/attachments/products/large/149_5597fe71ef12a.jpg', 'uploads/attachments/products/middle/149_5597fe71ef12a.jpg', 'uploads/attachments/products/square/149_5597fe71ef12a.jpg', '400', '400', 'image', 'web', 12, 1, 1436024434, 0, 1, ''),
(34, 149, 'Karina', '    Gold Pearl Crystal Bracelet ', 'http://www.allurebella.com/collections/latest/products/gold-pearl-crystal-bracelet-b2228', NULL, NULL, NULL, 'gray', 'uploads/attachments/products/large/149_5597feaf6c30e.jpg', 'uploads/attachments/products/middle/149_5597feaf6c30e.jpg', 'uploads/attachments/products/square/149_5597feaf6c30e.jpg', '400', '400', 'image', 'web', 12, 1, 1436024495, 0, 1, ''),
(35, 149, 'Karina', '    Black Braided Coin Charms Bracelet', 'http://www.allurebella.com/collections/latest/products/black-braided-coin-charms-bracelet-b2292', NULL, NULL, NULL, 'gray', 'uploads/attachments/products/large/149_5597ff03b7ee9.jpg', 'uploads/attachments/products/middle/149_5597ff03b7ee9.jpg', 'uploads/attachments/products/square/149_5597ff03b7ee9.jpg', '400', '400', 'image', 'web', 10, 1, 1436024580, 0, 1, ''),
(36, 149, 'Karina', '    Gold Blue Leather Crystal Stone Bracelet ', 'http://www.allurebella.com/collections/latest/products/gold-blue-leather-crystal-stone-bracelet-b2309', NULL, NULL, NULL, 'black', 'uploads/attachments/products/large/149_5597ff3a2c702.jpg', 'uploads/attachments/products/middle/149_5597ff3a2c702.jpg', 'uploads/attachments/products/square/149_5597ff3a2c702.jpg', '400', '400', 'image', 'web', 15, 1, 1436024634, 0, 1, ''),
(37, 149, 'Karina', '    Silver Color Wings Crystal Bangle ', 'http://www.allurebella.com/collections/latest/products/silver-color-wings-crystal-bangle-b2313', NULL, NULL, NULL, 'gray', 'uploads/attachments/products/large/149_5597ff90e7741.jpg', 'uploads/attachments/products/middle/149_5597ff90e7741.jpg', 'uploads/attachments/products/square/149_5597ff90e7741.jpg', '400', '400', 'image', 'web', 8, 1, 1436024721, 0, 1, ''),
(38, 149, 'Karina', '    Gold Bear Crystal Stones Coin Chunky Chain Bracelet ', 'http://www.allurebella.com/collections/latest/products/gold-bear-crystal-stones-coin-chunky-chain-bracelet-b2315', NULL, NULL, NULL, 'gray', 'uploads/attachments/products/large/149_5597ffde0ed4a.jpg', 'uploads/attachments/products/middle/149_5597ffde0ed4a.jpg', 'uploads/attachments/products/square/149_5597ffde0ed4a.jpg', '400', '400', 'image', 'web', 10, 1, 1436024798, 0, 1, ''),
(39, 149, 'Karina', '    Vintage Gold Flower Rose Long Necklace ', 'http://www.allurebella.com/collections/latest/products/vintage-gold-flower-rose-long-necklace-n3202', NULL, NULL, NULL, 'gray', 'uploads/attachments/products/large/149_55980096c9966.jpg', 'uploads/attachments/products/middle/149_55980096c9966.jpg', 'uploads/attachments/products/square/149_55980096c9966.jpg', '400', '400', 'image', 'web', 15, 1, 1436024983, 0, 1, ''),
(40, 149, 'Karina', '    Gold Flower Collar Necklace', 'http://www.allurebella.com/collections/latest/products/gold-flower-collar-necklace-n3206', NULL, NULL, NULL, 'gray', 'uploads/attachments/products/large/149_559800e65561c.jpg', 'uploads/attachments/products/middle/149_559800e65561c.jpg', 'uploads/attachments/products/square/149_559800e65561c.jpg', '400', '400', 'image', 'web', 15, 1, 1436025062, 0, 1, ''),
(41, 149, 'Karina', '    Shapes Necklace', 'http://www.allurebella.com/collections/latest/products/shapes-necklace-n3215', NULL, NULL, NULL, 'gray', 'uploads/attachments/products/large/149_5598012b4fa40.jpg', 'uploads/attachments/products/middle/149_5598012b4fa40.jpg', 'uploads/attachments/products/square/149_5598012b4fa40.jpg', '400', '400', 'image', 'web', 15, 1, 1436025131, 0, 1, ''),
(42, 149, 'Karina', '    Gold Bohemia Style Black Leather Triangle Rings Necklace ', 'http://www.allurebella.com/collections/latest/products/gold-bohemia-style-black-leather-triangle-rings-necklace-n3231', NULL, NULL, NULL, 'gray', 'uploads/attachments/products/large/149_5598016ddac06.jpg', 'uploads/attachments/products/middle/149_5598016ddac06.jpg', 'uploads/attachments/products/square/149_5598016ddac06.jpg', '400', '400', 'image', 'web', 15, 1, 1436025198, 0, 1, ''),
(43, 149, 'Karina', '    Black Stylish Statement Necklace ', 'http://www.allurebella.com/collections/latest/products/black-stylish-statement-necklace-n2655', NULL, NULL, NULL, 'gray', 'uploads/attachments/products/large/149_5598033d32f8e.jpg', 'uploads/attachments/products/middle/149_5598033d32f8e.jpg', 'uploads/attachments/products/square/149_5598033d32f8e.jpg', '400', '400', 'image', 'web', 15, 1, 1436025661, 0, 1, ''),
(44, 149, 'Karina', '    Gold Black Stylish Oval Statement Necklace ', 'http://www.allurebella.com/collections/latest/products/gold-black-stylish-oval-statement-necklace-n3271', NULL, NULL, NULL, 'gray', 'uploads/attachments/products/large/149_559803a2b12ad.jpg', 'uploads/attachments/products/middle/149_559803a2b12ad.jpg', 'uploads/attachments/products/square/149_559803a2b12ad.jpg', '400', '400', 'image', 'web', 15, 1, 1436025763, 0, 1, ''),
(45, 149, 'Karina', '    Silver Triangles Necklace ', 'http://www.allurebella.com/collections/latest/products/silver-triangles-necklace-n3286', NULL, NULL, NULL, 'gray', 'uploads/attachments/products/large/149_559803f473b16.jpg', 'uploads/attachments/products/middle/149_559803f473b16.jpg', 'uploads/attachments/products/square/149_559803f473b16.jpg', '400', '400', 'image', 'web', 15, 1, 1436025844, 0, 1, ''),
(46, 149, 'Karina', '    Basic Low Back Dress ', 'http://www.allurebella.com/collections/latest/products/basic-low-back-dress-d881', NULL, NULL, NULL, 'black', 'uploads/attachments/products/large/149_55980424e98aa.jpg', 'uploads/attachments/products/middle/149_55980424e98aa.jpg', 'uploads/attachments/products/square/149_55980424e98aa.jpg', '325', '421', 'image', 'web', 32, 1, 1436025893, 0, 1, ''),
(47, 149, 'Karina', '    Zoe Sexy Black Dress ', 'http://www.allurebella.com/collections/latest/products/zoe-sexy-black-dress-d916', NULL, NULL, NULL, 'black', 'uploads/attachments/products/large/149_55980489b4978.jpg', 'uploads/attachments/products/middle/149_55980489b4978.jpg', 'uploads/attachments/products/square/149_55980489b4978.jpg', '303', '420', 'image', 'web', 28, 1, 1436025994, 0, 1, ''),
(48, 149, 'Karina', '    Checkered Top ', 'http://www.allurebella.com/collections/latest/products/checkered-top-d851', NULL, NULL, NULL, 'gray', 'uploads/attachments/products/large/149_559804dae8f12.jpg', 'uploads/attachments/products/middle/149_559804dae8f12.jpg', 'uploads/attachments/products/square/149_559804dae8f12.jpg', '297', '415', 'image', 'web', 24, 1, 1436026075, 0, 1, ''),
(49, 149, 'Karina', '    Slim Cut OL Jacket ', 'http://www.allurebella.com/collections/latest/products/slim-cut-ol-jacket-d781', NULL, NULL, NULL, 'gray', 'uploads/attachments/products/large/149_5598053abb5d8.jpg', 'uploads/attachments/products/middle/149_5598053abb5d8.jpg', 'uploads/attachments/products/square/149_5598053abb5d8.jpg', '313', '418', 'image', 'web', 42, 1, 1436026171, 0, 1, ''),
(50, 149, 'Karina', '    Emily Chiffon Romper ', 'http://www.allurebella.com/collections/latest/products/emily-chiffon-romper-d484', NULL, NULL, NULL, 'purple', 'uploads/attachments/products/large/149_55980724ac50d.jpg', 'uploads/attachments/products/middle/149_55980724ac50d.jpg', 'uploads/attachments/products/square/149_55980724ac50d.jpg', '283', '420', 'image', 'web', 30, 1, 1436026661, 0, 1, ''),
(51, 149, 'Karina', '    Eille Leather Skirt ', 'http://www.allurebella.com/collections/latest/products/eille-leather-skirt-d847', NULL, NULL, NULL, 'black', 'uploads/attachments/products/large/149_559807786ce41.jpg', 'uploads/attachments/products/middle/149_559807786ce41.jpg', 'uploads/attachments/products/square/149_559807786ce41.jpg', '319', '420', 'image', 'web', 28, 1, 1436026744, 0, 1, ''),
(52, 149, 'Karina', '    Sexyback T Lace Dress ', 'http://www.allurebella.com/collections/latest/products/sexyback-t-lace-dress-d918', NULL, NULL, NULL, 'black', 'uploads/attachments/products/large/149_559807df82823.jpg', 'uploads/attachments/products/middle/149_559807df82823.jpg', 'uploads/attachments/products/square/149_559807df82823.jpg', '305', '416', 'image', 'web', 30, 1, 1436026848, 0, 1, ''),
(53, 149, 'Karina', '    Sexy Netted Top E114 – ALLURE bella  ', 'http://www.allurebella.com/collections/latest/products/sexy-netted-top-e114', NULL, NULL, NULL, 'gray', 'uploads/attachments/products/large/149_5598083400e24.jpg', 'uploads/attachments/products/middle/149_5598083400e24.jpg', 'uploads/attachments/products/square/149_5598083400e24.jpg', '233', '418', 'image', 'web', 22, 1, 1436026932, 0, 1, ''),
(54, 149, 'Karina', '    I Love Boys Crop Top ', 'http://www.allurebella.com/collections/latest/products/i-love-boys-e021', NULL, NULL, NULL, 'red', 'uploads/attachments/products/large/149_559808752736d.jpg', 'uploads/attachments/products/middle/149_559808752736d.jpg', 'uploads/attachments/products/square/149_559808752736d.jpg', '313', '419', 'image', 'web', 17, 1, 1436026997, 0, 1, ''),
(55, 149, 'Karina', '    Sammy Lacy Dress (Black/White)', 'http://www.allurebella.com/collections/latest/products/sammy-lacy-dress-d897', NULL, NULL, NULL, 'black', 'uploads/attachments/products/large/149_559808c7283c0.jpg', 'uploads/attachments/products/middle/149_559808c7283c0.jpg', 'uploads/attachments/products/square/149_559808c7283c0.jpg', '278', '419', 'image', 'web', 32, 1, 1436027080, 0, 1, ''),
(56, 149, 'Karina', '    New York Crop Top ', 'http://www.allurebella.com/collections/latest/products/new-york-crop-top-d468', NULL, NULL, NULL, 'gray', 'uploads/attachments/products/large/149_559808fbc15fb.jpg', 'uploads/attachments/products/middle/149_559808fbc15fb.jpg', 'uploads/attachments/products/square/149_559808fbc15fb.jpg', '349', '382', 'image', 'web', 17, 1, 1436027131, 0, 1, ''),
(57, 149, 'Karina', '    Florence Prints Skater Skirt ', 'http://www.allurebella.com/collections/latest/products/florence-prints-skater-skirt-d671', NULL, NULL, NULL, 'black', 'uploads/attachments/products/large/149_5598092745e23.jpg', 'uploads/attachments/products/middle/149_5598092745e23.jpg', 'uploads/attachments/products/square/149_5598092745e23.jpg', '338', '417', 'image', 'web', 24, 1, 1436027175, 0, 1, ''),
(58, 149, 'Karina', 'Obelia Off Shoulder Denim Dress - Love, Bonito | Empowering Confidence Through Style', 'http://www.lovebonito.com/5887-obelia-off-shoulder-denim-dress.html', NULL, NULL, NULL, 'blue', 'uploads/attachments/products/large/149_55980bc8744a2.jpg', 'uploads/attachments/products/middle/149_55980bc8744a2.jpg', 'uploads/attachments/products/square/149_55980bc8744a2.jpg', '428', '610', 'image', 'web', 36, 1, 1436027848, 0, 1, ''),
(59, 149, 'Karina', 'Covet Lystra Layered Back Playsuit ', 'http://www.lovebonito.com/5886-covet-lystra-layered-back-playsuit.html', NULL, NULL, NULL, 'gray', 'uploads/attachments/products/large/149_55980c30327a3.jpg', 'uploads/attachments/products/middle/149_55980c30327a3.jpg', 'uploads/attachments/products/square/149_55980c30327a3.jpg', '428', '610', 'image', 'web', 49, 1, 1436027952, 0, 1, ''),
(60, 149, 'Karina', ' Zea Textured Top', 'http://www.lovebonito.com/5885--zea-textured-top.html', NULL, NULL, NULL, 'yellow', 'uploads/attachments/products/large/149_55980c632c6b9.jpg', 'uploads/attachments/products/middle/149_55980c632c6b9.jpg', 'uploads/attachments/products/square/149_55980c632c6b9.jpg', '428', '610', 'image', 'web', 32, 1, 1436028003, 0, 1, ''),
(61, 149, 'Karina', 'Fae Collar Shift Dress', 'http://www.lovebonito.com/5883-fae-collar-shift-dress.html', NULL, NULL, NULL, 'gray', 'uploads/attachments/products/large/149_55980c8d747e7.jpg', 'uploads/attachments/products/middle/149_55980c8d747e7.jpg', 'uploads/attachments/products/square/149_55980c8d747e7.jpg', '428', '610', 'image', 'web', 36, 1, 1436028045, 0, 1, ''),
(62, 149, 'Karina', 'Kiela Kimono ', 'http://www.lovebonito.com/5882-kiela-kimono-.html', NULL, NULL, NULL, 'gray', 'uploads/attachments/products/large/149_55980ce5b6099.jpg', 'uploads/attachments/products/middle/149_55980ce5b6099.jpg', 'uploads/attachments/products/square/149_55980ce5b6099.jpg', '428', '610', 'image', 'web', 36, 1, 1436028133, 0, 1, ''),
(63, 149, 'Karina', 'Naima Paperbag Shorts ', 'http://www.lovebonito.com/5881-naima-paperbag-shorts.html', NULL, NULL, NULL, 'black', 'uploads/attachments/products/large/149_55980d1a62c15.jpg', 'uploads/attachments/products/middle/149_55980d1a62c15.jpg', 'uploads/attachments/products/square/149_55980d1a62c15.jpg', '428', '610', 'image', 'web', 38, 1, 1436028186, 0, 1, ''),
(64, 149, 'Karina', 'Ynez Back Overlay Top ', 'http://www.lovebonito.com/5880-ynez-back-overlay-top.html', NULL, NULL, NULL, 'gray', 'uploads/attachments/products/large/149_55980d424e12d.jpg', 'uploads/attachments/products/middle/149_55980d424e12d.jpg', 'uploads/attachments/products/square/149_55980d424e12d.jpg', '428', '610', 'image', 'web', 34, 1, 1436028226, 0, 1, ''),
(65, 149, 'Karina', 'Mabyn Mesh Shoulder Dress ', 'http://www.lovebonito.com/5879-mabyn-mesh-shoulder-dress.html', NULL, NULL, NULL, 'purple', 'uploads/attachments/products/large/149_55980d6ff3140.jpg', 'uploads/attachments/products/middle/149_55980d6ff3140.jpg', 'uploads/attachments/products/square/149_55980d6ff3140.jpg', '428', '610', 'image', 'web', 38, 1, 1436028272, 0, 1, ''),
(66, 149, 'Karina', 'Thera Denim Crop Top ', 'http://www.lovebonito.com/5878-thera-denim-crop-top.html', NULL, NULL, NULL, 'blue', 'uploads/attachments/products/large/149_55980da8d6caa.jpg', 'uploads/attachments/products/middle/149_55980da8d6caa.jpg', 'uploads/attachments/products/square/149_55980da8d6caa.jpg', '428', '610', 'image', 'web', 32, 1, 1436028329, 0, 1, ''),
(67, 149, 'Karina', 'Julissa Midi Jumpsuit', 'http://www.lovebonito.com/5877-julissa-midi-jumpsuit.html', NULL, NULL, NULL, 'gray', 'uploads/attachments/products/large/149_55980dd367b99.jpg', 'uploads/attachments/products/middle/149_55980dd367b99.jpg', 'uploads/attachments/products/square/149_55980dd367b99.jpg', '428', '610', 'image', 'web', 39, 1, 1436028371, 0, 1, ''),
(68, 149, 'Karina', 'Greta Denim Fluted Skirt', 'http://www.lovebonito.com/5876-greta-denim-fluted-skirt.html', NULL, NULL, NULL, 'purple', 'uploads/attachments/products/large/149_55980e0b7c105.jpg', 'uploads/attachments/products/middle/149_55980e0b7c105.jpg', 'uploads/attachments/products/square/149_55980e0b7c105.jpg', '428', '610', 'image', 'web', 36, 1, 1436028427, 0, 1, ''),
(69, 149, 'Karina', 'LAB PAPER PLANES PEPLUM BLOUSE YELLOW ', 'http://www.loveandbravery.com/product_info.php?products_id=12855', NULL, NULL, NULL, 'yellow', 'uploads/attachments/products/large/149_559bf9fc2a528.jpg', 'uploads/attachments/products/middle/149_559bf9fc2a528.jpg', 'uploads/attachments/products/square/149_559bf9fc2a528.jpg', '368', '548', 'image', 'web', 29, 1, 1436285436, 0, 1, ''),
(70, 149, 'Karina', 'LAB PAPER PLANES PEPLUM BLOUSE NAVY', 'http://www.loveandbravery.com/product_info.php?products_id=12854', NULL, NULL, NULL, 'blue', 'uploads/attachments/products/large/149_559bfa272d903.jpg', 'uploads/attachments/products/middle/149_559bfa272d903.jpg', 'uploads/attachments/products/square/149_559bfa272d903.jpg', '368', '548', 'image', 'web', 29, 1, 1436285479, 0, 1, ''),
(71, 149, 'Karina', 'LAB PAPER PLANES PEPLUM BLOUSE PINK', 'http://www.loveandbravery.com/product_info.php?products_id=12853', NULL, NULL, NULL, 'purple', 'uploads/attachments/products/large/149_559bfa5fb475c.jpg', 'uploads/attachments/products/middle/149_559bfa5fb475c.jpg', 'uploads/attachments/products/square/149_559bfa5fb475c.jpg', '368', '548', 'image', 'web', 29, 1, 1436285535, 0, 1, ''),
(72, 149, 'Karina', 'LAB ALTITUDE GEOMETRIC SKATER DRESS NAVY ', 'http://www.loveandbravery.com/product_info.php?products_id=12852', NULL, NULL, NULL, 'blue', 'uploads/attachments/products/large/149_559bfaaca084f.jpg', 'uploads/attachments/products/middle/149_559bfaaca084f.jpg', 'uploads/attachments/products/square/149_559bfaaca084f.jpg', '368', '548', 'image', 'web', 38, 1, 1436285612, 0, 1, ''),
(73, 149, 'Karina', 'LAB ALTITUDE GEOMETRIC SKATER DRESS WHITE', 'http://www.loveandbravery.com/product_info.php?products_id=12851', NULL, NULL, NULL, 'blue', 'uploads/attachments/products/large/149_559bfafd532b0.jpg', 'uploads/attachments/products/middle/149_559bfafd532b0.jpg', 'uploads/attachments/products/square/149_559bfafd532b0.jpg', '368', '548', 'image', 'web', 38, 1, 1436285693, 0, 1, ''),
(74, 149, 'Karina', 'LAB RAINFLOWER JACQUARD DRESS BLACK', 'http://www.loveandbravery.com/product_info.php?products_id=12850', NULL, NULL, NULL, 'blue', 'uploads/attachments/products/large/149_559bfbb3b5692.jpg', 'uploads/attachments/products/middle/149_559bfbb3b5692.jpg', 'uploads/attachments/products/square/149_559bfbb3b5692.jpg', '368', '548', 'image', 'web', 37, 1, 1436285876, 0, 1, ''),
(75, 149, 'Karina', 'LAB KERRIN SPORTSLUXE TOP NAVY', 'http://www.loveandbravery.com/product_info.php?products_id=12849', NULL, NULL, NULL, 'black', 'uploads/attachments/products/large/149_559bfc01563d7.jpg', 'uploads/attachments/products/middle/149_559bfc01563d7.jpg', 'uploads/attachments/products/square/149_559bfc01563d7.jpg', '368', '548', 'image', 'web', 28, 1, 1436285953, 0, 1, ''),
(76, 149, 'Karina', 'LAB KERRIN SPORTSLUXE TOP GREY ', 'http://www.loveandbravery.com/product_info.php?products_id=12848', NULL, NULL, NULL, 'gray', 'uploads/attachments/products/large/149_559bfc5f8b0f1.jpg', 'uploads/attachments/products/middle/149_559bfc5f8b0f1.jpg', 'uploads/attachments/products/square/149_559bfc5f8b0f1.jpg', '368', '548', 'image', 'web', 28, 1, 1436286048, 0, 1, ''),
(77, 149, 'Karina', 'LAB MIDNIGHT FOLIAGE POCKET DRESS NAVY', 'http://www.loveandbravery.com/product_info.php?products_id=12847', NULL, NULL, NULL, 'blue', 'uploads/attachments/products/large/149_559bfc8d8dfec.jpg', 'uploads/attachments/products/middle/149_559bfc8d8dfec.jpg', 'uploads/attachments/products/square/149_559bfc8d8dfec.jpg', '368', '548', 'image', 'web', 36, 1, 1436286093, 0, 1, ''),
(78, 149, 'Karina', 'LAB LOLA SCALLOP LACE DRESS NAVY ', 'http://www.loveandbravery.com/product_info.php?products_id=12845', NULL, NULL, NULL, 'blue', 'uploads/attachments/products/large/149_559bfcc1793ab.jpg', 'uploads/attachments/products/middle/149_559bfcc1793ab.jpg', 'uploads/attachments/products/square/149_559bfcc1793ab.jpg', '368', '548', 'image', 'web', 38, 1, 1436286145, 0, 1, ''),
(79, 149, 'Karina', 'LAB LOLA SCALLOP LACE DRESS WHITE ', 'http://www.loveandbravery.com/product_info.php?products_id=12844', NULL, NULL, NULL, 'gray', 'uploads/attachments/products/large/149_559bfd130f882.jpg', 'uploads/attachments/products/middle/149_559bfd130f882.jpg', 'uploads/attachments/products/square/149_559bfd130f882.jpg', '368', '548', 'image', 'web', 38, 1, 1436286228, 0, 1, ''),
(80, 149, 'Karina', 'LAB CRIMSON ROSE SKORTS WHITE', 'http://www.loveandbravery.com/product_info.php?products_id=12843', NULL, NULL, NULL, 'black', 'uploads/attachments/products/large/149_559bfd7d225a7.jpg', 'uploads/attachments/products/middle/149_559bfd7d225a7.jpg', 'uploads/attachments/products/square/149_559bfd7d225a7.jpg', '368', '548', 'image', 'web', 28, 1, 1436286333, 0, 1, ''),
(81, 149, 'Karina', 'LAB SUZY TEXTURED SKATER DRESS WHITE', 'http://www.loveandbravery.com/product_info.php?products_id=12842', NULL, NULL, NULL, 'black', 'uploads/attachments/products/large/149_559bfe3f8c264.jpg', 'uploads/attachments/products/middle/149_559bfe3f8c264.jpg', 'uploads/attachments/products/square/149_559bfe3f8c264.jpg', '368', '548', 'image', 'web', 37, 1, 1436286527, 0, 1, ''),
(82, 149, 'Karina', 'LAB BELLADONNA BANDAGE DRESS NAVY - Love & Bravery', 'http://www.loveandbravery.com/product_info.php?products_id=12841', NULL, NULL, NULL, 'blue', 'uploads/attachments/products/large/149_559bfe694f9cd.jpg', 'uploads/attachments/products/middle/149_559bfe694f9cd.jpg', 'uploads/attachments/products/square/149_559bfe694f9cd.jpg', '368', '548', 'image', 'web', 42, 1, 1436286569, 0, 1, ''),
(83, 149, 'Karina', 'Denise Top', 'http://ponypockets.com/collections/new/products/denise-top', NULL, NULL, NULL, 'black', 'uploads/attachments/products/large/149_559bff4008259.jpg', 'uploads/attachments/products/middle/149_559bff4008259.jpg', 'uploads/attachments/products/square/149_559bff4008259.jpg', '320', '480', 'image', 'web', 25, 1, 1436286784, 0, 1, ''),
(84, 149, 'Karina', 'Gerrie Cropped Top      ', 'http://ponypockets.com/collections/new/products/gerrie-cropped-top', NULL, NULL, NULL, 'gray', 'uploads/attachments/products/large/149_559bff7ff2b0d.jpg', 'uploads/attachments/products/middle/149_559bff7ff2b0d.jpg', 'uploads/attachments/products/square/149_559bff7ff2b0d.jpg', '320', '480', 'image', 'web', 25, 1, 1436286848, 0, 1, ''),
(85, 149, 'Karina', 'Monique top     ', 'http://ponypockets.com/collections/new/products/monique-top', NULL, NULL, NULL, 'black', 'uploads/attachments/products/large/149_559bffd2efad3.jpg', 'uploads/attachments/products/middle/149_559bffd2efad3.jpg', 'uploads/attachments/products/square/149_559bffd2efad3.jpg', '320', '480', 'image', 'web', 27, 1, 1436286931, 0, 1, ''),
(86, 149, 'Karina', 'Rosie Cardigan', 'http://ponypockets.com/collections/new/products/rosie-cardigan', NULL, NULL, NULL, 'gray', 'uploads/attachments/products/large/149_559c007a83f2e.jpg', 'uploads/attachments/products/middle/149_559c007a83f2e.jpg', 'uploads/attachments/products/square/149_559c007a83f2e.jpg', '320', '480', 'image', 'web', 28, 1, 1436287098, 0, 1, ''),
(87, 149, 'Karina', 'Skylar Top', 'http://ponypockets.com/collections/new/products/skylar-top', NULL, NULL, NULL, 'gray', 'uploads/attachments/products/large/149_559c017e104ec.jpg', 'uploads/attachments/products/middle/149_559c017e104ec.jpg', 'uploads/attachments/products/square/149_559c017e104ec.jpg', '320', '480', 'image', 'web', 29, 1, 1436287358, 0, 1, ''),
(88, 149, 'Karina', 'Stefania Dress', 'http://ponypockets.com/collections/new/products/stefania-dress', NULL, NULL, NULL, 'gray', 'uploads/attachments/products/large/149_559c0367b09a5.jpg', 'uploads/attachments/products/middle/149_559c0367b09a5.jpg', 'uploads/attachments/products/square/149_559c0367b09a5.jpg', '320', '480', 'image', 'web', 79, 1, 1436287847, 0, 1, ''),
(89, 149, 'Karina', 'Abella Dress   ', 'http://ponypockets.com/collections/new/products/abella-dress', NULL, NULL, NULL, 'black', 'uploads/attachments/products/large/149_559c040438a83.jpg', 'uploads/attachments/products/middle/149_559c040438a83.jpg', 'uploads/attachments/products/square/149_559c040438a83.jpg', '320', '480', 'image', 'web', 79, 1, 1436288004, 0, 1, ''),
(90, 149, 'Karina', 'Tatiana Peplum Dress', 'http://ponypockets.com/collections/new/products/tatiana-peplum-dress', NULL, NULL, NULL, 'black', 'uploads/attachments/products/large/149_559c045f46e8b.jpg', 'uploads/attachments/products/middle/149_559c045f46e8b.jpg', 'uploads/attachments/products/square/149_559c045f46e8b.jpg', '320', '480', 'image', 'web', 62, 1, 1436288095, 0, 1, ''),
(91, 149, 'Karina', 'Benoîte Dress      ', 'http://ponypockets.com/collections/new/products/backorder-benoite-dress', NULL, NULL, NULL, 'black', 'uploads/attachments/products/large/149_559c04ba0a625.jpg', 'uploads/attachments/products/middle/149_559c04ba0a625.jpg', 'uploads/attachments/products/square/149_559c04ba0a625.jpg', '320', '480', 'image', 'web', 69, 1, 1436288186, 0, 1, ''),
(92, 149, 'Karina', 'MDS. Pleated Off Shoulder Top in Maroon', 'http://www.mdscollections.com/pd-pleated-off-shoulder-top-in-maroon-7720638mar.cfm', NULL, NULL, NULL, 'red', 'uploads/attachments/products/large/149_559c16a09198f.jpg', 'uploads/attachments/products/middle/149_559c16a09198f.jpg', 'uploads/attachments/products/square/149_559c16a09198f.jpg', '290', '435', 'image', 'web', 29.9, 1, 1436292769, 0, 1, ''),
(93, 149, 'Karina', 'MDS. Pleated Off Shoulder Top in Grey', 'http://www.mdscollections.com/pd-pleated-off-shoulder-top-in-grey-7720638gry.cfm', NULL, NULL, NULL, 'gray', 'uploads/attachments/products/large/149_559c16ddb77d6.jpg', 'uploads/attachments/products/middle/149_559c16ddb77d6.jpg', 'uploads/attachments/products/square/149_559c16ddb77d6.jpg', '290', '435', 'image', 'web', 29.9, 1, 1436292830, 0, 1, ''),
(94, 149, 'Karina', 'MDS. Kendall Maxi Dress ', 'http://www.mdscollections.com/pd-kendall-maxi-dress-2221202.cfm', NULL, NULL, NULL, 'gray', 'uploads/attachments/products/large/149_559c171fb6bd0.jpg', 'uploads/attachments/products/middle/149_559c171fb6bd0.jpg', 'uploads/attachments/products/square/149_559c171fb6bd0.jpg', '290', '435', 'image', 'web', 48.9, 1, 1436292896, 0, 1, ''),
(95, 149, 'Karina', 'MDS. Paisley Summer Dress in Print ', 'http://www.mdscollections.com/pd-paisley-summer-dress-in-print-2221086prnt.cfm', NULL, NULL, NULL, 'gray', 'uploads/attachments/products/large/149_559c1762776b1.jpg', 'uploads/attachments/products/middle/149_559c1762776b1.jpg', 'uploads/attachments/products/square/149_559c1762776b1.jpg', '290', '435', 'image', 'web', 47.9, 1, 1436292963, 0, 1, ''),
(96, 149, 'Karina', 'MDS. Dual Tone Peplum Top', 'http://www.mdscollections.com/pd-dual-tone-peplum-top-7720922.cfm', NULL, NULL, NULL, 'purple', 'uploads/attachments/products/large/149_559c17af73779.jpg', 'uploads/attachments/products/middle/149_559c17af73779.jpg', 'uploads/attachments/products/square/149_559c17af73779.jpg', '290', '435', 'image', 'web', 36.9, 1, 1436293040, 0, 1, ''),
(97, 149, 'Karina', 'MDS. Dual Tone Peplum Top in Navy ', 'http://www.mdscollections.com/pd-dual-tone-peplum-top-in-navy-7720922navy.cfm', NULL, NULL, NULL, 'black', 'uploads/attachments/products/large/149_559c17e62d041.jpg', 'uploads/attachments/products/middle/149_559c17e62d041.jpg', 'uploads/attachments/products/square/149_559c17e62d041.jpg', '290', '435', 'image', 'web', 36.9, 1, 1436293095, 0, 1, ''),
(98, 149, 'Karina', 'MDS. Leon Pants in Stripes', 'http://www.mdscollections.com/pd-leon-pants-in-stripes-6621147strp.cfm', NULL, NULL, NULL, 'black', 'uploads/attachments/products/large/149_559c181fc8f08.jpg', 'uploads/attachments/products/middle/149_559c181fc8f08.jpg', 'uploads/attachments/products/square/149_559c181fc8f08.jpg', '290', '435', 'image', 'web', 41.9, 1, 1436293152, 0, 1, ''),
(99, 149, 'Karina', 'MDS. Gernaine Top in Black Stripes', 'http://www.mdscollections.com/pd-gernaine-top-in-black-stripes-7721083blkstrp.cfm', NULL, NULL, NULL, 'black', 'uploads/attachments/products/large/149_559c1867cced0.jpg', 'uploads/attachments/products/middle/149_559c1867cced0.jpg', 'uploads/attachments/products/square/149_559c1867cced0.jpg', '290', '435', 'image', 'web', 29.9, 1, 1436293224, 0, 1, ''),
(100, 149, 'Karina', 'MDS. Polka Dots Sash Wrapped Dress', 'http://www.mdscollections.com/pd-polka-dots-sash-wrapped-dress-2219595pol.cfm', NULL, NULL, NULL, 'blue', 'uploads/attachments/products/large/149_559c18d096646.jpg', 'uploads/attachments/products/middle/149_559c18d096646.jpg', 'uploads/attachments/products/square/149_559c18d096646.jpg', '290', '435', 'image', 'web', 32.9, 1, 1436293329, 0, 1, ''),
(101, 149, 'Karina', 'Oasis Side Cut Organza Dress ', 'http://klarra.com/dresses/1539-cheryl-wee-for-klarra-oasis-side-cut-organza-dress.html', NULL, NULL, NULL, 'gray', 'uploads/attachments/products/large/149_559c197527ed4.jpg', 'uploads/attachments/products/middle/149_559c197527ed4.jpg', 'uploads/attachments/products/square/149_559c197527ed4.jpg', '423', '619', 'image', 'web', 52, 1, 1436293493, 0, 1, ''),
(102, 149, 'Karina', 'Berno Printed Vest ', 'http://klarra.com/tops/1552-cheryl-wee-for-klarra-berno-printed-vest.html', NULL, NULL, NULL, 'black', 'uploads/attachments/products/large/149_559c19e056162.jpg', 'uploads/attachments/products/middle/149_559c19e056162.jpg', 'uploads/attachments/products/square/149_559c19e056162.jpg', '423', '619', 'image', 'web', 31.2, 1, 1436293600, 0, 1, ''),
(103, 149, 'Karina', 'Clorri Organza Shorts', 'http://klarra.com/bottoms/1542-cheryl-wee-for-klarra-clorri-organza-shorts.html', NULL, NULL, NULL, 'purple', 'uploads/attachments/products/large/149_559c1a27b0539.jpg', 'uploads/attachments/products/middle/149_559c1a27b0539.jpg', 'uploads/attachments/products/square/149_559c1a27b0539.jpg', '423', '619', 'image', 'web', 38, 1, 1436293671, 0, 1, ''),
(104, 149, 'Karina', 'Blanc Organza Frill Skirt (White) ', 'http://klarra.com/bottoms/1551-cheryl-wee-for-klarra-blanc-organza-frill-skirt-white.html', NULL, NULL, NULL, 'gray', 'uploads/attachments/products/large/149_559c1da33cbfe.jpg', 'uploads/attachments/products/middle/149_559c1da33cbfe.jpg', 'uploads/attachments/products/square/149_559c1da33cbfe.jpg', '423', '619', 'image', 'web', 42, 1, 1436294563, 0, 1, ''),
(105, 149, 'Karina', 'Noir Organza Frill Skirt (Black)', 'http://klarra.com/bottoms/1550-cheryl-wee-for-klarra-noir-organza-frill-skirt-black.html', NULL, NULL, NULL, 'black', 'uploads/attachments/products/large/149_559c1df23128d.jpg', 'uploads/attachments/products/middle/149_559c1df23128d.jpg', 'uploads/attachments/products/square/149_559c1df23128d.jpg', '423', '619', 'image', 'web', 42, 1, 1436294642, 0, 1, ''),
(106, 149, 'Karina', 'Bondi Organza Pencil Skirt ', 'http://klarra.com/bottoms/1540-cheryl-wee-for-klarra-bondi-organza-pencil-skirt.html', NULL, NULL, NULL, 'gray', 'uploads/attachments/products/large/149_559c1e287c17a.jpg', 'uploads/attachments/products/middle/149_559c1e287c17a.jpg', 'uploads/attachments/products/square/149_559c1e287c17a.jpg', '423', '619', 'image', 'web', 42, 1, 1436294696, 0, 1, ''),
(107, 149, 'Karina', 'Ascolli Printed Frill Top', 'http://klarra.com/tops/1553-cheryl-wee-for-klarra-ascolli-printed-frill-top.html', NULL, NULL, NULL, 'purple', 'uploads/attachments/products/large/149_559c1e6be31c8.jpg', 'uploads/attachments/products/middle/149_559c1e6be31c8.jpg', 'uploads/attachments/products/square/149_559c1e6be31c8.jpg', '423', '619', 'image', 'web', 30.4, 1, 1436294764, 0, 1, ''),
(108, 154, 'Ck.Cheng3', 'Women color loose long sleeve cardigan sweater ', 'http://sg.favechic.com/product/women-color-loose-long-sleeve-cardigan-sweater/176276', NULL, NULL, NULL, 'purple', 'uploads/attachments/products/large/154_55a3975cddf2f.jpg', 'uploads/attachments/products/middle/154_55a3975cddf2f.jpg', 'uploads/attachments/products/square/154_55a3975cddf2f.jpg', '600', '800', 'image', 'web', 49, 1, 1436784477, 0, 1, ''),
(109, 154, 'Ck.Cheng3', 'Zip Up Knit Top in Grey ', 'http://www.mdscollections.com/pd_zip_up_knit_top_in_grey_7721028grey.cfm', NULL, NULL, NULL, 'gray', 'uploads/attachments/products/large/154_55a4a3c0ab9b3.jpg', 'uploads/attachments/products/middle/154_55a4a3c0ab9b3.jpg', 'uploads/attachments/products/square/154_55a4a3c0ab9b3.jpg', '290', '435', 'image', 'web', 29.9, 1, 1436853185, 0, 1, ''),
(110, 149, 'Karina', 'Watercolor Bustier', 'http://www.flaunt.cc/flaunt-watercolor-bustier', NULL, NULL, NULL, 'blue', 'uploads/attachments/products/large/149_55b1b2be7969b.jpg', 'uploads/attachments/products/middle/149_55b1b2be7969b.jpg', 'uploads/attachments/products/square/149_55b1b2be7969b.jpg', '350', '540', 'image', 'web', 26.9, 1, 1437708994, 0, 1, ''),
(111, 149, 'Karina', 'Chinois Collar Skater Dress', 'http://www.flaunt.cc/flaunt-chinois-collar-skater-dress-red', NULL, NULL, NULL, 'red', 'uploads/attachments/products/large/149_55b1b3be7378b.jpg', 'uploads/attachments/products/middle/149_55b1b3be7378b.jpg', 'uploads/attachments/products/square/149_55b1b3be7378b.jpg', '350', '540', 'image', 'web', 34.9, 1, 1437709248, 0, 1, ''),
(112, 149, 'Karina', 'Class Of Its Own Dress', 'http://www.flaunt.cc/flaunt-class-of-its-own-dress-maroon', NULL, NULL, NULL, 'red', 'uploads/attachments/products/large/149_55b1b47977eb1.jpg', 'uploads/attachments/products/middle/149_55b1b47977eb1.jpg', 'uploads/attachments/products/square/149_55b1b47977eb1.jpg', '350', '540', 'image', 'web', 35.9, 1, 1437709435, 0, 1, ''),
(113, 149, 'Karina', 'Go With The Bow Dress', 'http://www.flaunt.cc/flaunt-go-with-the-bow-dress-black', NULL, NULL, NULL, 'black', 'uploads/attachments/products/large/149_55b1b4b701ce9.jpg', 'uploads/attachments/products/middle/149_55b1b4b701ce9.jpg', 'uploads/attachments/products/square/149_55b1b4b701ce9.jpg', '350', '540', 'image', 'web', 32.9, 1, 1437709496, 0, 1, ''),
(114, 149, 'Karina', 'Popsicle Pink Colorblock Dress ', 'http://www.flaunt.cc/flaunt-popsicle-colorblock-dress-pink', NULL, NULL, NULL, 'red', 'uploads/attachments/products/large/149_55b1b5033e60f.jpg', 'uploads/attachments/products/middle/149_55b1b5033e60f.jpg', 'uploads/attachments/products/square/149_55b1b5033e60f.jpg', '350', '540', 'image', 'web', 34.9, 1, 1437709574, 0, 1, ''),
(115, 149, 'Karina', 'Stained Glass Blouson', 'http://www.flaunt.cc/flaunt-stained-glass-blouson', NULL, NULL, NULL, 'blue', 'uploads/attachments/products/large/149_55b1b5e4659ff.jpg', 'uploads/attachments/products/middle/149_55b1b5e4659ff.jpg', 'uploads/attachments/products/square/149_55b1b5e4659ff.jpg', '350', '540', 'image', 'web', 25.9, 1, 1437709798, 0, 1, ''),
(116, 149, 'Karina', 'Flora & Fauna Peplum Blouse', 'http://www.flaunt.cc/flaunt-flora-fauna-peplum-blouse', NULL, NULL, NULL, 'black', 'uploads/attachments/products/large/149_55b1b7808c201.jpg', 'uploads/attachments/products/middle/149_55b1b7808c201.jpg', 'uploads/attachments/products/square/149_55b1b7808c201.jpg', '350', '540', 'image', 'web', 26.9, 1, 1437710210, 0, 1, ''),
(117, 149, 'Karina', 'Hey Sailor Dress ', 'http://www.flaunt.cc/flaunt-hey-sailor-dress', NULL, NULL, NULL, 'blue', 'uploads/attachments/products/large/149_55b1ba3dd4a5b.jpg', 'uploads/attachments/products/middle/149_55b1ba3dd4a5b.jpg', 'uploads/attachments/products/square/149_55b1ba3dd4a5b.jpg', '350', '540', 'image', 'web', 34.9, 1, 1437710911, 0, 1, ''),
(118, 149, 'Karina', 'Flat Front Shorts', 'http://www.flaunt.cc/flaunt-flat-front-shorts-red', NULL, NULL, NULL, 'red', 'uploads/attachments/products/large/149_55b1bb2c058fe.jpg', 'uploads/attachments/products/middle/149_55b1bb2c058fe.jpg', 'uploads/attachments/products/square/149_55b1bb2c058fe.jpg', '350', '540', 'image', 'web', 26.9, 1, 1437711150, 0, 1, ''),
(119, 149, 'Karina', 'FLAUNT Stripes & Bows Cardigan  | FLAUNT.CC - Online Shop Singapore', 'http://www.flaunt.cc/flaunt-stripes-bows-cardigan', NULL, NULL, NULL, 'red', 'uploads/attachments/products/large/149_55b1bc6d54677.jpg', 'uploads/attachments/products/middle/149_55b1bc6d54677.jpg', 'uploads/attachments/products/square/149_55b1bc6d54677.jpg', '350', '540', 'image', 'web', 28.9, 1, 1437711470, 0, 1, ''),
(120, 149, 'Karina', 'Swirls & Spikes Sweater', 'http://www.flaunt.cc/flaunt-swirls-spikes-sweater', NULL, NULL, NULL, 'gray', 'uploads/attachments/products/large/149_55b1c0769d370.jpg', 'uploads/attachments/products/middle/149_55b1c0769d370.jpg', 'uploads/attachments/products/square/149_55b1c0769d370.jpg', '350', '540', 'image', 'web', 26.9, 1, 1437712505, 0, 1, '');

-- --------------------------------------------------------

--
-- Table structure for table `item_color`
--

CREATE TABLE IF NOT EXISTS `item_color` (
  `id` int(11) NOT NULL AUTO_INCREMENT,
  `size_id` int(11) NOT NULL,
  `color` varchar(50) NOT NULL,
  `quantity` int(11) NOT NULL,
  PRIMARY KEY (`id`)
) ENGINE=InnoDB DEFAULT CHARSET=latin1 AUTO_INCREMENT=1 ;

-- --------------------------------------------------------

--
-- Table structure for table `item_size`
--

CREATE TABLE IF NOT EXISTS `item_size` (
  `id` int(11) NOT NULL AUTO_INCREMENT,
  `item_id` int(11) NOT NULL,
  `size` varchar(50) NOT NULL,
  PRIMARY KEY (`id`)
) ENGINE=InnoDB DEFAULT CHARSET=latin1 AUTO_INCREMENT=1 ;

-- --------------------------------------------------------

--
-- Table structure for table `relationship`
--

CREATE TABLE IF NOT EXISTS `relationship` (
  `id` int(11) NOT NULL AUTO_INCREMENT,
  `user_id` int(11) NOT NULL,
  `friend_id` int(11) NOT NULL,
  `relation_status` tinyint(2) NOT NULL,
  PRIMARY KEY (`id`),
  KEY `idx_relation_id` (`id`),
  KEY `idx_user_id` (`user_id`),
  KEY `idx_friend_id` (`friend_id`),
  KEY `idx_user_friend_id` (`user_id`,`friend_id`),
  KEY `idx_user_id_status` (`user_id`,`relation_status`),
  KEY `idx_friend_id_status` (`friend_id`,`relation_status`)
) ENGINE=MyISAM  DEFAULT CHARSET=utf8 AUTO_INCREMENT=4 ;

--
-- Dumping data for table `relationship`
--

INSERT INTO `relationship` (`id`, `user_id`, `friend_id`, `relation_status`) VALUES
(1, 112, 149, 1),
(3, 6, 149, 1);

-- --------------------------------------------------------

--
-- Table structure for table `settings`
--

CREATE TABLE IF NOT EXISTS `settings` (
  `id` int(11) NOT NULL AUTO_INCREMENT,
  `set_key` varchar(100) NOT NULL,
  `set_value` text NOT NULL,
  PRIMARY KEY (`id`),
  KEY `idx_setting_id` (`id`)
) ENGINE=MyISAM  DEFAULT CHARSET=utf8 AUTO_INCREMENT=42 ;

--
-- Dumping data for table `settings`
--

INSERT INTO `settings` (`id`, `set_key`, `set_value`) VALUES
(1, 'ui_styles', 'a:4:{s:5:"style";s:7:"puzzing";s:5:"color";s:7:"default";s:7:"puzzing";a:6:{s:3:"red";a:39:{s:10:"themecolor";s:7:"#9d261d";s:11:"bordercolor";s:4:"#DDD";s:9:"smallFont";s:4:"13px";s:10:"mediumFont";s:4:"14px";s:9:"largeFont";s:4:"15px";s:4:"gray";s:4:"#999";s:4:"blue";s:7:"#049cdb";s:5:"green";s:7:"#46a546";s:3:"red";s:7:"#9d261d";s:6:"yellow";s:7:"#ffc40d";s:6:"orange";s:7:"#f89406";s:4:"pink";s:7:"#c3325f";s:6:"purple";s:7:"#7a43b6";s:9:"puzzColor";s:7:"#9d261d";s:14:"bodyBackground";s:4:"#fff";s:9:"textColor";s:9:"@grayDark";s:9:"linkColor";s:7:"#9d261d";s:15:"contentBackPath";s:24:"@{imagePath}/bgnoise.gif";s:17:"contentBackGround";s:45:"#F0F0F0 url(@{contentBackPath}) repeat -70% 0";s:22:"contentInnerBackGround";s:46:"url(@{imagePath}/big-fade.png) repeat-x -70% 0";s:14:"boldFontFamily";s:17:"''Microsoft YaHei''";s:14:"baseFontFamily";s:71:"tahoma,''Helvetica Neue'', Arial, ''Liberation Sans'', FreeSans, sans-serif";s:14:"baseLineHeight";s:4:"18px";s:15:"inputBackground";s:4:"#fff";s:11:"inputBorder";s:4:"#ccc";s:18:"dropdownBackground";s:6:"@white";s:14:"dropdownBorder";s:14:"rgba(0,0,0,.1)";s:17:"dropdownLinkColor";s:5:"@gray";s:22:"dropdownLinkColorHover";s:4:"#fff";s:27:"dropdownLinkBackgroundHover";s:10:"@puzzColor";s:15:"dropdownDivider";s:19:"lighten(@gray, 20%)";s:12:"navbarHeight";s:4:"51px";s:16:"navbarBackground";s:16:"darken(@red, 5%)";s:25:"navbarBackgroundHighlight";s:17:"darken(@red, 15%)";s:10:"navbarText";s:6:"@white";s:15:"navbarLinkColor";s:6:"@white";s:20:"navbarLinkColorHover";s:4:"#fff";s:12:"navtxtshadow";s:24:"0 -1px 0 rgba(0,0,0,.25)";s:22:"navbarSearchBackground";s:31:"lighten(@navbarBackground, 25%)";}s:5:"white";a:39:{s:10:"themecolor";s:7:"#f5f5f5";s:11:"bordercolor";s:4:"#DDD";s:9:"smallFont";s:4:"13px";s:10:"mediumFont";s:4:"14px";s:9:"largeFont";s:4:"15px";s:4:"gray";s:4:"#999";s:4:"blue";s:7:"#049cdb";s:5:"green";s:7:"#46a546";s:3:"red";s:7:"#9d261d";s:6:"yellow";s:7:"#ffc40d";s:6:"orange";s:7:"#f89406";s:4:"pink";s:7:"#c3325f";s:6:"purple";s:7:"#7a43b6";s:9:"puzzColor";s:7:"#EA4C89";s:14:"bodyBackground";s:4:"#fff";s:9:"textColor";s:9:"@grayDark";s:9:"linkColor";s:7:"#EA4C89";s:15:"contentBackPath";s:24:"@{imagePath}/bgnoise.gif";s:17:"contentBackGround";s:45:"#F0F0F0 url(@{contentBackPath}) repeat -70% 0";s:22:"contentInnerBackGround";s:4:"none";s:14:"boldFontFamily";s:17:"''Microsoft YaHei''";s:14:"baseFontFamily";s:71:"tahoma,''Helvetica Neue'', Arial, ''Liberation Sans'', FreeSans, sans-serif";s:14:"baseLineHeight";s:4:"18px";s:15:"inputBackground";s:4:"#fff";s:11:"inputBorder";s:4:"#ccc";s:18:"dropdownBackground";s:4:"#fff";s:14:"dropdownBorder";s:14:"rgba(0,0,0,.2)";s:17:"dropdownLinkColor";s:5:"@gray";s:22:"dropdownLinkColorHover";s:4:"#fff";s:27:"dropdownLinkBackgroundHover";s:10:"@puzzColor";s:15:"dropdownDivider";s:19:"lighten(@gray, 20%)";s:12:"navbarHeight";s:4:"51px";s:16:"navbarBackground";s:6:"@white";s:25:"navbarBackgroundHighlight";s:6:"@white";s:10:"navbarText";s:9:"@grayDark";s:15:"navbarLinkColor";s:9:"@grayDark";s:20:"navbarLinkColorHover";s:10:"@puzzColor";s:12:"navtxtshadow";s:4:"none";s:22:"navbarSearchBackground";s:31:"lighten(@navbarBackground, 25%)";}s:4:"blue";a:39:{s:10:"themecolor";s:7:"#0899d9";s:11:"bordercolor";s:4:"#DDD";s:9:"smallFont";s:4:"13px";s:10:"mediumFont";s:4:"14px";s:9:"largeFont";s:4:"15px";s:4:"gray";s:4:"#999";s:4:"blue";s:7:"#0899d9";s:5:"green";s:7:"#46a546";s:3:"red";s:7:"#9d261d";s:6:"yellow";s:7:"#ffc40d";s:6:"orange";s:7:"#f89406";s:4:"pink";s:7:"#c3325f";s:6:"purple";s:7:"#7a43b6";s:9:"puzzColor";s:7:"#0899d9";s:14:"bodyBackground";s:4:"#fff";s:9:"textColor";s:5:"@gray";s:9:"linkColor";s:18:"darken(@blue, 10%)";s:15:"contentBackPath";s:24:"@{imagePath}/bgnoise.gif";s:17:"contentBackGround";s:45:"#F0F0F0 url(@{contentBackPath}) repeat -70% 0";s:22:"contentInnerBackGround";s:46:"url(@{imagePath}/big-fade.png) repeat-x -70% 0";s:14:"boldFontFamily";s:17:"''Microsoft YaHei''";s:14:"baseFontFamily";s:71:"tahoma,''Helvetica Neue'', Arial, ''Liberation Sans'', FreeSans, sans-serif";s:14:"baseLineHeight";s:4:"18px";s:15:"inputBackground";s:4:"#fff";s:11:"inputBorder";s:4:"#ccc";s:18:"dropdownBackground";s:6:"@white";s:14:"dropdownBorder";s:14:"rgba(0,0,0,.2)";s:17:"dropdownLinkColor";s:19:"lighten(@gray, 10%)";s:22:"dropdownLinkColorHover";s:4:"#fff";s:27:"dropdownLinkBackgroundHover";s:10:"@puzzColor";s:15:"dropdownDivider";s:19:"lighten(@gray, 20%)";s:12:"navbarHeight";s:4:"51px";s:16:"navbarBackground";s:18:"darken(@blue, 10%)";s:25:"navbarBackgroundHighlight";s:18:"darken(@blue, 15%)";s:10:"navbarText";s:19:"lighten(@blue, 50%)";s:15:"navbarLinkColor";s:19:"lighten(@blue, 50%)";s:20:"navbarLinkColorHover";s:4:"#fff";s:12:"navtxtshadow";s:24:"0 -1px 0 rgba(0,0,0,.25)";s:22:"navbarSearchBackground";s:31:"lighten(@navbarBackground, 25%)";}s:6:"orange";a:39:{s:10:"themecolor";s:7:"#f89406";s:11:"bordercolor";s:4:"#DDD";s:9:"smallFont";s:4:"13px";s:10:"mediumFont";s:4:"14px";s:9:"largeFont";s:4:"15px";s:4:"gray";s:4:"#999";s:4:"blue";s:7:"#049cdb";s:5:"green";s:7:"#46a546";s:3:"red";s:7:"#9d261d";s:6:"yellow";s:7:"#ffc40d";s:6:"orange";s:7:"#f89406";s:4:"pink";s:7:"#c3325f";s:6:"purple";s:7:"#7a43b6";s:9:"puzzColor";s:7:"#f89406";s:14:"bodyBackground";s:4:"#fff";s:9:"textColor";s:9:"@grayDark";s:9:"linkColor";s:7:"#f89406";s:15:"contentBackPath";s:24:"@{imagePath}/bgnoise.gif";s:17:"contentBackGround";s:45:"#F0F0F0 url(@{contentBackPath}) repeat -70% 0";s:22:"contentInnerBackGround";s:46:"url(@{imagePath}/big-fade.png) repeat-x -70% 0";s:14:"boldFontFamily";s:17:"''Microsoft YaHei''";s:14:"baseFontFamily";s:71:"tahoma,''Helvetica Neue'', Arial, ''Liberation Sans'', FreeSans, sans-serif";s:14:"baseLineHeight";s:4:"18px";s:15:"inputBackground";s:4:"#fff";s:11:"inputBorder";s:4:"#ccc";s:18:"dropdownBackground";s:6:"@white";s:14:"dropdownBorder";s:14:"rgba(0,0,0,.1)";s:17:"dropdownLinkColor";s:5:"@gray";s:22:"dropdownLinkColorHover";s:4:"#fff";s:27:"dropdownLinkBackgroundHover";s:10:"@puzzColor";s:15:"dropdownDivider";s:19:"lighten(@gray, 25%)";s:12:"navbarHeight";s:4:"51px";s:16:"navbarBackground";s:23:"darken(@puzzColor, 10%)";s:25:"navbarBackgroundHighlight";s:23:"darken(@puzzColor, 15%)";s:10:"navbarText";s:24:"lighten(@puzzColor, 50%)";s:15:"navbarLinkColor";s:24:"lighten(@puzzColor, 60%)";s:20:"navbarLinkColorHover";s:4:"#fff";s:12:"navtxtshadow";s:24:"0 -1px 0 rgba(0,0,0,.25)";s:22:"navbarSearchBackground";s:31:"lighten(@navbarBackground, 15%)";}s:4:"gray";a:39:{s:10:"themecolor";s:4:"#666";s:11:"bordercolor";s:4:"#DDD";s:9:"smallFont";s:4:"13px";s:10:"mediumFont";s:4:"14px";s:9:"largeFont";s:4:"15px";s:4:"gray";s:4:"#999";s:4:"blue";s:7:"#049cdb";s:5:"green";s:7:"#46a546";s:3:"red";s:7:"#9d261d";s:6:"yellow";s:7:"#ffc40d";s:6:"orange";s:7:"#f89406";s:4:"pink";s:7:"#c3325f";s:6:"purple";s:7:"#7a43b6";s:9:"puzzColor";s:4:"#999";s:14:"bodyBackground";s:4:"#fff";s:9:"textColor";s:9:"@grayDark";s:9:"linkColor";s:10:"@puzzColor";s:15:"contentBackPath";s:24:"@{imagePath}/bgnoise.gif";s:17:"contentBackGround";s:45:"#F0F0F0 url(@{contentBackPath}) repeat -70% 0";s:22:"contentInnerBackGround";s:46:"url(@{imagePath}/big-fade.png) repeat-x -70% 0";s:14:"boldFontFamily";s:17:"''Microsoft YaHei''";s:14:"baseFontFamily";s:71:"tahoma,''Helvetica Neue'', Arial, ''Liberation Sans'', FreeSans, sans-serif";s:14:"baseLineHeight";s:4:"18px";s:15:"inputBackground";s:4:"#fff";s:11:"inputBorder";s:4:"#ccc";s:18:"dropdownBackground";s:6:"@white";s:14:"dropdownBorder";s:14:"rgba(0,0,0,.2)";s:17:"dropdownLinkColor";s:5:"@gray";s:22:"dropdownLinkColorHover";s:4:"#fff";s:27:"dropdownLinkBackgroundHover";s:10:"@puzzColor";s:15:"dropdownDivider";s:19:"lighten(@gray, 25%)";s:12:"navbarHeight";s:4:"51px";s:16:"navbarBackground";s:23:"darken(@puzzColor, 15%)";s:25:"navbarBackgroundHighlight";s:23:"darken(@puzzColor, 20%)";s:10:"navbarText";s:24:"lighten(@puzzColor, 50%)";s:15:"navbarLinkColor";s:24:"lighten(@puzzColor, 60%)";s:20:"navbarLinkColorHover";s:4:"#fff";s:12:"navtxtshadow";s:24:"0 -1px 0 rgba(0,0,0,.25)";s:22:"navbarSearchBackground";s:31:"lighten(@navbarBackground, 15%)";}s:4:"pink";a:39:{s:10:"themecolor";s:7:"#ff72a0";s:11:"bordercolor";s:4:"#DDD";s:9:"smallFont";s:4:"13px";s:10:"mediumFont";s:4:"14px";s:9:"largeFont";s:4:"15px";s:4:"gray";s:4:"#999";s:4:"blue";s:7:"#049cdb";s:5:"green";s:7:"#46a546";s:3:"red";s:7:"#9d261d";s:6:"yellow";s:7:"#ffc40d";s:6:"orange";s:7:"#f89406";s:4:"pink";s:7:"#c3325f";s:6:"purple";s:7:"#7a43b6";s:9:"puzzColor";s:7:"#ff72a0";s:14:"bodyBackground";s:4:"#fff";s:9:"textColor";s:9:"@grayDark";s:9:"linkColor";s:10:"@puzzColor";s:15:"contentBackPath";s:24:"@{imagePath}/bgnoise.gif";s:17:"contentBackGround";s:45:"#F0F0F0 url(@{contentBackPath}) repeat -70% 0";s:22:"contentInnerBackGround";s:46:"url(@{imagePath}/big-fade.png) repeat-x -70% 0";s:14:"boldFontFamily";s:17:"''Microsoft YaHei''";s:14:"baseFontFamily";s:71:"tahoma,''Helvetica Neue'', Arial, ''Liberation Sans'', FreeSans, sans-serif";s:14:"baseLineHeight";s:4:"18px";s:15:"inputBackground";s:4:"#fff";s:11:"inputBorder";s:4:"#ccc";s:18:"dropdownBackground";s:6:"@white";s:14:"dropdownBorder";s:14:"rgba(0,0,0,.2)";s:17:"dropdownLinkColor";s:5:"@gray";s:22:"dropdownLinkColorHover";s:4:"#fff";s:27:"dropdownLinkBackgroundHover";s:10:"@puzzColor";s:15:"dropdownDivider";s:19:"lighten(@gray, 25%)";s:12:"navbarHeight";s:4:"51px";s:16:"navbarBackground";s:23:"lighten(@puzzColor, 5%)";s:25:"navbarBackgroundHighlight";s:24:"lighten(@puzzColor, 10%)";s:10:"navbarText";s:24:"lighten(@puzzColor, 50%)";s:15:"navbarLinkColor";s:24:"lighten(@puzzColor, 60%)";s:20:"navbarLinkColorHover";s:4:"#fff";s:12:"navtxtshadow";s:4:"none";s:22:"navbarSearchBackground";s:31:"lighten(@navbarBackground, 15%)";}}s:12:"custom_theme";a:1:{s:7:"skyblue";a:39:{s:10:"themecolor";s:7:"#46bfc4";s:11:"bordercolor";s:4:"#DDD";s:9:"smallFont";s:4:"13px";s:10:"mediumFont";s:4:"14px";s:9:"largeFont";s:4:"15px";s:4:"gray";s:4:"#999";s:4:"blue";s:7:"#049cdb";s:5:"green";s:7:"#46a546";s:3:"red";s:7:"#9d261d";s:6:"yellow";s:7:"#ffc40d";s:6:"orange";s:7:"#f89406";s:4:"pink";s:7:"#c3325f";s:6:"purple";s:7:"#7a43b6";s:9:"puzzColor";s:7:"#46bfc4";s:14:"bodyBackground";s:4:"#fff";s:9:"textColor";s:9:"@grayDark";s:9:"linkColor";s:10:"@puzzColor";s:15:"contentBackPath";s:24:"@{imagePath}/bgnoise.gif";s:17:"contentBackGround";s:45:"#F0F0F0 url(@{contentBackPath}) repeat -70% 0";s:22:"contentInnerBackGround";s:46:"url(@{imagePath}/big-fade.png) repeat-x -70% 0";s:14:"boldFontFamily";s:23:"''Open Sans'', sans-serif";s:14:"baseFontFamily";s:23:"''Open Sans'', sans-serif";s:14:"baseLineHeight";s:4:"18px";s:15:"inputBackground";s:4:"#fff";s:11:"inputBorder";s:4:"#ccc";s:18:"dropdownBackground";s:6:"@white";s:14:"dropdownBorder";s:14:"rgba(0,0,0,.1)";s:17:"dropdownLinkColor";s:5:"@gray";s:22:"dropdownLinkColorHover";s:4:"#fff";s:27:"dropdownLinkBackgroundHover";s:10:"@puzzColor";s:15:"dropdownDivider";s:19:"lighten(@gray, 25%)";s:12:"navbarHeight";s:4:"51px";s:16:"navbarBackground";s:22:"darken(@puzzColor, 0%)";s:25:"navbarBackgroundHighlight";s:22:"darken(@puzzColor, 0%)";s:10:"navbarText";s:23:"lighten(@puzzColor, 0%)";s:15:"navbarLinkColor";s:24:"lighten(@puzzColor, 60%)";s:20:"navbarLinkColorHover";s:4:"#fff";s:12:"navtxtshadow";s:24:"0 -1px 0 rgba(0,0,0,.25)";s:22:"navbarSearchBackground";s:4:"#fff";}}}'),
(2, 'credit_name', 'a:4:{s:7:"credits";s:6:"Credits";s:13:"ext_credits_1";s:6:"Repute";s:13:"ext_credits_2";s:6:"Strength";s:13:"ext_credits_3";s:6:"Passion";}'),
(3, 'global_setting', 'a:5:{s:10:"siteclosed";b:0;s:7:"vendors";a:6:{s:6:"taobao";a:6:{s:5:"param";s:6:"Taobao";s:4:"open";b:0;s:6:"appkey";s:0:"";s:9:"appsecret";s:0:"";s:8:"callback";s:0:"";s:3:"pid";s:0:"";}s:4:"sina";a:6:{s:5:"param";s:4:"Sina";s:4:"open";b:0;s:6:"appkey";s:0:"";s:9:"appsecret";s:0:"";s:8:"callback";s:0:"";s:3:"pid";s:0:"";}s:6:"renren";a:6:{s:5:"param";s:6:"Renren";s:4:"open";b:0;s:6:"appkey";s:0:"";s:9:"appsecret";s:0:"";s:8:"callback";s:0:"";s:3:"pid";s:0:"";}s:2:"qq";a:6:{s:5:"param";s:2:"QQ";s:4:"open";b:0;s:6:"appkey";s:0:"";s:9:"appsecret";s:0:"";s:8:"callback";s:0:"";s:3:"pid";s:0:"";}s:8:"facebook";a:6:{s:5:"param";s:8:"Facebook";s:4:"open";b:0;s:6:"appkey";s:0:"";s:9:"appsecret";s:0:"";s:8:"callback";s:0:"";s:3:"pid";s:0:"";}s:7:"twitter";a:6:{s:5:"param";s:7:"Twitter";s:4:"open";b:0;s:6:"appkey";s:0:"";s:9:"appsecret";s:0:"";s:8:"callback";s:0:"";s:3:"pid";s:0:"";}}s:13:"vcode_setting";a:2:{s:5:"login";b:1;s:8:"register";b:1;}s:5:"style";s:7:"puzzing";s:5:"color";s:7:"default";}'),
(4, 'upload', 'a:13:{s:17:"allow_upload_size";s:7:"2048000";s:17:"allow_upload_type";s:15:"jpg|gif|png|zip";s:19:"upload_image_size_w";s:4:"4028";s:19:"upload_image_size_h";s:4:"4028";s:18:"fetch_image_size_w";s:2:"50";s:18:"fetch_image_size_h";s:2:"50";s:13:"allow_max_num";s:2:"10";s:21:"allow_upload_type_swf";s:24:"*.jpg;*.gif;*.png;*.zip;";s:26:"allow_upload_type_swf_desc";s:44:"JPG Files; GIF Files; PNG Files; ZIP Files; ";s:8:"wftwidth";s:3:"220";s:10:"largewidth";s:3:"600";s:11:"squarewidth";s:3:"200";s:13:"delete_source";s:1:"0";}'),
(5, 'vcode_setting', 'a:2:{s:8:"register";s:1:"1";s:5:"login";s:1:"1";}'),
(6, 'share', 'a:11:{s:6:"verify";s:1:"0";s:6:"tagnum";s:1:"1";s:15:"domainwhitelist";s:4:"test";s:13:"title_range_s";s:1:"1";s:13:"title_range_l";s:3:"300";s:15:"content_range_s";s:1:"1";s:15:"content_range_l";s:2:"50";s:15:"comment_range_s";s:1:"5";s:15:"comment_range_l";s:3:"100";s:13:"album_range_s";s:1:"1";s:13:"album_range_l";s:2:"50";}'),
(7, 'global', 'a:29:{s:9:"site_name";s:19:"Yolove it Singapore";s:11:"site_domain";s:25:"Http://www.pinkals.com/sg";s:10:"site_beian";s:0:"";s:10:"siteclosed";s:1:"0";s:17:"site_analyze_code";s:0:"";s:5:"price";s:1:"1";s:9:"priceunit";s:2:"S$";s:13:"priceunitname";s:16:"singapore dollar";s:15:"uidefault_login";s:1:"0";s:7:"counter";a:1:{i:0;s:5:"click";}s:10:"store_open";s:1:"1";s:9:"star_open";s:1:"0";s:13:"existedstyles";a:2:{s:12:"custom_theme";a:2:{s:7:"skyblue";i:1;s:7:"default";i:1;}s:7:"puzzing";a:7:{s:3:"red";i:1;s:5:"white";i:1;s:4:"blue";i:1;s:6:"orange";i:1;s:4:"gray";i:1;s:4:"pink";i:1;s:7:"default";i:1;}}s:5:"style";s:12:"custom_theme";s:5:"color";s:7:"skyblue";s:6:"colors";a:8:{s:3:"red";a:39:{s:10:"themecolor";s:7:"#9d261d";s:11:"bordercolor";s:4:"#DDD";s:9:"smallFont";s:4:"13px";s:10:"mediumFont";s:4:"14px";s:9:"largeFont";s:4:"15px";s:4:"gray";s:4:"#999";s:4:"blue";s:7:"#049cdb";s:5:"green";s:7:"#46a546";s:3:"red";s:7:"#9d261d";s:6:"yellow";s:7:"#ffc40d";s:6:"orange";s:7:"#f89406";s:4:"pink";s:7:"#c3325f";s:6:"purple";s:7:"#7a43b6";s:9:"puzzColor";s:7:"#9d261d";s:14:"bodyBackground";s:4:"#fff";s:9:"textColor";s:9:"@grayDark";s:9:"linkColor";s:7:"#9d261d";s:15:"contentBackPath";s:24:"@{imagePath}/bgnoise.gif";s:17:"contentBackGround";s:45:"#F0F0F0 url(@{contentBackPath}) repeat -70% 0";s:22:"contentInnerBackGround";s:46:"url(@{imagePath}/big-fade.png) repeat-x -70% 0";s:14:"boldFontFamily";s:17:"''Microsoft YaHei''";s:14:"baseFontFamily";s:71:"tahoma,''Helvetica Neue'', Arial, ''Liberation Sans'', FreeSans, sans-serif";s:14:"baseLineHeight";s:4:"18px";s:15:"inputBackground";s:4:"#fff";s:11:"inputBorder";s:4:"#ccc";s:18:"dropdownBackground";s:6:"@white";s:14:"dropdownBorder";s:14:"rgba(0,0,0,.1)";s:17:"dropdownLinkColor";s:5:"@gray";s:22:"dropdownLinkColorHover";s:4:"#fff";s:27:"dropdownLinkBackgroundHover";s:10:"@puzzColor";s:15:"dropdownDivider";s:19:"lighten(@gray, 20%)";s:12:"navbarHeight";s:4:"51px";s:16:"navbarBackground";s:16:"darken(@red, 5%)";s:25:"navbarBackgroundHighlight";s:17:"darken(@red, 15%)";s:10:"navbarText";s:6:"@white";s:15:"navbarLinkColor";s:6:"@white";s:20:"navbarLinkColorHover";s:4:"#fff";s:12:"navtxtshadow";s:24:"0 -1px 0 rgba(0,0,0,.25)";s:22:"navbarSearchBackground";s:31:"lighten(@navbarBackground, 25%)";}s:5:"white";a:39:{s:10:"themecolor";s:7:"#f5f5f5";s:11:"bordercolor";s:4:"#DDD";s:9:"smallFont";s:4:"13px";s:10:"mediumFont";s:4:"14px";s:9:"largeFont";s:4:"15px";s:4:"gray";s:4:"#999";s:4:"blue";s:7:"#049cdb";s:5:"green";s:7:"#46a546";s:3:"red";s:7:"#9d261d";s:6:"yellow";s:7:"#ffc40d";s:6:"orange";s:7:"#f89406";s:4:"pink";s:7:"#c3325f";s:6:"purple";s:7:"#7a43b6";s:9:"puzzColor";s:7:"#EA4C89";s:14:"bodyBackground";s:4:"#fff";s:9:"textColor";s:9:"@grayDark";s:9:"linkColor";s:7:"#EA4C89";s:15:"contentBackPath";s:24:"@{imagePath}/bgnoise.gif";s:17:"contentBackGround";s:45:"#F0F0F0 url(@{contentBackPath}) repeat -70% 0";s:22:"contentInnerBackGround";s:4:"none";s:14:"boldFontFamily";s:17:"''Microsoft YaHei''";s:14:"baseFontFamily";s:71:"tahoma,''Helvetica Neue'', Arial, ''Liberation Sans'', FreeSans, sans-serif";s:14:"baseLineHeight";s:4:"18px";s:15:"inputBackground";s:4:"#fff";s:11:"inputBorder";s:4:"#ccc";s:18:"dropdownBackground";s:4:"#fff";s:14:"dropdownBorder";s:14:"rgba(0,0,0,.2)";s:17:"dropdownLinkColor";s:5:"@gray";s:22:"dropdownLinkColorHover";s:4:"#fff";s:27:"dropdownLinkBackgroundHover";s:10:"@puzzColor";s:15:"dropdownDivider";s:19:"lighten(@gray, 20%)";s:12:"navbarHeight";s:4:"51px";s:16:"navbarBackground";s:6:"@white";s:25:"navbarBackgroundHighlight";s:6:"@white";s:10:"navbarText";s:9:"@grayDark";s:15:"navbarLinkColor";s:9:"@grayDark";s:20:"navbarLinkColorHover";s:10:"@puzzColor";s:12:"navtxtshadow";s:4:"none";s:22:"navbarSearchBackground";s:31:"lighten(@navbarBackground, 25%)";}s:4:"blue";a:39:{s:10:"themecolor";s:7:"#0899d9";s:11:"bordercolor";s:4:"#DDD";s:9:"smallFont";s:4:"13px";s:10:"mediumFont";s:4:"14px";s:9:"largeFont";s:4:"15px";s:4:"gray";s:4:"#999";s:4:"blue";s:7:"#0899d9";s:5:"green";s:7:"#46a546";s:3:"red";s:7:"#9d261d";s:6:"yellow";s:7:"#ffc40d";s:6:"orange";s:7:"#f89406";s:4:"pink";s:7:"#c3325f";s:6:"purple";s:7:"#7a43b6";s:9:"puzzColor";s:7:"#0899d9";s:14:"bodyBackground";s:4:"#fff";s:9:"textColor";s:5:"@gray";s:9:"linkColor";s:18:"darken(@blue, 10%)";s:15:"contentBackPath";s:24:"@{imagePath}/bgnoise.gif";s:17:"contentBackGround";s:45:"#F0F0F0 url(@{contentBackPath}) repeat -70% 0";s:22:"contentInnerBackGround";s:46:"url(@{imagePath}/big-fade.png) repeat-x -70% 0";s:14:"boldFontFamily";s:17:"''Microsoft YaHei''";s:14:"baseFontFamily";s:71:"tahoma,''Helvetica Neue'', Arial, ''Liberation Sans'', FreeSans, sans-serif";s:14:"baseLineHeight";s:4:"18px";s:15:"inputBackground";s:4:"#fff";s:11:"inputBorder";s:4:"#ccc";s:18:"dropdownBackground";s:6:"@white";s:14:"dropdownBorder";s:14:"rgba(0,0,0,.2)";s:17:"dropdownLinkColor";s:19:"lighten(@gray, 10%)";s:22:"dropdownLinkColorHover";s:4:"#fff";s:27:"dropdownLinkBackgroundHover";s:10:"@puzzColor";s:15:"dropdownDivider";s:19:"lighten(@gray, 20%)";s:12:"navbarHeight";s:4:"51px";s:16:"navbarBackground";s:18:"darken(@blue, 10%)";s:25:"navbarBackgroundHighlight";s:18:"darken(@blue, 15%)";s:10:"navbarText";s:19:"lighten(@blue, 50%)";s:15:"navbarLinkColor";s:19:"lighten(@blue, 50%)";s:20:"navbarLinkColorHover";s:4:"#fff";s:12:"navtxtshadow";s:24:"0 -1px 0 rgba(0,0,0,.25)";s:22:"navbarSearchBackground";s:31:"lighten(@navbarBackground, 25%)";}s:6:"orange";a:39:{s:10:"themecolor";s:7:"#f89406";s:11:"bordercolor";s:4:"#DDD";s:9:"smallFont";s:4:"13px";s:10:"mediumFont";s:4:"14px";s:9:"largeFont";s:4:"15px";s:4:"gray";s:4:"#999";s:4:"blue";s:7:"#049cdb";s:5:"green";s:7:"#46a546";s:3:"red";s:7:"#9d261d";s:6:"yellow";s:7:"#ffc40d";s:6:"orange";s:7:"#f89406";s:4:"pink";s:7:"#c3325f";s:6:"purple";s:7:"#7a43b6";s:9:"puzzColor";s:7:"#f89406";s:14:"bodyBackground";s:4:"#fff";s:9:"textColor";s:9:"@grayDark";s:9:"linkColor";s:7:"#f89406";s:15:"contentBackPath";s:24:"@{imagePath}/bgnoise.gif";s:17:"contentBackGround";s:45:"#F0F0F0 url(@{contentBackPath}) repeat -70% 0";s:22:"contentInnerBackGround";s:46:"url(@{imagePath}/big-fade.png) repeat-x -70% 0";s:14:"boldFontFamily";s:17:"''Microsoft YaHei''";s:14:"baseFontFamily";s:71:"tahoma,''Helvetica Neue'', Arial, ''Liberation Sans'', FreeSans, sans-serif";s:14:"baseLineHeight";s:4:"18px";s:15:"inputBackground";s:4:"#fff";s:11:"inputBorder";s:4:"#ccc";s:18:"dropdownBackground";s:6:"@white";s:14:"dropdownBorder";s:14:"rgba(0,0,0,.1)";s:17:"dropdownLinkColor";s:5:"@gray";s:22:"dropdownLinkColorHover";s:4:"#fff";s:27:"dropdownLinkBackgroundHover";s:10:"@puzzColor";s:15:"dropdownDivider";s:19:"lighten(@gray, 25%)";s:12:"navbarHeight";s:4:"51px";s:16:"navbarBackground";s:23:"darken(@puzzColor, 10%)";s:25:"navbarBackgroundHighlight";s:23:"darken(@puzzColor, 15%)";s:10:"navbarText";s:24:"lighten(@puzzColor, 50%)";s:15:"navbarLinkColor";s:24:"lighten(@puzzColor, 60%)";s:20:"navbarLinkColorHover";s:4:"#fff";s:12:"navtxtshadow";s:24:"0 -1px 0 rgba(0,0,0,.25)";s:22:"navbarSearchBackground";s:31:"lighten(@navbarBackground, 15%)";}s:4:"gray";a:39:{s:10:"themecolor";s:4:"#666";s:11:"bordercolor";s:4:"#DDD";s:9:"smallFont";s:4:"13px";s:10:"mediumFont";s:4:"14px";s:9:"largeFont";s:4:"15px";s:4:"gray";s:4:"#999";s:4:"blue";s:7:"#049cdb";s:5:"green";s:7:"#46a546";s:3:"red";s:7:"#9d261d";s:6:"yellow";s:7:"#ffc40d";s:6:"orange";s:7:"#f89406";s:4:"pink";s:7:"#c3325f";s:6:"purple";s:7:"#7a43b6";s:9:"puzzColor";s:4:"#999";s:14:"bodyBackground";s:4:"#fff";s:9:"textColor";s:9:"@grayDark";s:9:"linkColor";s:10:"@puzzColor";s:15:"contentBackPath";s:24:"@{imagePath}/bgnoise.gif";s:17:"contentBackGround";s:45:"#F0F0F0 url(@{contentBackPath}) repeat -70% 0";s:22:"contentInnerBackGround";s:46:"url(@{imagePath}/big-fade.png) repeat-x -70% 0";s:14:"boldFontFamily";s:17:"''Microsoft YaHei''";s:14:"baseFontFamily";s:71:"tahoma,''Helvetica Neue'', Arial, ''Liberation Sans'', FreeSans, sans-serif";s:14:"baseLineHeight";s:4:"18px";s:15:"inputBackground";s:4:"#fff";s:11:"inputBorder";s:4:"#ccc";s:18:"dropdownBackground";s:6:"@white";s:14:"dropdownBorder";s:14:"rgba(0,0,0,.2)";s:17:"dropdownLinkColor";s:5:"@gray";s:22:"dropdownLinkColorHover";s:4:"#fff";s:27:"dropdownLinkBackgroundHover";s:10:"@puzzColor";s:15:"dropdownDivider";s:19:"lighten(@gray, 25%)";s:12:"navbarHeight";s:4:"51px";s:16:"navbarBackground";s:23:"darken(@puzzColor, 15%)";s:25:"navbarBackgroundHighlight";s:23:"darken(@puzzColor, 20%)";s:10:"navbarText";s:24:"lighten(@puzzColor, 50%)";s:15:"navbarLinkColor";s:24:"lighten(@puzzColor, 60%)";s:20:"navbarLinkColorHover";s:4:"#fff";s:12:"navtxtshadow";s:24:"0 -1px 0 rgba(0,0,0,.25)";s:22:"navbarSearchBackground";s:31:"lighten(@navbarBackground, 15%)";}s:4:"pink";a:39:{s:10:"themecolor";s:7:"#ff72a0";s:11:"bordercolor";s:4:"#DDD";s:9:"smallFont";s:4:"13px";s:10:"mediumFont";s:4:"14px";s:9:"largeFont";s:4:"15px";s:4:"gray";s:4:"#999";s:4:"blue";s:7:"#049cdb";s:5:"green";s:7:"#46a546";s:3:"red";s:7:"#9d261d";s:6:"yellow";s:7:"#ffc40d";s:6:"orange";s:7:"#f89406";s:4:"pink";s:7:"#c3325f";s:6:"purple";s:7:"#7a43b6";s:9:"puzzColor";s:7:"#ff72a0";s:14:"bodyBackground";s:4:"#fff";s:9:"textColor";s:9:"@grayDark";s:9:"linkColor";s:10:"@puzzColor";s:15:"contentBackPath";s:24:"@{imagePath}/bgnoise.gif";s:17:"contentBackGround";s:45:"#F0F0F0 url(@{contentBackPath}) repeat -70% 0";s:22:"contentInnerBackGround";s:46:"url(@{imagePath}/big-fade.png) repeat-x -70% 0";s:14:"boldFontFamily";s:17:"''Microsoft YaHei''";s:14:"baseFontFamily";s:71:"tahoma,''Helvetica Neue'', Arial, ''Liberation Sans'', FreeSans, sans-serif";s:14:"baseLineHeight";s:4:"18px";s:15:"inputBackground";s:4:"#fff";s:11:"inputBorder";s:4:"#ccc";s:18:"dropdownBackground";s:6:"@white";s:14:"dropdownBorder";s:14:"rgba(0,0,0,.2)";s:17:"dropdownLinkColor";s:5:"@gray";s:22:"dropdownLinkColorHover";s:4:"#fff";s:27:"dropdownLinkBackgroundHover";s:10:"@puzzColor";s:15:"dropdownDivider";s:19:"lighten(@gray, 25%)";s:12:"navbarHeight";s:4:"51px";s:16:"navbarBackground";s:23:"lighten(@puzzColor, 5%)";s:25:"navbarBackgroundHighlight";s:24:"lighten(@puzzColor, 10%)";s:10:"navbarText";s:24:"lighten(@puzzColor, 50%)";s:15:"navbarLinkColor";s:24:"lighten(@puzzColor, 60%)";s:20:"navbarLinkColorHover";s:4:"#fff";s:12:"navtxtshadow";s:4:"none";s:22:"navbarSearchBackground";s:31:"lighten(@navbarBackground, 15%)";}s:7:"default";a:2:{s:4:"name";s:7:"default";s:10:"themecolor";s:4:"#000";}s:7:"skyblue";a:2:{s:4:"name";s:7:"skyblue";s:10:"themecolor";s:7:"#46bfc4";}}s:13:"show_coloridx";s:1:"1";s:16:"show_price_range";s:1:"1";s:19:"price_range_1_label";s:5:"  $  ";s:15:"price_range_1_s";s:1:"0";s:15:"price_range_1_l";s:2:"49";s:19:"price_range_2_label";s:4:" $$ ";s:15:"price_range_2_s";s:2:"50";s:15:"price_range_2_l";s:2:"99";s:19:"price_range_3_label";s:3:"$$$";s:15:"price_range_3_s";s:3:"100";s:15:"price_range_3_l";s:4:"2000";s:10:"site_email";s:0:"";s:11:"site_banner";s:37:"uploads/attachments/banner/banner.png";}'),
(8, 'layoutpin', 'a:12:{s:16:"uipin_numperpage";s:2:"20";s:16:"uipin_numcomment";s:1:"0";s:17:"uipin_columnwidth";s:3:"235";s:14:"uipin_animated";s:1:"1";s:9:"uipin_ads";s:1:"0";s:17:"uipin_showforward";s:1:"1";s:10:"uipin_auto";s:1:"1";s:11:"uipin_multi";s:1:"0";s:17:"uipin_showarticle";s:1:"0";s:12:"uipin_layout";s:10:"ls_article";s:14:"uipin_timesort";s:11:"create_time";s:20:"uipin_numbershowpage";s:1:"0";}'),
(9, 'layouthome', 'a:9:{s:25:"uihome_hotshare_cachetime";s:1:"7";s:12:"uihome_album";s:1:"0";s:11:"uihome_user";s:1:"1";s:10:"uihome_ads";s:1:"0";s:17:"uihome_albumorder";s:6:"shares";s:15:"uihome_category";s:1:"1";s:16:"uihome_album_num";s:1:"4";s:21:"uihome_album_sharenum";s:1:"1";s:15:"uihome_user_num";s:1:"4";}'),
(10, 'layoutalbum', 'a:6:{s:18:"uialbum_numperpage";s:2:"20";s:14:"uialbum_minnum";s:1:"1";s:14:"uialbum_layout";s:1:"4";s:16:"uialbum_animated";s:1:"1";s:12:"uialbum_auto";s:1:"1";s:22:"uialbum_numbershowpage";s:1:"0";}'),
(11, 'layoutdetail', 'a:7:{s:14:"uidetail_album";s:1:"1";s:17:"uidetail_samefrom";s:1:"1";s:19:"uidetail_recentview";s:1:"1";s:14:"uidetail_guess";s:1:"1";s:15:"uidetail_layout";s:4:"mini";s:12:"uidetail_ads";s:1:"0";s:24:"uidetail_comment_pagenum";s:1:"5";}'),
(14, 'register', 'a:2:{s:11:"verify_type";s:2:"no";s:9:"emailopen";s:1:"1";}'),
(12, 'colorindex', 'a:7:{s:3:"red";s:7:"#872119";s:6:"purple";s:7:"#d366a0";s:6:"yellow";s:7:"#dc9e46";s:4:"blue";s:7:"#28779c";s:5:"green";s:7:"#4d9315";s:5:"black";s:7:"#000000";s:4:"gray";s:7:"#cccccc";}'),
(13, 'vcode', 'a:2:{s:8:"register";s:1:"1";s:5:"login";s:1:"0";}'),
(15, 'credit', 'a:5:{s:14:"credit_formula";s:92:"total_followers + total_shares + total_likes + ext_credits_1 + ext_credits_2 + ext_credits_3";s:13:"ext_credits_1";s:14:"Fashion Repute";s:13:"ext_credits_2";s:16:"Fashion Strength";s:13:"ext_credits_3";s:15:"Fashion Passion";s:18:"credit_formula_exe";s:98:"$total_followers + $total_shares + $total_likes + $ext_credits_1 + $ext_credits_2 + $ext_credits_3";}'),
(16, 'email', 'a:7:{s:8:"protocol";s:4:"mail";s:4:"from";s:14:"info@yolove.it";s:6:"sender";s:14:"Yolove.it Team";s:9:"smtp_host";s:1:"0";s:9:"smtp_user";s:0:"";s:9:"smtp_pass";s:0:"";s:9:"smtp_port";s:2:"25";}'),
(17, 'sharebutton', 'a:4:{s:7:"twitter";a:6:{s:4:"name";s:7:"Twitter";s:4:"link";s:100:"https://twitter.com/intent/tweet?original_referer={url}&source=tweetbutton&text={sitename}&url={url}";s:12:"displayorder";b:0;s:5:"width";s:3:"505";s:6:"height";s:3:"634";s:4:"open";s:1:"1";}s:8:"facebook";a:6:{s:4:"name";s:8:"Facebook";s:4:"link";s:121:"http://www.facebook.com/sharer/sharer.php?s=100&p[url]={url}&p[images][0]={imgurl}&p[title]={sitename}&p[summary]={title}";s:12:"displayorder";b:0;s:5:"width";s:3:"550";s:6:"height";s:3:"750";s:4:"open";s:1:"1";}s:9:"pinterest";a:6:{s:4:"name";s:9:"Pinterest";s:4:"link";s:68:"http://www.pinterest.com/pin/create/button/?url={url}&media={imgurl}";s:12:"displayorder";b:0;s:5:"width";s:3:"550";s:6:"height";s:3:"750";s:4:"open";s:1:"1";}s:6:"google";a:6:{s:4:"name";s:8:"Google +";s:4:"link";s:39:"https://plus.google.com/share?url={url}";s:12:"displayorder";b:0;s:5:"width";s:3:"550";s:6:"height";s:3:"750";s:4:"open";s:1:"1";}}'),
(18, 'message', 'a:2:{s:19:"site_closed_heading";s:16:"Site maintenance";s:19:"site_closed_content";s:48:"Sorry, Site maintenance, Please come back later.";}'),
(19, 'pzglobal', 'a:13:{s:17:"cachetime_default";s:3:"500";s:19:"cachetime_homealbum";s:3:"500";s:18:"cachetime_homeuser";s:3:"500";s:21:"cachetime_footercount";s:3:"500";s:16:"pathinfo_support";s:1:"1";s:12:"rewrite_open";s:1:"0";s:9:"gzip_open";s:1:"1";s:11:"url_rewrite";s:1:"1";s:15:"compress_output";s:1:"1";s:8:"language";s:2:"en";s:14:"default_module";s:9:"pin/index";s:10:"timeoffset";s:2:"-8";s:11:"date_format";s:5:"Y-m-d";}'),
(20, 'optimizer', 'a:5:{s:17:"cachetime_default";s:3:"500";s:19:"cachetime_homealbum";s:3:"500";s:18:"cachetime_homeuser";s:3:"500";s:21:"cachetime_footercount";s:3:"500";s:11:"like_search";s:1:"1";}'),
(21, 'homeslide', 'a:0:{}'),
(22, 'ads', 'a:2:{s:10:"pinpage_ad";a:1:{i:0;a:6:{s:3:"key";i:1400086652;s:7:"ad_name";s:4:"Page";s:5:"width";s:3:"200";s:6:"height";s:3:"200";s:8:"position";s:10:"pinpage_ad";s:9:"ad_source";s:341:"<script async src="//pagead2.googlesyndication.com/pagead/js/adsbygoogle.js"></script>\n<!-- Pinkals -->\n<ins class="adsbygoogle"\n     style="display:inline-block;width:200px;height:200px"\n     data-ad-client="ca-pub-3691668397282190"\n     data-ad-slot="4822774483"></ins>\n<script>\n(adsbygoogle = window.adsbygoogle || []).push({});\n</script>";}}s:13:"detailpage_ad";a:1:{i:0;a:6:{s:3:"key";i:1400086641;s:7:"ad_name";s:21:"Detail Page - Sidebar";s:5:"width";s:3:"200";s:6:"height";s:3:"200";s:8:"position";s:13:"detailpage_ad";s:9:"ad_source";s:341:"<script async src="//pagead2.googlesyndication.com/pagead/js/adsbygoogle.js"></script>\n<!-- Pinkals -->\n<ins class="adsbygoogle"\n     style="display:inline-block;width:200px;height:200px"\n     data-ad-client="ca-pub-3691668397282190"\n     data-ad-slot="4822774483"></ins>\n<script>\n(adsbygoogle = window.adsbygoogle || []).push({});\n</script>";}}}'),
(38, 'modules', 'a:3:{s:3:"mmg";a:3:{s:4:"name";s:3:"mmg";s:7:"version";s:5:"0.0.1";s:5:"title";s:13:"Module Manage";}s:11:"cloudattach";a:4:{s:4:"name";s:11:"cloudattach";s:7:"version";s:5:"0.0.1";s:7:"console";b:1;s:5:"title";s:9:"Cloud CDN";}s:6:"mobile";a:4:{s:4:"name";s:6:"mobile";s:7:"version";s:5:"0.0.1";s:7:"console";b:1;s:5:"title";s:16:"Mobile interface";}}'),
(24, 'usertheme', 'a:8:{s:5:"cloud";a:3:{s:4:"name";s:5:"cloud";s:3:"css";s:29:"assets/themes/cloud/style.css";s:5:"thumb";s:28:"assets/themes/cloud/skin.png";}s:8:"greenway";a:3:{s:4:"name";s:8:"greenway";s:3:"css";s:32:"assets/themes/greenway/style.css";s:5:"thumb";s:31:"assets/themes/greenway/skin.png";}s:12:"happyforever";a:3:{s:4:"name";s:12:"happyforever";s:3:"css";s:36:"assets/themes/happyforever/style.css";s:5:"thumb";s:35:"assets/themes/happyforever/skin.png";}s:6:"icesea";a:3:{s:4:"name";s:6:"icesea";s:3:"css";s:30:"assets/themes/icesea/style.css";s:5:"thumb";s:29:"assets/themes/icesea/skin.png";}s:4:"lark";a:3:{s:4:"name";s:4:"lark";s:3:"css";s:28:"assets/themes/lark/style.css";s:5:"thumb";s:27:"assets/themes/lark/skin.png";}s:10:"outerspace";a:3:{s:4:"name";s:10:"outerspace";s:3:"css";s:34:"assets/themes/outerspace/style.css";s:5:"thumb";s:33:"assets/themes/outerspace/skin.png";}s:9:"rainnight";a:3:{s:4:"name";s:9:"rainnight";s:3:"css";s:33:"assets/themes/rainnight/style.css";s:5:"thumb";s:32:"assets/themes/rainnight/skin.png";}s:9:"starrysky";a:3:{s:4:"name";s:9:"starrysky";s:3:"css";s:33:"assets/themes/starrysky/style.css";s:5:"thumb";s:32:"assets/themes/starrysky/skin.png";}}'),
(25, 'seo-home', 'a:3:{s:9:"seo_title";s:35:"Yolove.it - Fashion Shopping Online";s:11:"seo_keyword";s:58:"Online fashion store,Online Boutique,Fashion trend,Fashion";s:15:"seo_description";s:90:"Better Shopping Experience for all girls. Yolove.it make your shopping easier and happier.";}'),
(26, 'seo-category', 'a:3:{s:9:"seo_title";s:35:"Yolove.it - Clothes Shopping Online";s:11:"seo_keyword";s:58:"Online fashion store,Online Boutique,Fashion trend,Fashion";s:15:"seo_description";s:71:"Yolove.it is an online fashion network tailored to your shopping style.";}'),
(27, 'seo-store', 'a:3:{s:9:"seo_title";s:44:"Yolove.it - Fashion Stores - Shopping Online";s:11:"seo_keyword";s:58:"Online fashion store,Online Boutique,Fashion trend,Fashion";s:15:"seo_description";s:50:"Browse the fashion stores for your online shopping";}'),
(28, 'socialapi', 'a:2:{s:8:"facebook";a:7:{s:3:"key";s:8:"facebook";s:4:"name";s:8:"Facebook";s:6:"appkey";s:15:"666655163422910";s:9:"appsecret";s:32:"db44b22b6a49ca105f63c02693fdfb46";s:8:"callback";s:51:"http://yolove.it/sg/social/callback/vendor/facebook";s:7:"unionid";s:0:"";s:4:"open";s:1:"1";}s:7:"twitter";a:7:{s:3:"key";s:7:"twitter";s:4:"name";s:7:"Twitter";s:6:"appkey";s:22:"fg4e2XjPOAV4BpVfZktUgA";s:9:"appsecret";s:43:"WhCTabQiqQXMTeVY8zhBDpkdX8kBbqLhNPvMTHgMcSI";s:8:"callback";s:50:"http://yolove.it/sg/social/callback/vendor/twitter";s:7:"unionid";s:0:"";s:4:"open";s:1:"1";}}'),
(29, 'taobaorule', 'a:14:{s:11:"start_price";i:1;s:9:"end_price";i:99999;s:9:"auto_send";s:3:"NAN";s:4:"area";s:3:"NAN";s:12:"start_credit";s:6:"1heart";s:10:"end_credit";s:6:"1heart";s:4:"sort";s:10:"price_desc";s:9:"guarantee";s:3:"NAN";s:20:"start_commissionRate";s:3:"NAN";s:18:"end_commissionRate";s:3:"NAN";s:19:"start_commissionNum";s:3:"NAN";s:17:"end_commissionNum";s:3:"NAN";s:14:"start_totalnum";s:3:"NAN";s:12:"end_totalnum";s:3:"NAN";}'),
(30, 'seo-star', 'a:3:{s:9:"seo_title";s:22:"Online Fashion Network";s:11:"seo_keyword";s:58:"Online fashion store,Online Boutique,Fashion trend,Fashion";s:15:"seo_description";s:71:"Yolove.it is an online fashion network tailored to your shopping style.";}'),
(31, 'seo-album', 'a:3:{s:9:"seo_title";s:23:"Yolove.it - Collection ";s:11:"seo_keyword";s:58:"Online fashion store,Online Boutique,Fashion trend,Fashion";s:15:"seo_description";s:83:"Yolove.it - Save and organise all your favourite fashion items in the way you like.";}'),
(32, 'seo-group', 'a:3:{s:9:"seo_title";s:22:"Online Fashion Network";s:11:"seo_keyword";s:58:"Online fashion store,Online Boutique,Fashion trend,Fashion";s:15:"seo_description";s:71:"Yolove.it is an online fashion network tailored to your shopping style.";}'),
(33, 'seo-topic', 'a:3:{s:9:"seo_title";s:22:"Online Fashion Network";s:11:"seo_keyword";s:58:"Online fashion store,Online Boutique,Fashion trend,Fashion";s:15:"seo_description";s:71:"Yolove.it is an online fashion network tailored to your shopping style.";}'),
(36, 'dzucenter', 'a:9:{s:7:"UC_OPEN";s:1:"0";s:6:"UC_API";s:4:"test";s:9:"UC_DBHOST";s:3:"sdf";s:9:"UC_DBNAME";s:3:"sdf";s:13:"UC_DBTABLEPRE";s:4:"fggf";s:9:"UC_DBUSER";s:5:"gfgfg";s:7:"UC_DBPW";s:8:"sdsgdsfg";s:8:"UC_APPID";s:5:"34534";s:6:"UC_KEY";s:15:"dfgdfsghdhghfgh";}'),
(37, 'dzforum', 'a:6:{s:4:"open";s:1:"0";s:8:"hostname";s:3:"sss";s:8:"username";s:4:"aaaa";s:8:"password";s:5:"fffff";s:8:"database";s:4:"dddd";s:8:"dbprefix";s:6:"sdfsdf";}'),
(39, 'mobile', 'a:5:{s:11:"thumb_width";s:4:"1024";s:12:"thumb_height";s:3:"768";s:7:"quality";s:3:"0.7";s:11:"showarticle";s:1:"0";s:10:"postverify";s:1:"0";}'),
(40, 'registeredEvents', 'a:5:{s:14:"afterpostshare";a:1:{i:0;s:11:"cloudattach";}s:12:"deleteAttach";a:1:{i:0;s:11:"cloudattach";}s:14:"aftereditshare";a:1:{i:0;s:11:"cloudattach";}s:14:"cropimagestart";a:1:{i:0;s:11:"cloudattach";}s:12:"cropimageend";a:1:{i:0;s:11:"cloudattach";}}'),
(41, 'cloudattach', 'b:0;');

-- --------------------------------------------------------

--
-- Table structure for table `share`
--

CREATE TABLE IF NOT EXISTS `share` (
  `id` int(11) NOT NULL AUTO_INCREMENT,
  `item_id` int(11) NOT NULL,
  `poster_id` int(11) NOT NULL,
  `poster_nickname` varchar(80) DEFAULT NULL,
  `original_id` int(11) DEFAULT NULL,
  `user_id` int(11) NOT NULL,
  `user_nickname` varchar(80) DEFAULT NULL,
  `total_comment` int(11) DEFAULT '0',
  `total_click` int(11) DEFAULT '0',
  `total_like` int(11) DEFAULT '0',
  `total_forwarding` int(11) DEFAULT '0',
  `create_time` int(10) NOT NULL,
  `comments` text,
  `category_id` int(11) NOT NULL,
  `album_id` int(11) DEFAULT '0',
  `channel` varchar(40) DEFAULT NULL,
  `store_id` int(11) DEFAULT '0',
  `ismixup` tinyint(1) NOT NULL DEFAULT '0',
  `isnew` tinyint(1) NOT NULL DEFAULT '0',
  `dtype` tinyint(4) DEFAULT '0',
  `lastcomment_time` int(10) DEFAULT '0',
  PRIMARY KEY (`id`),
  KEY `idx_item` (`item_id`),
  KEY `idx_poster_id` (`poster_id`),
  KEY `idx_original_id` (`original_id`),
  KEY `idx_user_id` (`user_id`),
  KEY `idx_create_time` (`create_time`),
  KEY `idx_total_comment` (`total_comment`),
  KEY `idx_total_like` (`total_like`),
  KEY `idx_dtype` (`dtype`),
  KEY `idx_total_forward` (`total_forwarding`),
  KEY `idx_category_id` (`category_id`),
  KEY `idx_album_id` (`album_id`)
) ENGINE=MyISAM  DEFAULT CHARSET=utf8 AUTO_INCREMENT=121 ;

--
-- Dumping data for table `share`
--

INSERT INTO `share` (`id`, `item_id`, `poster_id`, `poster_nickname`, `original_id`, `user_id`, `user_nickname`, `total_comment`, `total_click`, `total_like`, `total_forwarding`, `create_time`, `comments`, `category_id`, `album_id`, `channel`, `store_id`, `ismixup`, `isnew`, `dtype`, `lastcomment_time`) VALUES
(1, 1, 149, 'Karina', NULL, 149, 'Karina', 0, 0, 0, 0, 1435927319, NULL, 15, 1, NULL, 1, 0, 1, 0, 0),
(2, 2, 149, 'Karina', NULL, 149, 'Karina', 0, 0, 1, 0, 1435927451, NULL, 15, 2, NULL, 1, 1, 0, 0, 0),
(3, 3, 149, 'Karina', NULL, 149, 'Karina', 0, 0, 0, 0, 1435927502, NULL, 15, 1, NULL, 1, 0, 0, 0, 0),
(4, 4, 149, 'Karina', NULL, 149, 'Karina', 0, 0, 0, 0, 1435927657, NULL, 17, 3, NULL, 1, 0, 0, 0, 0),
(5, 5, 149, 'Karina', NULL, 149, 'Karina', 0, 0, 0, 0, 1435927738, NULL, 15, 2, NULL, 1, 0, 0, 0, 0),
(6, 6, 149, 'Karina', NULL, 149, 'Karina', 0, 0, 0, 0, 1435927895, NULL, 18, 4, NULL, 1, 0, 0, 0, 0),
(7, 7, 149, 'Karina', NULL, 149, 'Karina', 0, 0, 0, 0, 1435928022, NULL, 18, 4, NULL, 1, 0, 0, 0, 0),
(8, 8, 149, 'Karina', NULL, 149, 'Karina', 0, 0, 0, 0, 1435928078, NULL, 18, 4, NULL, 1, 0, 0, 0, 0),
(9, 9, 149, 'Karina', NULL, 149, 'Karina', 0, 0, 0, 0, 1435928183, NULL, 15, 5, NULL, 1, 0, 0, 0, 0),
(10, 10, 149, 'Karina', NULL, 149, 'Karina', 0, 0, 0, 0, 1435928295, NULL, 15, 6, NULL, 1, 0, 0, 0, 0),
(11, 11, 149, 'Karina', NULL, 149, 'Karina', 0, 0, 0, 0, 1435928565, NULL, 25, 7, NULL, 2, 0, 0, 0, 0),
(12, 12, 149, 'Karina', NULL, 149, 'Karina', 0, 0, 0, 0, 1435928681, NULL, 17, 3, NULL, 2, 0, 0, 0, 0),
(13, 13, 149, 'Karina', NULL, 149, 'Karina', 0, 0, 0, 0, 1435928727, NULL, 17, 3, NULL, 2, 0, 0, 0, 0),
(14, 14, 149, 'Karina', NULL, 149, 'Karina', 0, 0, 0, 0, 1435928776, NULL, 17, 3, NULL, 2, 0, 0, 0, 0),
(15, 15, 149, 'Karina', NULL, 149, 'Karina', 0, 0, 0, 0, 1435928836, NULL, 15, 1, NULL, 2, 0, 0, 0, 0),
(16, 16, 149, 'Karina', NULL, 149, 'Karina', 0, 0, 0, 0, 1435928895, NULL, 15, 1, NULL, 2, 0, 0, 0, 0),
(17, 17, 149, 'Karina', NULL, 149, 'Karina', 0, 0, 0, 0, 1435928978, NULL, 15, 8, NULL, 2, 0, 0, 0, 0),
(18, 18, 149, 'Karina', NULL, 149, 'Karina', 0, 0, 0, 0, 1435929047, NULL, 17, 3, NULL, 2, 0, 0, 0, 0),
(19, 19, 149, 'Karina', NULL, 149, 'Karina', 0, 0, 0, 0, 1435929115, NULL, 17, 3, NULL, 2, 0, 0, 0, 0),
(20, 20, 149, 'Karina', NULL, 149, 'Karina', 0, 0, 0, 0, 1435929293, NULL, 15, 9, NULL, 2, 0, 0, 0, 0),
(21, 21, 149, 'Karina', NULL, 149, 'Karina', 0, 0, 0, 0, 1435929587, NULL, 15, 6, NULL, 3, 0, 0, 0, 0),
(22, 22, 149, 'Karina', NULL, 149, 'Karina', 0, 0, 0, 0, 1435929665, NULL, 15, 6, NULL, 3, 0, 0, 0, 0),
(23, 23, 149, 'Karina', NULL, 149, 'Karina', 0, 0, 0, 0, 1435929733, NULL, 17, 10, NULL, 3, 0, 0, 0, 0),
(24, 24, 149, 'Karina', NULL, 149, 'Karina', 0, 0, 0, 0, 1435929823, NULL, 17, 3, NULL, 3, 0, 0, 0, 0),
(25, 25, 149, 'Karina', NULL, 149, 'Karina', 0, 0, 0, 0, 1435930022, NULL, 15, 6, NULL, 3, 0, 0, 0, 0),
(26, 26, 149, 'Karina', NULL, 149, 'Karina', 0, 0, 0, 0, 1435930122, NULL, 25, 7, NULL, 3, 0, 0, 0, 0),
(27, 27, 149, 'Karina', NULL, 149, 'Karina', 0, 0, 0, 0, 1435930254, NULL, 23, 11, NULL, 3, 0, 0, 0, 0),
(28, 28, 149, 'Karina', NULL, 149, 'Karina', 0, 0, 0, 0, 1435930342, NULL, 17, 3, NULL, 3, 0, 0, 0, 0),
(29, 29, 149, 'Karina', NULL, 149, 'Karina', 0, 0, 0, 0, 1435930400, NULL, 17, 3, NULL, 3, 0, 0, 0, 0),
(30, 30, 149, 'Karina', NULL, 149, 'Karina', 0, 0, 0, 0, 1436024222, NULL, 24, 12, NULL, 4, 0, 0, 0, 0),
(31, 31, 149, 'Karina', NULL, 149, 'Karina', 0, 0, 0, 0, 1436024304, NULL, 24, 12, NULL, 4, 0, 0, 0, 0),
(32, 32, 149, 'Karina', NULL, 149, 'Karina', 0, 0, 0, 0, 1436024363, NULL, 24, 12, NULL, 4, 0, 0, 0, 0),
(33, 33, 149, 'Karina', NULL, 149, 'Karina', 0, 0, 0, 0, 1436024434, NULL, 18, 13, NULL, 4, 0, 0, 0, 0),
(34, 34, 149, 'Karina', NULL, 149, 'Karina', 0, 0, 0, 0, 1436024495, NULL, 18, 13, NULL, 4, 0, 0, 0, 0),
(35, 35, 149, 'Karina', NULL, 149, 'Karina', 0, 0, 0, 0, 1436024580, NULL, 18, 13, NULL, 4, 0, 0, 0, 0),
(36, 36, 149, 'Karina', NULL, 149, 'Karina', 0, 0, 0, 0, 1436024634, NULL, 18, 13, NULL, 4, 0, 0, 0, 0),
(37, 37, 149, 'Karina', NULL, 149, 'Karina', 0, 0, 0, 0, 1436024721, NULL, 18, 13, NULL, 4, 0, 0, 0, 0),
(38, 38, 149, 'Karina', NULL, 149, 'Karina', 0, 0, 0, 0, 1436024798, NULL, 18, 13, NULL, 4, 0, 0, 0, 0),
(39, 39, 149, 'Karina', NULL, 149, 'Karina', 0, 0, 0, 0, 1436024983, NULL, 18, 4, NULL, 4, 0, 0, 0, 0),
(40, 40, 149, 'Karina', NULL, 149, 'Karina', 0, 0, 0, 0, 1436025062, NULL, 18, 4, NULL, 4, 0, 0, 0, 0),
(41, 41, 149, 'Karina', NULL, 149, 'Karina', 0, 0, 0, 0, 1436025131, NULL, 18, 4, NULL, 4, 0, 0, 0, 0),
(42, 42, 149, 'Karina', NULL, 149, 'Karina', 0, 0, 0, 0, 1436025198, NULL, 18, 4, NULL, 4, 0, 0, 0, 0),
(43, 43, 149, 'Karina', NULL, 149, 'Karina', 0, 0, 0, 0, 1436025661, NULL, 18, 4, NULL, 4, 0, 0, 0, 0),
(44, 44, 149, 'Karina', NULL, 149, 'Karina', 0, 0, 0, 0, 1436025763, NULL, 18, 4, NULL, 4, 0, 0, 0, 0),
(45, 45, 149, 'Karina', NULL, 149, 'Karina', 0, 0, 0, 0, 1436025844, NULL, 18, 4, NULL, 4, 0, 0, 0, 0),
(46, 46, 149, 'Karina', NULL, 149, 'Karina', 0, 0, 0, 0, 1436025893, NULL, 17, 3, NULL, 4, 0, 0, 0, 0),
(47, 47, 149, 'Karina', NULL, 149, 'Karina', 0, 0, 0, 0, 1436025994, NULL, 17, 3, NULL, 4, 0, 0, 0, 0),
(48, 48, 149, 'Karina', NULL, 149, 'Karina', 0, 0, 0, 0, 1436026075, NULL, 15, 2, NULL, 4, 0, 0, 0, 0),
(49, 49, 149, 'Karina', NULL, 149, 'Karina', 0, 0, 0, 0, 1436026171, NULL, 21, 14, NULL, 4, 0, 0, 0, 0),
(50, 50, 149, 'Karina', NULL, 149, 'Karina', 0, 0, 0, 0, 1436026661, NULL, 25, 7, NULL, 4, 0, 0, 0, 0),
(51, 51, 149, 'Karina', NULL, 149, 'Karina', 0, 0, 0, 0, 1436026744, NULL, 20, 15, NULL, 4, 0, 0, 0, 0),
(52, 52, 149, 'Karina', NULL, 149, 'Karina', 0, 0, 0, 0, 1436026848, NULL, 17, 16, NULL, 4, 0, 0, 0, 0),
(53, 53, 149, 'Karina', NULL, 149, 'Karina', 0, 0, 0, 0, 1436026932, NULL, 15, 2, NULL, 4, 0, 0, 0, 0),
(54, 54, 149, 'Karina', NULL, 149, 'Karina', 0, 0, 0, 0, 1436026997, NULL, 15, 2, NULL, 4, 0, 0, 0, 0),
(55, 55, 149, 'Karina', NULL, 149, 'Karina', 0, 0, 0, 0, 1436027080, NULL, 17, 16, NULL, 4, 0, 0, 0, 0),
(56, 56, 149, 'Karina', NULL, 149, 'Karina', 0, 0, 0, 0, 1436027131, NULL, 15, 2, NULL, 4, 0, 0, 0, 0),
(57, 57, 149, 'Karina', NULL, 149, 'Karina', 0, 0, 0, 0, 1436027175, NULL, 20, 15, NULL, 4, 0, 0, 0, 0),
(58, 58, 149, 'Karina', NULL, 149, 'Karina', 0, 0, 0, 0, 1436027848, NULL, 17, 3, NULL, 5, 0, 0, 0, 0),
(59, 59, 149, 'Karina', NULL, 149, 'Karina', 0, 0, 0, 0, 1436027952, NULL, 24, 12, NULL, 5, 0, 0, 0, 0),
(60, 60, 149, 'Karina', NULL, 149, 'Karina', 0, 0, 0, 0, 1436028003, NULL, 15, 2, NULL, 5, 0, 0, 0, 0),
(61, 61, 149, 'Karina', NULL, 149, 'Karina', 0, 0, 0, 0, 1436028045, NULL, 17, 1, NULL, 5, 0, 0, 0, 0),
(62, 62, 149, 'Karina', NULL, 149, 'Karina', 0, 0, 0, 0, 1436028133, NULL, 21, 17, NULL, 5, 0, 0, 0, 0),
(63, 63, 149, 'Karina', NULL, 149, 'Karina', 0, 0, 0, 0, 1436028186, NULL, 24, 12, NULL, 5, 0, 0, 0, 0),
(64, 64, 149, 'Karina', NULL, 149, 'Karina', 0, 0, 0, 0, 1436028226, NULL, 15, 2, NULL, 5, 0, 0, 0, 0),
(65, 65, 149, 'Karina', NULL, 149, 'Karina', 0, 0, 0, 0, 1436028272, NULL, 17, 3, NULL, 5, 0, 0, 0, 0),
(66, 66, 149, 'Karina', NULL, 149, 'Karina', 0, 0, 0, 0, 1436028329, NULL, 15, 2, NULL, 5, 0, 0, 0, 0),
(67, 67, 149, 'Karina', NULL, 149, 'Karina', 0, 0, 0, 0, 1436028371, NULL, 25, 7, NULL, 5, 0, 0, 0, 0),
(68, 68, 149, 'Karina', NULL, 149, 'Karina', 0, 0, 0, 0, 1436028427, NULL, 20, 15, NULL, 5, 0, 0, 0, 0),
(69, 69, 149, 'Karina', NULL, 149, 'Karina', 0, 0, 0, 0, 1436285436, NULL, 15, 5, NULL, 6, 0, 0, 0, 0),
(70, 70, 149, 'Karina', NULL, 149, 'Karina', 0, 0, 0, 0, 1436285479, NULL, 15, 5, NULL, 6, 0, 0, 0, 0),
(71, 71, 149, 'Karina', NULL, 149, 'Karina', 0, 0, 0, 0, 1436285535, NULL, 15, 5, NULL, 6, 0, 0, 0, 0),
(72, 72, 149, 'Karina', NULL, 149, 'Karina', 0, 0, 0, 0, 1436285612, NULL, 17, 3, NULL, 6, 0, 0, 0, 0),
(73, 73, 149, 'Karina', NULL, 149, 'Karina', 0, 0, 0, 0, 1436285693, NULL, 17, 3, NULL, 6, 0, 0, 0, 0),
(74, 74, 149, 'Karina', NULL, 149, 'Karina', 0, 0, 0, 0, 1436285876, NULL, 17, 3, NULL, 6, 0, 0, 0, 0),
(75, 75, 149, 'Karina', NULL, 149, 'Karina', 0, 0, 0, 0, 1436285953, NULL, 15, 2, NULL, 6, 0, 0, 0, 0),
(76, 76, 149, 'Karina', NULL, 149, 'Karina', 0, 0, 0, 0, 1436286048, NULL, 15, 2, NULL, 6, 0, 0, 0, 0),
(77, 77, 149, 'Karina', NULL, 149, 'Karina', 0, 0, 0, 0, 1436286093, NULL, 17, 3, NULL, 6, 0, 0, 0, 0),
(78, 78, 149, 'Karina', NULL, 149, 'Karina', 0, 0, 0, 0, 1436286145, NULL, 17, 16, NULL, 6, 0, 0, 0, 0),
(79, 79, 149, 'Karina', NULL, 149, 'Karina', 0, 0, 0, 0, 1436286228, NULL, 17, 16, NULL, 6, 0, 0, 0, 0),
(80, 80, 149, 'Karina', NULL, 149, 'Karina', 0, 0, 0, 0, 1436286333, NULL, 20, 17, NULL, 6, 0, 0, 0, 0),
(81, 81, 149, 'Karina', NULL, 149, 'Karina', 0, 0, 0, 0, 1436286527, NULL, 17, 3, NULL, 6, 0, 0, 0, 0),
(82, 82, 149, 'Karina', NULL, 149, 'Karina', 0, 0, 0, 0, 1436286569, NULL, 17, 3, NULL, 6, 0, 0, 0, 0),
(83, 83, 149, 'Karina', NULL, 149, 'Karina', 0, 0, 0, 0, 1436286784, NULL, 15, 2, NULL, 7, 0, 0, 0, 0),
(84, 84, 149, 'Karina', NULL, 149, 'Karina', 0, 0, 0, 0, 1436286848, NULL, 15, 2, NULL, 7, 0, 0, 0, 0),
(85, 85, 149, 'Karina', NULL, 149, 'Karina', 0, 0, 0, 0, 1436286931, NULL, 15, 2, NULL, 7, 0, 0, 0, 0),
(86, 86, 149, 'Karina', NULL, 149, 'Karina', 0, 0, 0, 0, 1436287098, NULL, 21, 18, NULL, 7, 0, 0, 0, 0),
(87, 87, 149, 'Karina', NULL, 149, 'Karina', 1, 0, 0, 0, 1436287358, NULL, 15, 2, NULL, 7, 0, 0, 0, 0),
(88, 88, 149, 'Karina', NULL, 149, 'Karina', 0, 0, 0, 0, 1436287847, NULL, 17, 3, NULL, 7, 0, 0, 0, 0),
(89, 89, 149, 'Karina', NULL, 149, 'Karina', 0, 0, 0, 0, 1436288004, NULL, 17, 3, NULL, 7, 0, 0, 0, 0),
(90, 90, 149, 'Karina', NULL, 149, 'Karina', 0, 0, 0, 0, 1436288095, NULL, 17, 5, NULL, 7, 0, 0, 0, 0),
(91, 91, 149, 'Karina', NULL, 149, 'Karina', 0, 0, 0, 0, 1436288186, NULL, 17, 3, NULL, 7, 0, 0, 0, 0),
(92, 92, 149, 'Karina', NULL, 149, 'Karina', 0, 0, 0, 0, 1436292769, NULL, 15, 2, NULL, 8, 0, 0, 0, 0),
(93, 93, 149, 'Karina', NULL, 149, 'Karina', 0, 0, 0, 0, 1436292830, NULL, 15, 2, NULL, 8, 0, 0, 0, 0),
(94, 94, 149, 'Karina', NULL, 149, 'Karina', 0, 0, 0, 0, 1436292896, NULL, 17, 3, NULL, 8, 0, 0, 0, 0),
(95, 95, 149, 'Karina', NULL, 149, 'Karina', 0, 0, 0, 0, 1436292963, NULL, 5, 3, NULL, 8, 0, 0, 0, 0),
(96, 96, 149, 'Karina', NULL, 149, 'Karina', 0, 0, 0, 0, 1436293040, NULL, 15, 5, NULL, 8, 0, 0, 0, 0),
(97, 97, 149, 'Karina', NULL, 149, 'Karina', 2, 0, 0, 0, 1436293095, NULL, 15, 5, NULL, 8, 0, 0, 0, 0),
(98, 98, 149, 'Karina', NULL, 149, 'Karina', 0, 0, 0, 0, 1436293152, NULL, 23, 11, NULL, 8, 0, 0, 0, 0),
(99, 99, 149, 'Karina', NULL, 149, 'Karina', 0, 0, 0, 0, 1436293224, NULL, 15, 2, NULL, 8, 0, 0, 0, 0),
(100, 100, 149, 'Karina', NULL, 149, 'Karina', 0, 0, 0, 0, 1436293329, NULL, 17, 3, NULL, 8, 0, 0, 0, 0),
(101, 101, 149, 'Karina', NULL, 149, 'Karina', 0, 0, 0, 0, 1436293493, NULL, 17, 3, NULL, 9, 0, 0, 0, 0),
(102, 102, 149, 'Karina', NULL, 149, 'Karina', 0, 0, 1, 0, 1436293600, NULL, 21, 21, NULL, 9, 0, 0, 0, 0),
(103, 103, 149, 'Karina', NULL, 149, 'Karina', 0, 0, 0, 0, 1436293671, NULL, 24, 12, NULL, 9, 0, 0, 0, 0),
(104, 104, 149, 'Karina', NULL, 149, 'Karina', 0, 0, 0, 0, 1436294563, NULL, 20, 15, NULL, 9, 0, 0, 0, 0),
(105, 105, 149, 'Karina', NULL, 149, 'Karina', 0, 0, 1, 0, 1436294642, NULL, 20, 15, NULL, 9, 0, 0, 0, 0),
(106, 106, 149, 'Karina', NULL, 149, 'Karina', 0, 0, 0, 0, 1436294696, NULL, 20, 15, NULL, 9, 0, 0, 0, 0),
(107, 107, 149, 'Karina', NULL, 149, 'Karina', 0, 0, 1, 0, 1436294764, NULL, 15, 2, NULL, 9, 0, 0, 0, 0),
(108, 108, 154, 'Ck.Cheng3', NULL, 154, 'Ck.Cheng3', 0, 0, 0, 0, 1436784477, NULL, 21, 22, NULL, 10, 0, 0, 0, 0),
(109, 109, 154, 'Ck.Cheng3', NULL, 154, 'Ck.Cheng3', 0, 0, 0, 0, 1436853185, NULL, 5, 23, NULL, 8, 0, 0, 0, 0),
(110, 110, 149, 'Karina', NULL, 149, 'Karina', 0, 0, 0, 0, 1437708994, NULL, 15, 6, NULL, 2, 0, 0, 0, 0),
(111, 111, 149, 'Karina', NULL, 149, 'Karina', 0, 0, 0, 0, 1437709248, NULL, 17, 1, NULL, 2, 0, 0, 0, 0),
(112, 112, 149, 'Karina', NULL, 149, 'Karina', 0, 0, 0, 0, 1437709435, NULL, 17, 3, NULL, 2, 0, 0, 0, 0),
(113, 113, 149, 'Karina', NULL, 149, 'Karina', 0, 0, 0, 0, 1437709496, NULL, 17, 3, NULL, 2, 0, 0, 0, 0),
(114, 114, 149, 'Karina', NULL, 149, 'Karina', 0, 0, 0, 0, 1437709574, NULL, 17, 3, NULL, 2, 0, 0, 0, 0),
(115, 115, 149, 'Karina', NULL, 149, 'Karina', 0, 0, 0, 0, 1437709798, NULL, 15, 9, NULL, 2, 0, 0, 0, 0),
(116, 116, 149, 'Karina', NULL, 149, 'Karina', 0, 0, 0, 0, 1437710210, NULL, 15, 5, NULL, 2, 0, 0, 0, 0),
(117, 117, 149, 'Karina', NULL, 149, 'Karina', 0, 0, 0, 0, 1437710911, NULL, 17, 3, NULL, 2, 0, 0, 0, 0),
(118, 118, 149, 'Karina', NULL, 149, 'Karina', 0, 0, 0, 0, 1437711150, NULL, 24, 12, NULL, 2, 0, 0, 0, 0),
(119, 119, 149, 'Karina', NULL, 149, 'Karina', 0, 0, 0, 0, 1437711470, NULL, 21, 19, NULL, 2, 0, 0, 0, 0),
(120, 120, 149, 'Karina', NULL, 149, 'Karina', 0, 0, 0, 0, 1437712505, NULL, 15, 20, NULL, 2, 0, 0, 0, 0);

-- --------------------------------------------------------

--
-- Table structure for table `shipping_info`
--

CREATE TABLE IF NOT EXISTS `shipping_info` (
  `id` int(11) NOT NULL AUTO_INCREMENT,
  `unique_token_id` varchar(100) NOT NULL,
  `product_cost` float NOT NULL,
  `user_id` int(11) NOT NULL,
  `payment_type` varchar(100) NOT NULL,
  `status` varchar(100) NOT NULL,
  `return_from_paypal` text NOT NULL,
  `shipping_cost` float NOT NULL,
  `total_cost` float NOT NULL,
  `shipping_address` text NOT NULL,
  `create_time` int(10) NOT NULL,
  `update_time` int(10) NOT NULL,
  PRIMARY KEY (`id`)
) ENGINE=InnoDB DEFAULT CHARSET=latin1 AUTO_INCREMENT=1 ;

-- --------------------------------------------------------

--
-- Table structure for table `shipping_product`
--

CREATE TABLE IF NOT EXISTS `shipping_product` (
  `id` int(11) NOT NULL AUTO_INCREMENT,
  `transaction_id` int(11) NOT NULL,
  `status` varchar(100) NOT NULL,
  `share_id` int(11) NOT NULL,
  `user_id` int(11) NOT NULL,
  `store_id` int(11) NOT NULL,
  `shipping_cost` float NOT NULL,
  `price` float NOT NULL,
  `quantity` int(11) NOT NULL,
  `size` varchar(10) NOT NULL,
  `color` varchar(50) NOT NULL,
  `create_time` int(10) NOT NULL,
  PRIMARY KEY (`id`)
) ENGINE=InnoDB DEFAULT CHARSET=latin1 AUTO_INCREMENT=1 ;

-- --------------------------------------------------------

--
-- Table structure for table `smile`
--

CREATE TABLE IF NOT EXISTS `smile` (
  `id` smallint(6) unsigned NOT NULL AUTO_INCREMENT,
  `typeid` smallint(6) unsigned NOT NULL DEFAULT '1',
  `displayorder` tinyint(1) NOT NULL DEFAULT '0',
  `code` varchar(30) NOT NULL DEFAULT '',
  `url` varchar(30) NOT NULL DEFAULT '',
  PRIMARY KEY (`id`),
  KEY `idx_displayorder` (`displayorder`)
) ENGINE=MyISAM  DEFAULT CHARSET=utf8 AUTO_INCREMENT=26 ;

--
-- Dumping data for table `smile`
--

INSERT INTO `smile` (`id`, `typeid`, `displayorder`, `code`, `url`) VALUES
(1, 1, 1, ':)', 'smile.gif'),
(2, 1, 2, ':(', 'sad.gif'),
(3, 1, 3, ':D', 'biggrin.gif'),
(4, 1, 4, ':cry:', 'cry.gif'),
(5, 1, 5, ':huf:', 'huffy.gif'),
(6, 1, 6, ':shock:', 'shocked.gif'),
(7, 1, 7, ':P', 'tongue.gif'),
(8, 1, 8, ':shy:', 'shy.gif'),
(9, 1, 9, ':P', 'titter.gif'),
(10, 1, 10, ':L', 'sweat.gif'),
(11, 1, 11, ':Q', 'mad.gif'),
(12, 1, 12, ':lol', 'lol.gif'),
(13, 1, 13, ':loveliness:', 'loveliness.gif'),
(14, 1, 14, ':funk:', 'funk.gif'),
(15, 1, 15, ':curse:', 'curse.gif'),
(16, 1, 16, ':dizzy:', 'dizzy.gif'),
(17, 1, 17, ':shutup:', 'shutup.gif'),
(18, 1, 18, ':sleepy:', 'sleepy.gif'),
(19, 1, 19, ':hug:', 'hug.gif'),
(20, 1, 20, ':victory:', 'victory.gif'),
(21, 1, 21, ':time:', 'time.gif'),
(22, 1, 22, ':kiss:', 'kiss.gif'),
(23, 1, 23, ':handshake', 'handshake.gif'),
(24, 1, 24, ':call:', 'call.gif');

-- --------------------------------------------------------

--
-- Table structure for table `staruser`
--

CREATE TABLE IF NOT EXISTS `staruser` (
  `id` int(11) NOT NULL AUTO_INCREMENT,
  `user_id` int(11) NOT NULL,
  `category_id` int(11) NOT NULL,
  `star_cover` text,
  `star_reason` text,
  `display_order` int(11) NOT NULL DEFAULT '100',
  `create_time` int(10) NOT NULL,
  PRIMARY KEY (`id`),
  KEY `idx_star_id` (`id`),
  KEY `idx_category_id` (`category_id`),
  KEY `idx_user_id` (`user_id`)
) ENGINE=MyISAM DEFAULT CHARSET=utf8 AUTO_INCREMENT=1 ;

-- --------------------------------------------------------

--
-- Table structure for table `store`
--

CREATE TABLE IF NOT EXISTS `store` (
  `id` int(11) NOT NULL AUTO_INCREMENT,
  `user_id` int(11) DEFAULT NULL,
  `poster_id` int(11) DEFAULT NULL,
  `poster_nickname` varchar(100) DEFAULT NULL,
  `category_id` int(11) NOT NULL,
  `store_name` varchar(100) DEFAULT NULL,
  `domain_name` varchar(100) DEFAULT NULL,
  `theme` varchar(45) DEFAULT NULL,
  `province` varchar(20) DEFAULT NULL,
  `city` varchar(20) DEFAULT NULL,
  `address` varchar(255) DEFAULT NULL,
  `country` varchar(50) NOT NULL,
  `phone` varchar(45) DEFAULT NULL,
  `phone2` varchar(45) DEFAULT NULL,
  `phone3` varchar(45) DEFAULT NULL,
  `recent_post` text,
  `store_desc` text,
  `total_like` int(11) DEFAULT '0',
  `total_review` int(11) DEFAULT '0',
  `total_visit` int(11) DEFAULT '0',
  `display_order` int(11) NOT NULL DEFAULT '100',
  `create_time` int(10) NOT NULL,
  `keyword` text,
  `keyword_search` text,
  `settings` text,
  `shipping_fee` float DEFAULT NULL,
  `zip_code` varchar(100) NOT NULL,
  `isregister` tinyint(1) NOT NULL DEFAULT '0',
  `isverified` tinyint(1) NOT NULL DEFAULT '0',
  `update_time` int(10) NOT NULL,
  PRIMARY KEY (`id`),
  KEY `idx_category_id` (`category_id`),
  KEY `idx_user_id` (`user_id`),
  FULLTEXT KEY `idx_keyword_search` (`keyword_search`)
) ENGINE=MyISAM  DEFAULT CHARSET=utf8 AUTO_INCREMENT=11 ;

--
-- Dumping data for table `store`
--

INSERT INTO `store` (`id`, `user_id`, `poster_id`, `poster_nickname`, `category_id`, `store_name`, `domain_name`, `theme`, `province`, `city`, `address`, `country`, `phone`, `phone2`, `phone3`, `recent_post`, `store_desc`, `total_like`, `total_review`, `total_visit`, `display_order`, `create_time`, `keyword`, `keyword_search`, `settings`, `shipping_fee`, `zip_code`, `isregister`, `isverified`, `update_time`) VALUES
(1, NULL, 149, 'Karina', 15, 'tracyeinny', 'www.tracyeinny.com.sg', NULL, NULL, NULL, NULL, '', NULL, NULL, NULL, NULL, NULL, 0, 0, 0, 100, 1435927319, NULL, NULL, NULL, NULL, '', 0, 0, 1435928295),
(2, NULL, 149, 'Karina', 25, 'flaunt', 'www.flaunt.cc', NULL, NULL, NULL, NULL, '', NULL, NULL, NULL, NULL, NULL, 0, 0, 0, 100, 1435928565, NULL, NULL, NULL, NULL, '', 0, 0, 1437712505),
(3, NULL, 149, 'Karina', 15, 'shopsupergurl', 'www.shopsupergurl.com', NULL, NULL, NULL, NULL, '', NULL, NULL, NULL, NULL, NULL, 0, 0, 0, 100, 1435929587, NULL, NULL, NULL, NULL, '', 0, 0, 1435930400),
(4, NULL, 149, 'Karina', 24, 'allurebella', 'www.allurebella.com', NULL, NULL, NULL, NULL, '', NULL, NULL, NULL, NULL, NULL, 0, 0, 0, 100, 1436024222, NULL, NULL, NULL, NULL, '', 0, 0, 1436027175),
(5, NULL, 149, 'Karina', 17, 'lovebonito', 'www.lovebonito.com', NULL, NULL, NULL, NULL, '', NULL, NULL, NULL, NULL, NULL, 0, 0, 0, 100, 1436027848, NULL, NULL, NULL, NULL, '', 0, 0, 1436028427),
(6, NULL, 149, 'Karina', 15, 'loveandbravery', 'www.loveandbravery.com', NULL, NULL, NULL, NULL, '', NULL, NULL, NULL, NULL, NULL, 0, 0, 0, 100, 1436285436, NULL, NULL, NULL, NULL, '', 0, 0, 1436286569),
(7, NULL, 149, 'Karina', 15, 'ponypockets', 'ponypockets.com', NULL, NULL, NULL, NULL, '', NULL, NULL, NULL, NULL, NULL, 0, 0, 0, 100, 1436286784, NULL, NULL, NULL, NULL, '', 0, 0, 1436288186),
(8, 6, 149, 'Karina', 15, 'mdscollections', 'www.mdscollections.com', NULL, 'iowa', 'des moines', '123,tryryrt street', 'Malaysia', '06-45454545', NULL, NULL, NULL, 'Fashion in your life', 0, 0, 0, 100, 1436292769, NULL, NULL, NULL, NULL, '551100', 1, 0, 1436853185),
(9, NULL, 149, 'Karina', 17, 'klarra', 'klarra.com', NULL, NULL, NULL, NULL, '', NULL, NULL, NULL, NULL, NULL, 0, 0, 0, 100, 1436293493, NULL, NULL, NULL, NULL, '', 0, 0, 1436294764),
(10, NULL, 154, 'Ck.Cheng3', 21, 'sg', 'sg.favechic.com', NULL, NULL, NULL, NULL, '', NULL, NULL, NULL, NULL, NULL, 0, 0, 0, 100, 1436784477, NULL, NULL, NULL, NULL, '', 0, 0, 1436784477);

-- --------------------------------------------------------

--
-- Table structure for table `tag`
--

CREATE TABLE IF NOT EXISTS `tag` (
  `id` int(11) NOT NULL AUTO_INCREMENT,
  `tag_name` varchar(255) NOT NULL,
  `share_id` text NOT NULL,
  `is_show` tinyint(1) NOT NULL DEFAULT '0',
  `create_time` int(10) NOT NULL,
  PRIMARY KEY (`id`)
) ENGINE=InnoDB DEFAULT CHARSET=latin1 AUTO_INCREMENT=1 ;

-- --------------------------------------------------------

--
-- Table structure for table `user`
--

CREATE TABLE IF NOT EXISTS `user` (
  `id` int(11) NOT NULL AUTO_INCREMENT,
  `uc_id` int(11) DEFAULT NULL,
  `email` varchar(80) NOT NULL,
  `passwd` varchar(100) NOT NULL,
  `nickname` varchar(80) NOT NULL,
  `uc_nickname` varchar(80) DEFAULT NULL,
  `domain` varchar(80) DEFAULT NULL,
  `gender` varchar(10) DEFAULT NULL,
  `province` varchar(20) DEFAULT NULL,
  `city` varchar(20) DEFAULT NULL,
  `location` varchar(20) DEFAULT NULL,
  `user_title` varchar(50) DEFAULT NULL,
  `bio` varchar(255) DEFAULT NULL,
  `create_time` int(10) NOT NULL,
  `total_follow` int(11) DEFAULT '0',
  `total_follower` int(11) DEFAULT '0',
  `total_share` int(11) DEFAULT '0',
  `total_album` int(11) DEFAULT '0',
  `total_like` int(11) DEFAULT '0',
  `total_favorite_share` int(11) DEFAULT '0',
  `total_favorite_album` int(11) DEFAULT '0',
  `lost_password_key` varchar(40) DEFAULT NULL,
  `lost_password_expire` int(11) DEFAULT NULL,
  `last_login_time` int(10) DEFAULT NULL,
  `credits` int(10) DEFAULT '0',
  `ext_credits_1` int(10) DEFAULT '0',
  `ext_credits_2` int(10) DEFAULT '0',
  `ext_credits_3` int(10) DEFAULT '0',
  `is_social` tinyint(4) DEFAULT '0',
  `is_star` tinyint(4) DEFAULT '0',
  `has_store` tinyint(4) DEFAULT '0',
  `is_deleted` tinyint(4) DEFAULT '0',
  `theme` varchar(50) DEFAULT NULL,
  `follow_you` tinyint(4) DEFAULT '1',
  `like_collection` tinyint(4) DEFAULT '1',
  `like_item` tinyint(4) DEFAULT '1',
  `mentions_you` tinyint(4) DEFAULT '1',
  `store_follow` tinyint(4) DEFAULT '1',
  `user_follow` tinyint(4) DEFAULT '1',
  `collection_follow` tinyint(4) DEFAULT '1',
  `user_credits` float NOT NULL,
  `access_key` varchar(255) NOT NULL,
  PRIMARY KEY (`id`),
  KEY `idx_login` (`email`,`passwd`),
  KEY `idx_nickname` (`nickname`),
  KEY `idx_lost_password_key` (`lost_password_key`),
  KEY `idx_domain` (`domain`),
  KEY `idx_email` (`email`)
) ENGINE=MyISAM  DEFAULT CHARSET=utf8 AUTO_INCREMENT=161 ;

--
-- Dumping data for table `user`
--

INSERT INTO `user` (`id`, `uc_id`, `email`, `passwd`, `nickname`, `uc_nickname`, `domain`, `gender`, `province`, `city`, `location`, `user_title`, `bio`, `create_time`, `total_follow`, `total_follower`, `total_share`, `total_album`, `total_like`, `total_favorite_share`, `total_favorite_album`, `lost_password_key`, `lost_password_expire`, `last_login_time`, `credits`, `ext_credits_1`, `ext_credits_2`, `ext_credits_3`, `is_social`, `is_star`, `has_store`, `is_deleted`, `theme`, `follow_you`, `like_collection`, `like_item`, `mentions_you`, `store_follow`, `user_follow`, `collection_follow`, `user_credits`, `access_key`) VALUES
(1, NULL, 'admin@pinkals.com', '81dc9bdb52d04dc20036dbd8313ed055', 'admin', NULL, NULL, NULL, NULL, NULL, NULL, NULL, NULL, 1373314324, 0, 0, 0, 0, 0, 0, 0, '5afb0b129dfaed3219187242143445bd', 1374579873, 1379996874, 23, 2, 2, 15, 0, 0, 1, 0, NULL, 1, 1, 1, 1, 1, 1, 1, 0, ''),
(5, NULL, 'symantha0325@gmail.com', 'a04f9c86b6eaed851b047e0974f381b0', 'smoon', NULL, '', 'female', 'Penang', '', '', '', '', 1377758685, 0, 0, 0, 0, 0, 0, 0, NULL, NULL, 1425351600, 208, 19, 22, 166, 0, 0, 0, 0, NULL, 1, 1, 1, 1, 1, 1, 1, 0, ''),
(6, NULL, 'ckhaimun@hotmail.com', 'ffa10eb02ca0d6f4648bc58aa01bb8d4', 'Khaimun.Chan', NULL, 'jenny', 'female', 'New York', 'New york City', '', 'Jenny', 'The most trendy women    ', 1377758697, 1, 0, 0, 0, 0, 3, 1, 'e6b7747a5a63f0b75b834fccfe12afce', 1400842337, 1422026754, 524, 55, 74, 376, 1, 1, 0, 0, NULL, 0, 0, 0, 0, 0, 0, 0, 0, ''),
(4, NULL, 'joonyeow@live.com', '639ab96495d7739f212181c1dfd4337f', 'Joon', NULL, NULL, NULL, NULL, NULL, NULL, NULL, NULL, 1377758570, 0, 0, 0, 0, 0, 0, 0, NULL, NULL, 1405501103, 165, 15, 11, 110, 0, 0, 0, 0, NULL, 1, 1, 1, 1, 1, 1, 1, 0, ''),
(8, NULL, 'joanne1@hotmail.com', 'e99a18c428cb38d5f260853678922e03', 'Naurisa', NULL, NULL, NULL, NULL, NULL, NULL, NULL, NULL, 1378200338, 0, 0, 0, 0, 0, 0, 0, NULL, NULL, NULL, 30, 10, 10, 10, 0, 0, 0, 0, NULL, 1, 1, 1, 1, 1, 1, 1, 0, ''),
(9, NULL, 'kute_mute@yahoo.com', 'e467eeac047e4596cff953be5609ca13', 'Zain', NULL, NULL, NULL, NULL, NULL, NULL, NULL, NULL, 1378723815, 0, 0, 0, 0, 0, 0, 0, NULL, NULL, 1379585168, 81, 10, 10, 56, 0, 0, 0, 0, NULL, 1, 1, 1, 1, 1, 1, 1, 0, ''),
(10, NULL, 'karchooncheng@gmail.com', '745184d14bbcb8cc285aefb3c3cf4563', 'Veronica', NULL, '', 'none', '', '', '', NULL, NULL, 1379063265, 0, 0, 0, 0, 0, 0, 0, NULL, NULL, 1435290558, 3684, 37, 129, 1908, 0, 0, 0, 0, NULL, 1, 1, 1, 1, 1, 1, 1, 0, ''),
(11, NULL, 'mebina@live.com', 'bc980cfc3b7d6dbba09205904c5e2789', 'SuperVA', NULL, NULL, NULL, NULL, NULL, NULL, NULL, NULL, 1379479197, 0, 0, 0, 0, 0, 0, 0, NULL, NULL, 1401186190, 44, 10, 10, 23, 0, 0, 0, 0, NULL, 1, 1, 1, 1, 1, 1, 1, 0, ''),
(12, NULL, 'ckhaimun@gmail.com', 'ffa10eb02ca0d6f4648bc58aa01bb8d4', 'angel', NULL, NULL, NULL, NULL, NULL, NULL, NULL, NULL, 1379480511, 0, 0, 0, 0, 0, 0, 0, NULL, NULL, 1395299716, 31, 10, 10, 11, 0, 0, 0, 0, NULL, 1, 1, 1, 1, 1, 1, 1, 0, ''),
(13, NULL, '86d9cf2af541186f16324f10ade618ff@puzzing.com', 'b8cd02eac73ad0e60310b19a2622c9ce', 'chengchoonket', NULL, NULL, 'male', NULL, NULL, '', NULL, NULL, 1379485744, 0, 0, 0, 0, 0, 0, 0, NULL, NULL, 1379747389, 36, 11, 10, 15, 1, 0, 0, 0, NULL, 1, 1, 1, 1, 1, 1, 1, 0, ''),
(14, NULL, 'symantha_chai@yahoo.com', 'a04f9c86b6eaed851b047e0974f381b0', 'Symantha ', NULL, NULL, NULL, NULL, NULL, NULL, NULL, NULL, 1379564014, 0, 0, 0, 0, 0, 0, 0, NULL, NULL, 1379646701, 106, 12, 10, 32, 0, 0, 0, 0, NULL, 1, 1, 1, 1, 1, 1, 1, 0, ''),
(15, NULL, '6fb3ddc6feee1ce9e74abf91da758194@puzzing.com', '23efd0f4c941105e7a51a23458b7aeee', 'jenny', NULL, NULL, 'none', NULL, NULL, '', NULL, '', 1379574053, 0, 0, 0, 0, 0, 0, 0, NULL, NULL, 1379646628, 39, 11, 12, 15, 1, 0, 0, 0, NULL, 1, 1, 1, 1, 1, 1, 1, 0, ''),
(16, NULL, 'jackie_chai95@hotmail.com', 'e10adc3949ba59abbe56e057f20f883e', 'Michiyo', NULL, NULL, NULL, NULL, NULL, NULL, NULL, NULL, 1379934087, 0, 0, 0, 0, 0, 0, 0, NULL, NULL, 1381443576, 228, 10, 10, 79, 0, 0, 0, 0, NULL, 1, 1, 1, 1, 1, 1, 1, 0, ''),
(17, NULL, 'crystal_hoong@hotmail.com', 'f25a2fc72690b780b2a14e140ef6a9e0', 'shine', NULL, NULL, NULL, NULL, NULL, NULL, NULL, NULL, 1379939339, 0, 0, 0, 0, 0, 0, 0, NULL, NULL, 1380133941, 139, 11, 10, 63, 0, 0, 0, 0, NULL, 1, 1, 1, 1, 1, 1, 1, 0, ''),
(18, NULL, 'pandayapps@gmail.com', '745184d14bbcb8cc285aefb3c3cf4563', 'natalie', NULL, NULL, NULL, NULL, NULL, NULL, NULL, NULL, 1380265677, 0, 0, 0, 0, 0, 0, 0, NULL, NULL, 1432707991, 1581, 34, 76, 1032, 0, 0, 0, 0, NULL, 1, 1, 1, 1, 1, 1, 1, 0, ''),
(19, NULL, 'b6cb773f83bc2565520f108fb5658537@puzzing.com', 'f93de327774ad96ede805dbd83f66b96', 'kumarskm2291', NULL, NULL, 'none', NULL, NULL, 'Karachi, Pakistan', NULL, 'Be happy... :)', 1380709430, 0, 0, 0, 0, 0, 0, 0, NULL, NULL, 1380709432, 31, 10, 10, 11, 1, 0, 0, 0, NULL, 1, 1, 1, 1, 1, 1, 1, 0, ''),
(20, NULL, 'chengchoonket@gmail.com', '745184d14bbcb8cc285aefb3c3cf4563', 'wendy', NULL, NULL, NULL, NULL, NULL, NULL, NULL, NULL, 1382513251, 0, 0, 0, 0, 0, 0, 0, '', 0, 1433320444, 1590, 27, 144, 1308, 0, 0, 0, 0, NULL, 1, 1, 1, 1, 1, 1, 1, 0, ''),
(21, NULL, 'snips_jamilla@hotmail.com', 'c31be0fdc26868544607a19bf517f871', 'jamilla.zubac.3', NULL, NULL, 'none', NULL, NULL, 'Mullumbimby, New Sou', NULL, NULL, 1382607056, 0, 0, 0, 0, 0, 0, 0, NULL, NULL, 1385632915, 35, 10, 10, 15, 1, 0, 0, 0, NULL, 1, 1, 1, 1, 1, 1, 1, 0, ''),
(22, NULL, 'princess_sahar2011@hotmail.com', '99323f4be57bb9c833613fd981a2c624', 'princess', NULL, NULL, NULL, NULL, NULL, NULL, NULL, NULL, 1382948658, 0, 0, 0, 0, 0, 0, 0, NULL, NULL, NULL, 32, 10, 10, 12, 0, 0, 0, 0, NULL, 1, 1, 1, 1, 1, 1, 1, 0, ''),
(23, NULL, 'zhanyaoshang@outlook.com', '0f0a470a6b2bbfb449efc7566ddcec26', 'Carina', NULL, NULL, NULL, NULL, NULL, NULL, NULL, NULL, 1382954369, 0, 0, 0, 0, 0, 0, 0, NULL, NULL, NULL, 32, 10, 10, 12, 0, 0, 0, 0, NULL, 1, 1, 1, 1, 1, 1, 1, 0, ''),
(27, NULL, 'walburgwalburgmum@u03.gmailmirror.com', '08b6255f8cebca22c8eca5741341619a', 'funkyhairimageser', NULL, NULL, NULL, NULL, NULL, NULL, NULL, NULL, 1393373237, 0, 0, 0, 0, 0, 0, 0, NULL, NULL, NULL, 30, 10, 10, 10, 0, 0, 0, 0, NULL, 1, 1, 1, 1, 1, 1, 1, 0, ''),
(26, NULL, 'javascripbuttonTets@u03.gmailmirror.com', '08b6255f8cebca22c8eca5741341619a', 'newiconimageRono', NULL, NULL, NULL, NULL, NULL, NULL, NULL, NULL, 1392474845, 0, 0, 0, 0, 0, 0, 0, NULL, NULL, NULL, 30, 10, 10, 10, 0, 0, 0, 0, NULL, 1, 1, 1, 1, 1, 1, 1, 0, ''),
(127, NULL, 'jjean@live.com.sg', '555c66f23d5af471b0dd3749461dc89f', 'jjean_ng', NULL, NULL, NULL, NULL, NULL, NULL, '0', '0', 1418974212, 0, 0, 0, 0, 0, 0, 0, NULL, NULL, 1423636760, 36, 11, 10, 14, 0, 0, 0, 0, NULL, 1, 1, 1, 1, 1, 1, 1, 0, ''),
(126, NULL, 'michaelbogn@outlook.com', '281bb1f423141a9727ddedd1b3247215', 'MichaelFup', NULL, NULL, NULL, NULL, NULL, NULL, NULL, NULL, 1418586791, 0, 0, 0, 0, 0, 0, 0, NULL, NULL, 1418788206, 31, 10, 10, 11, 0, 0, 0, 0, NULL, 1, 1, 1, 1, 1, 1, 1, 0, ''),
(113, NULL, 'symantha@pinkals.com', '0428814985718d413a6dc8fdd46886d8', 'Symantha.Chai', NULL, NULL, 'none', NULL, NULL, '', '0', '0', 1410322455, 0, 0, 0, 0, 0, 0, 0, NULL, NULL, NULL, 36, 11, 15, 10, 1, 0, 0, 0, NULL, 1, 1, 1, 1, 1, 1, 1, 0, ''),
(111, NULL, 'hasanmahedi291@gmail.com', 'e10adc3949ba59abbe56e057f20f883e', 'hasan', NULL, NULL, NULL, NULL, NULL, NULL, NULL, NULL, 1410153313, 0, 0, 0, 0, 0, 0, 0, NULL, NULL, 1410153496, 31, 10, 10, 11, 0, 0, 0, 0, NULL, 1, 1, 1, 1, 1, 1, 1, 0, ''),
(112, NULL, 'b6e2e73dec282b9615217be1ea070997@puzzing.com', '8805df630ea418365b0f8050ded4ab7d', 'nicolet', NULL, NULL, 'none', NULL, NULL, '', NULL, '', 1410157914, 1, 0, 0, 0, 0, 0, 0, NULL, NULL, NULL, 30, 10, 10, 10, 1, 0, 0, 0, NULL, 1, 1, 1, 1, 1, 1, 1, 0, ''),
(33, NULL, 'miragliaefx@hotmail.com', 'fbafaf06d26e011357d76476c7a6973b', 'NugAssist', NULL, NULL, NULL, NULL, NULL, NULL, NULL, NULL, 1395330432, 0, 0, 0, 0, 0, 0, 0, NULL, NULL, 1395443389, 32, 10, 10, 12, 0, 0, 0, 0, NULL, 1, 1, 1, 1, 1, 1, 1, 0, ''),
(34, NULL, 'maganseo357@hotmail.com', 'b4f5dfd621a840f10b51ce5024cf5529', 'tqfaxerr', NULL, NULL, NULL, NULL, NULL, NULL, NULL, NULL, 1395641956, 0, 0, 0, 0, 0, 0, 0, NULL, NULL, 1396697849, 42, 10, 10, 22, 0, 0, 0, 0, NULL, 1, 1, 1, 1, 1, 1, 1, 0, ''),
(35, NULL, 'agustinatyl535@hotmail.com', 'b4f5dfd621a840f10b51ce5024cf5529', 'nuimbesz', NULL, NULL, NULL, NULL, NULL, NULL, NULL, NULL, 1395642492, 0, 0, 0, 0, 0, 0, 0, NULL, NULL, 1396679335, 40, 10, 10, 20, 0, 0, 0, 0, NULL, 1, 1, 1, 1, 1, 1, 1, 0, ''),
(36, NULL, 'jestinewuy865@hotmail.com', 'b4f5dfd621a840f10b51ce5024cf5529', 'fypelsyq', NULL, NULL, NULL, NULL, NULL, NULL, NULL, NULL, 1395659423, 0, 0, 0, 0, 0, 0, 0, NULL, NULL, 1396688692, 42, 10, 10, 22, 0, 0, 0, 0, NULL, 1, 1, 1, 1, 1, 1, 1, 0, ''),
(37, NULL, 'shantellxpm428@hotmail.com', 'b4f5dfd621a840f10b51ce5024cf5529', 'yzsxwkqk', NULL, NULL, NULL, NULL, NULL, NULL, NULL, NULL, 1395668825, 0, 0, 0, 0, 0, 0, 0, NULL, NULL, 1396645780, 40, 10, 10, 20, 0, 0, 0, 0, NULL, 1, 1, 1, 1, 1, 1, 1, 0, ''),
(38, NULL, 'carlotagxm106@hotmail.com', 'b4f5dfd621a840f10b51ce5024cf5529', 'uzkrwagt', NULL, NULL, NULL, NULL, NULL, NULL, NULL, NULL, 1395669900, 0, 0, 0, 0, 0, 0, 0, NULL, NULL, 1396696292, 39, 10, 10, 19, 0, 0, 0, 0, NULL, 1, 1, 1, 1, 1, 1, 1, 0, ''),
(39, NULL, 'glennalxj321@hotmail.com', 'b4f5dfd621a840f10b51ce5024cf5529', 'fnnwyjff', NULL, NULL, NULL, NULL, NULL, NULL, NULL, NULL, 1395670167, 0, 0, 0, 0, 0, 0, 0, NULL, NULL, NULL, 30, 10, 10, 10, 0, 0, 0, 0, NULL, 1, 1, 1, 1, 1, 1, 1, 0, ''),
(40, NULL, 'pageysnrexmegwe91@hotmail.com', 'b4f5dfd621a840f10b51ce5024cf5529', 'qzdmkkwl', NULL, NULL, NULL, NULL, NULL, NULL, NULL, NULL, 1395670911, 0, 0, 0, 0, 0, 0, 0, NULL, NULL, 1396708834, 42, 10, 10, 22, 0, 0, 0, 0, NULL, 1, 1, 1, 1, 1, 1, 1, 0, ''),
(41, NULL, 'rickieiex325@hotmail.com', 'b4f5dfd621a840f10b51ce5024cf5529', 'isrqxayw', NULL, NULL, NULL, NULL, NULL, NULL, NULL, NULL, 1395676605, 0, 0, 0, 0, 0, 0, 0, NULL, NULL, 1396835981, 34, 10, 10, 14, 0, 0, 0, 0, NULL, 1, 1, 1, 1, 1, 1, 1, 0, ''),
(42, NULL, 'mirianmxn724@hotmail.com', 'b4f5dfd621a840f10b51ce5024cf5529', 'luagcprm', NULL, NULL, NULL, NULL, NULL, NULL, NULL, NULL, 1395681824, 0, 0, 0, 0, 0, 0, 0, NULL, NULL, NULL, 30, 10, 10, 10, 0, 0, 0, 0, NULL, 1, 1, 1, 1, 1, 1, 1, 0, ''),
(43, NULL, 'libertypcl312@hotmail.com', 'b4f5dfd621a840f10b51ce5024cf5529', 'rlbevjse', NULL, NULL, NULL, NULL, NULL, NULL, NULL, NULL, 1395684499, 0, 0, 0, 0, 0, 0, 0, NULL, NULL, NULL, 30, 10, 10, 10, 0, 0, 0, 0, NULL, 1, 1, 1, 1, 1, 1, 1, 0, ''),
(44, NULL, 'tanjatvr249@hotmail.com', 'b4f5dfd621a840f10b51ce5024cf5529', 'sonxzoli', NULL, NULL, NULL, NULL, NULL, NULL, NULL, NULL, 1395686408, 0, 0, 0, 0, 0, 0, 0, NULL, NULL, 1396688348, 42, 10, 10, 22, 0, 0, 0, 0, NULL, 1, 1, 1, 1, 1, 1, 1, 0, ''),
(45, NULL, 'chungqog937@hotmail.com', 'b4f5dfd621a840f10b51ce5024cf5529', 'fxvbzpsc', NULL, NULL, NULL, NULL, NULL, NULL, NULL, NULL, 1395697638, 0, 0, 0, 0, 0, 0, 0, NULL, NULL, 1397178022, 45, 10, 10, 25, 0, 0, 0, 0, NULL, 1, 1, 1, 1, 1, 1, 1, 0, ''),
(46, NULL, 'stellatuy518@hotmail.com', 'b4f5dfd621a840f10b51ce5024cf5529', 'iyhdogfh', NULL, NULL, NULL, NULL, NULL, NULL, NULL, NULL, 1395699629, 0, 0, 0, 0, 0, 0, 0, NULL, NULL, NULL, 30, 10, 10, 10, 0, 0, 0, 0, NULL, 1, 1, 1, 1, 1, 1, 1, 0, ''),
(47, NULL, 'penneykdh167@hotmail.com', 'b4f5dfd621a840f10b51ce5024cf5529', 'hzgsjnqo', NULL, NULL, NULL, NULL, NULL, NULL, NULL, NULL, 1395705615, 0, 0, 0, 0, 0, 0, 0, NULL, NULL, 1396711432, 42, 10, 10, 22, 0, 0, 0, 0, NULL, 1, 1, 1, 1, 1, 1, 1, 0, ''),
(48, NULL, 'twannaome767@hotmail.com', 'b4f5dfd621a840f10b51ce5024cf5529', 'hudiscib', NULL, NULL, NULL, NULL, NULL, NULL, NULL, NULL, 1395891782, 0, 0, 0, 0, 0, 0, 0, NULL, NULL, NULL, 30, 10, 10, 10, 0, 0, 0, 0, NULL, 1, 1, 1, 1, 1, 1, 1, 0, ''),
(49, NULL, 'ladyitw295@hotmail.com', 'b4f5dfd621a840f10b51ce5024cf5529', 'srpubtod', NULL, NULL, NULL, NULL, NULL, NULL, NULL, NULL, 1395905404, 0, 0, 0, 0, 0, 0, 0, NULL, NULL, NULL, 30, 10, 10, 10, 0, 0, 0, 0, NULL, 1, 1, 1, 1, 1, 1, 1, 0, ''),
(50, NULL, 'raelenebluvixmtin35@hotmail.com', 'b4f5dfd621a840f10b51ce5024cf5529', 'uprzznre', NULL, NULL, NULL, NULL, NULL, NULL, NULL, NULL, 1395949530, 0, 0, 0, 0, 0, 0, 0, NULL, NULL, NULL, 30, 10, 10, 10, 0, 0, 0, 0, NULL, 1, 1, 1, 1, 1, 1, 1, 0, ''),
(51, NULL, 'sharondaofmib90@hotmail.com', 'b4f5dfd621a840f10b51ce5024cf5529', 'gwevbqwg', NULL, NULL, NULL, NULL, NULL, NULL, NULL, NULL, 1396382868, 0, 0, 0, 0, 0, 0, 0, NULL, NULL, NULL, 30, 10, 10, 10, 0, 0, 0, 0, NULL, 1, 1, 1, 1, 1, 1, 1, 0, ''),
(52, NULL, 'andriakdbnhgiohr65@hotmail.com', 'b4f5dfd621a840f10b51ce5024cf5529', 'hvrevqwp', NULL, NULL, NULL, NULL, NULL, NULL, NULL, NULL, 1396422461, 0, 0, 0, 0, 0, 0, 0, NULL, NULL, NULL, 30, 10, 10, 10, 0, 0, 0, 0, NULL, 1, 1, 1, 1, 1, 1, 1, 0, ''),
(53, NULL, 'mireillengf596@hotmail.com', 'b4f5dfd621a840f10b51ce5024cf5529', 'swknvatc', NULL, NULL, NULL, NULL, NULL, NULL, NULL, NULL, 1396617124, 0, 0, 0, 0, 0, 0, 0, NULL, NULL, NULL, 30, 10, 10, 10, 0, 0, 0, 0, NULL, 1, 1, 1, 1, 1, 1, 1, 0, ''),
(54, NULL, 'destinychkw4763@gmail.com', '9808c251efd53058819f820a70f85b0d', 'Madison Moore', NULL, '', 'none', '', '', '', '', 'I know your guessing who I look like, but I am not her! :)', 1396724299, 0, 0, 0, 0, 0, 0, 0, NULL, NULL, NULL, 38, 14, 11, 11, 0, 0, 0, 0, NULL, 1, 1, 1, 1, 1, 1, 1, 0, ''),
(55, NULL, 'patriciad.miller@hotmail.com', 'b4f5dfd621a840f10b51ce5024cf5529', 'wpapsuvn', NULL, NULL, NULL, NULL, NULL, NULL, NULL, NULL, 1396962759, 0, 0, 0, 0, 0, 0, 0, NULL, NULL, NULL, 30, 10, 10, 10, 0, 0, 0, 0, NULL, 1, 1, 1, 1, 1, 1, 1, 0, ''),
(56, NULL, 'noahm.elliott@hotmail.com', 'b4f5dfd621a840f10b51ce5024cf5529', 'vlechbqr', NULL, NULL, NULL, NULL, NULL, NULL, NULL, NULL, 1397026269, 0, 0, 0, 0, 0, 0, 0, NULL, NULL, NULL, 30, 10, 10, 10, 0, 0, 0, 0, NULL, 1, 1, 1, 1, 1, 1, 1, 0, ''),
(57, NULL, 'nathanielk.meyers@hotmail.com', 'b4f5dfd621a840f10b51ce5024cf5529', 'ggzshlzo', NULL, NULL, NULL, NULL, NULL, NULL, NULL, NULL, 1397288218, 0, 0, 0, 0, 0, 0, 0, NULL, NULL, NULL, 30, 10, 10, 10, 0, 0, 0, 0, NULL, 1, 1, 1, 1, 1, 1, 1, 0, ''),
(58, NULL, 'glennad.davis@hotmail.com', 'b4f5dfd621a840f10b51ce5024cf5529', 'rjvnxhvt', NULL, NULL, NULL, NULL, NULL, NULL, NULL, NULL, 1397901369, 0, 0, 0, 0, 0, 0, 0, NULL, NULL, NULL, 30, 10, 10, 10, 0, 0, 0, 0, NULL, 1, 1, 1, 1, 1, 1, 1, 0, ''),
(59, NULL, 'melissaj.pettaway@hotmail.com', 'b4f5dfd621a840f10b51ce5024cf5529', 'kwxbbnul', NULL, NULL, NULL, NULL, NULL, NULL, NULL, NULL, 1397963184, 0, 0, 0, 0, 0, 0, 0, NULL, NULL, NULL, 30, 10, 10, 10, 0, 0, 0, 0, NULL, 1, 1, 1, 1, 1, 1, 1, 0, ''),
(60, NULL, 'crystaln.dixion@hotmail.com', 'b4f5dfd621a840f10b51ce5024cf5529', 'qrxzxlld', NULL, NULL, NULL, NULL, NULL, NULL, NULL, NULL, 1398200185, 0, 0, 0, 0, 0, 0, 0, NULL, NULL, NULL, 30, 10, 10, 10, 0, 0, 0, 0, NULL, 1, 1, 1, 1, 1, 1, 1, 0, ''),
(61, NULL, 'jonathanj.hetrick@hotmail.com', 'b4f5dfd621a840f10b51ce5024cf5529', 'wiuzfntr', NULL, NULL, NULL, NULL, NULL, NULL, NULL, NULL, 1398547641, 0, 0, 0, 0, 0, 0, 0, NULL, NULL, NULL, 30, 10, 10, 10, 0, 0, 0, 0, NULL, 1, 1, 1, 1, 1, 1, 1, 0, ''),
(62, NULL, 'vupryqe@hotmail.com', '06fd3a6d51f45c1d2f2bf211b9bdacfb', 'hlyerpjt', NULL, NULL, NULL, NULL, NULL, NULL, NULL, NULL, 1398581803, 0, 0, 0, 0, 0, 0, 0, NULL, NULL, NULL, 30, 10, 10, 10, 0, 0, 0, 0, NULL, 1, 1, 1, 1, 1, 1, 1, 0, ''),
(63, NULL, 'westonboy@hotmail.com', 'b4f5dfd621a840f10b51ce5024cf5529', 'hrkuluup', NULL, NULL, NULL, NULL, NULL, NULL, NULL, NULL, 1398592043, 0, 0, 0, 0, 0, 0, 0, NULL, NULL, NULL, 30, 10, 10, 10, 0, 0, 0, 0, NULL, 1, 1, 1, 1, 1, 1, 1, 0, ''),
(64, NULL, 'bonniec.obrien@hotmail.com', 'b4f5dfd621a840f10b51ce5024cf5529', 'yykmdewv', NULL, NULL, NULL, NULL, NULL, NULL, NULL, NULL, 1398604800, 0, 0, 0, 0, 0, 0, 0, NULL, NULL, NULL, 30, 10, 10, 10, 0, 0, 0, 0, NULL, 1, 1, 1, 1, 1, 1, 1, 0, ''),
(65, NULL, 'lukefords@hotmail.com', 'b4f5dfd621a840f10b51ce5024cf5529', 'vpbzcrni', NULL, NULL, NULL, NULL, NULL, NULL, NULL, NULL, 1398637816, 0, 0, 0, 0, 0, 0, 0, NULL, NULL, NULL, 30, 10, 10, 10, 0, 0, 0, 0, NULL, 1, 1, 1, 1, 1, 1, 1, 0, ''),
(66, NULL, 'noelhickman@hotmail.com', 'b4f5dfd621a840f10b51ce5024cf5529', 'iszccplg', NULL, NULL, NULL, NULL, NULL, NULL, NULL, NULL, 1398820066, 0, 0, 0, 0, 0, 0, 0, NULL, NULL, NULL, 30, 10, 10, 10, 0, 0, 0, 0, NULL, 1, 1, 1, 1, 1, 1, 1, 0, ''),
(67, NULL, 'luellaroach@hotmail.com', 'b4f5dfd621a840f10b51ce5024cf5529', 'vfisutvo', NULL, NULL, NULL, NULL, NULL, NULL, NULL, NULL, 1398838332, 0, 0, 0, 0, 0, 0, 0, NULL, NULL, NULL, 30, 10, 10, 10, 0, 0, 0, 0, NULL, 1, 1, 1, 1, 1, 1, 1, 0, ''),
(68, NULL, 'frank_amede@aol.fr', 'f56b1d630a25e4ede4b0a86b7de0ceae', 'czsymirq978', NULL, NULL, NULL, NULL, NULL, NULL, NULL, NULL, 1398921239, 0, 0, 0, 0, 0, 0, 0, NULL, NULL, NULL, 30, 10, 10, 10, 0, 0, 0, 0, NULL, 1, 1, 1, 1, 1, 1, 1, 0, ''),
(69, NULL, 'ldiabdn@hotmail.com', 'bad8651bcd225e674ddfe01fc8f9c28f', 'sunygxi', NULL, NULL, NULL, NULL, NULL, NULL, NULL, NULL, 1398977957, 0, 0, 0, 0, 0, 0, 0, NULL, NULL, NULL, 30, 10, 10, 10, 0, 0, 0, 0, NULL, 1, 1, 1, 1, 1, 1, 1, 0, ''),
(70, NULL, 'dolliekane@hotmail.com', 'b4f5dfd621a840f10b51ce5024cf5529', 'gugduajp', NULL, NULL, NULL, NULL, NULL, NULL, NULL, NULL, 1399045113, 0, 0, 0, 0, 0, 0, 0, NULL, NULL, NULL, 30, 10, 10, 10, 0, 0, 0, 0, NULL, 1, 1, 1, 1, 1, 1, 1, 0, ''),
(71, NULL, 'juliuslindsey@hotmail.com', 'b4f5dfd621a840f10b51ce5024cf5529', 'uzizwhhj', NULL, NULL, NULL, NULL, NULL, NULL, NULL, NULL, 1399051879, 0, 0, 0, 0, 0, 0, 0, NULL, NULL, NULL, 30, 10, 10, 10, 0, 0, 0, 0, NULL, 1, 1, 1, 1, 1, 1, 1, 0, ''),
(72, NULL, 'madelynfoster@hotmail.com', 'b4f5dfd621a840f10b51ce5024cf5529', 'pyvoxhhx', NULL, NULL, NULL, NULL, NULL, NULL, NULL, NULL, 1399054648, 0, 0, 0, 0, 0, 0, 0, NULL, NULL, NULL, 30, 10, 10, 10, 0, 0, 0, 0, NULL, 1, 1, 1, 1, 1, 1, 1, 0, ''),
(73, NULL, 'concettalane@hotmail.com', 'b4f5dfd621a840f10b51ce5024cf5529', 'iuorqejp', NULL, NULL, NULL, NULL, NULL, NULL, NULL, NULL, 1399155972, 0, 0, 0, 0, 0, 0, 0, NULL, NULL, NULL, 30, 10, 10, 10, 0, 0, 0, 0, NULL, 1, 1, 1, 1, 1, 1, 1, 0, ''),
(74, NULL, 'mariem.washington@hotmail.com', 'b4f5dfd621a840f10b51ce5024cf5529', 'zksidurf', NULL, NULL, NULL, NULL, NULL, NULL, NULL, NULL, 1399365988, 0, 0, 0, 0, 0, 0, 0, NULL, NULL, NULL, 30, 10, 10, 10, 0, 0, 0, 0, NULL, 1, 1, 1, 1, 1, 1, 1, 0, ''),
(75, NULL, 'johng.bellows@hotmail.com', 'b4f5dfd621a840f10b51ce5024cf5529', 'diqcsima', NULL, NULL, NULL, NULL, NULL, NULL, NULL, NULL, 1399404780, 0, 0, 0, 0, 0, 0, 0, NULL, NULL, NULL, 30, 10, 10, 10, 0, 0, 0, 0, NULL, 1, 1, 1, 1, 1, 1, 1, 0, ''),
(76, NULL, 'sherer0851@mail.ru', 'b4f5dfd621a840f10b51ce5024cf5529', 'dibsrtyz', NULL, NULL, NULL, NULL, NULL, NULL, NULL, NULL, 1399506959, 0, 0, 0, 0, 0, 0, 0, NULL, NULL, NULL, 30, 10, 10, 10, 0, 0, 0, 0, NULL, 1, 1, 1, 1, 1, 1, 1, 0, ''),
(77, NULL, 'qnjpjuij299@veedeepee.com', '9594371115d15eab6741fc86247d7ccd', 'owecxaur193', NULL, NULL, NULL, NULL, NULL, NULL, NULL, NULL, 1399510489, 0, 0, 0, 0, 0, 0, 0, NULL, NULL, NULL, 30, 10, 10, 10, 0, 0, 0, 0, NULL, 1, 1, 1, 1, 1, 1, 1, 0, ''),
(78, NULL, 'glendaratliff@mail.ru', 'b4f5dfd621a840f10b51ce5024cf5529', 'fiopllfr', NULL, NULL, NULL, NULL, NULL, NULL, NULL, NULL, 1399530654, 0, 0, 0, 0, 0, 0, 0, NULL, NULL, NULL, 30, 10, 10, 10, 0, 0, 0, 0, NULL, 1, 1, 1, 1, 1, 1, 1, 0, ''),
(79, NULL, 'daisyramiro.ramiro@mail.ru', 'b4f5dfd621a840f10b51ce5024cf5529', 'gupucgiy', NULL, NULL, NULL, NULL, NULL, NULL, NULL, NULL, 1399629100, 0, 0, 0, 0, 0, 0, 0, NULL, NULL, NULL, 30, 10, 10, 10, 0, 0, 0, 0, NULL, 1, 1, 1, 1, 1, 1, 1, 0, ''),
(80, NULL, 'guymiles@mail.ru', 'b4f5dfd621a840f10b51ce5024cf5529', 'rredzqob', NULL, NULL, NULL, NULL, NULL, NULL, NULL, NULL, 1399644412, 0, 0, 0, 0, 0, 0, 0, NULL, NULL, NULL, 30, 10, 10, 10, 0, 0, 0, 0, NULL, 1, 1, 1, 1, 1, 1, 1, 0, ''),
(81, NULL, 'charlottealonzo@mail.ru', 'b4f5dfd621a840f10b51ce5024cf5529', 'yzdyinwq', NULL, NULL, NULL, NULL, NULL, NULL, NULL, NULL, 1399788937, 0, 0, 0, 0, 0, 0, 0, NULL, NULL, NULL, 30, 10, 10, 10, 0, 0, 0, 0, NULL, 1, 1, 1, 1, 1, 1, 1, 0, ''),
(82, NULL, 'rebabradford@mail.ru', 'b4f5dfd621a840f10b51ce5024cf5529', 'kggnyixt', NULL, NULL, NULL, NULL, NULL, NULL, NULL, NULL, 1399942258, 0, 0, 0, 0, 0, 0, 0, NULL, NULL, NULL, 30, 10, 10, 10, 0, 0, 0, 0, NULL, 1, 1, 1, 1, 1, 1, 1, 0, ''),
(83, NULL, 'sondrabriana@mail.ru', 'b4f5dfd621a840f10b51ce5024cf5529', 'kpuoaokc', NULL, NULL, NULL, NULL, NULL, NULL, NULL, NULL, 1399942272, 0, 0, 0, 0, 0, 0, 0, NULL, NULL, NULL, 30, 10, 10, 10, 0, 0, 0, 0, NULL, 1, 1, 1, 1, 1, 1, 1, 0, ''),
(84, NULL, 'stellanell@mail.ru', 'b4f5dfd621a840f10b51ce5024cf5529', 'vkdpifgh', NULL, NULL, NULL, NULL, NULL, NULL, NULL, NULL, 1400012495, 0, 0, 0, 0, 0, 0, 0, NULL, NULL, NULL, 30, 10, 10, 10, 0, 0, 0, 0, NULL, 1, 1, 1, 1, 1, 1, 1, 0, ''),
(85, NULL, 'joanwheeler@mail.ru', 'b4f5dfd621a840f10b51ce5024cf5529', 'yuonjtgg', NULL, NULL, NULL, NULL, NULL, NULL, NULL, NULL, 1400185563, 0, 0, 0, 0, 0, 0, 0, NULL, NULL, NULL, 30, 10, 10, 10, 0, 0, 0, 0, NULL, 1, 1, 1, 1, 1, 1, 1, 0, ''),
(86, NULL, 'leahelvia@mail.ru', 'b4f5dfd621a840f10b51ce5024cf5529', 'grnabjrn', NULL, NULL, NULL, NULL, NULL, NULL, NULL, NULL, 1400367153, 0, 0, 0, 0, 0, 0, 0, NULL, NULL, NULL, 30, 10, 10, 10, 0, 0, 0, 0, NULL, 1, 1, 1, 1, 1, 1, 1, 0, ''),
(134, NULL, 'eleenyong10@gmail.com', 'b50bc0811279fc5f0d3716b326faadea', 'E.L.Y', NULL, '', 'none', '0', '', '', '0', 'I only share cool fashion!', 1421948295, 0, 0, 0, 0, 0, 0, 0, NULL, NULL, NULL, 153, 11, 10, 95, 1, 0, 0, 0, NULL, 1, 1, 1, 1, 1, 1, 1, 0, ''),
(88, NULL, 'madelinepeter@mail.ru', 'b4f5dfd621a840f10b51ce5024cf5529', 'glwlftwm', NULL, NULL, NULL, NULL, NULL, NULL, NULL, NULL, 1400401734, 0, 0, 0, 0, 0, 0, 0, NULL, NULL, NULL, 30, 10, 10, 10, 0, 0, 0, 0, NULL, 1, 1, 1, 1, 1, 1, 1, 0, ''),
(89, NULL, 'emoryjasper@mail.ru', 'b4f5dfd621a840f10b51ce5024cf5529', 'esnlipkv', NULL, NULL, NULL, NULL, NULL, NULL, NULL, NULL, 1400585563, 0, 0, 0, 0, 0, 0, 0, NULL, NULL, NULL, 30, 10, 10, 10, 0, 0, 0, 0, NULL, 1, 1, 1, 1, 1, 1, 1, 0, ''),
(90, NULL, 'coolrklimat54ee@gmail.com', '308bc03a0429d4173def6d34cf6b5ff2', 'Robertphew', NULL, NULL, NULL, NULL, NULL, NULL, NULL, NULL, 1400619082, 0, 0, 0, 0, 0, 0, 0, NULL, NULL, 1400774833, 31, 10, 10, 11, 0, 0, 0, 0, NULL, 1, 1, 1, 1, 1, 1, 1, 0, ''),
(91, NULL, 'randalweber@mail.ru', 'b4f5dfd621a840f10b51ce5024cf5529', 'gnsiqejq', NULL, NULL, NULL, NULL, NULL, NULL, NULL, NULL, 1400859493, 0, 0, 0, 0, 0, 0, 0, NULL, NULL, NULL, 30, 10, 10, 10, 0, 0, 0, 0, NULL, 1, 1, 1, 1, 1, 1, 1, 0, ''),
(92, NULL, 'charlenebenton@mail.ru', 'b4f5dfd621a840f10b51ce5024cf5529', 'zjkglksf', NULL, NULL, NULL, NULL, NULL, NULL, NULL, NULL, 1400953720, 0, 0, 0, 0, 0, 0, 0, NULL, NULL, NULL, 30, 10, 10, 10, 0, 0, 0, 0, NULL, 1, 1, 1, 1, 1, 1, 1, 0, ''),
(93, NULL, 'morrisschultz@mail.ru', 'b4f5dfd621a840f10b51ce5024cf5529', 'mqbegake', NULL, NULL, NULL, NULL, NULL, NULL, NULL, NULL, 1400979166, 0, 0, 0, 0, 0, 0, 0, NULL, NULL, NULL, 30, 10, 10, 10, 0, 0, 0, 0, NULL, 1, 1, 1, 1, 1, 1, 1, 0, ''),
(94, NULL, 'howardbyrd@mail.ru', 'b4f5dfd621a840f10b51ce5024cf5529', 'lndtxjfy', NULL, NULL, NULL, NULL, NULL, NULL, NULL, NULL, 1401033267, 0, 0, 0, 0, 0, 0, 0, NULL, NULL, NULL, 30, 10, 10, 10, 0, 0, 0, 0, NULL, 1, 1, 1, 1, 1, 1, 1, 0, ''),
(95, NULL, 'rodneypearson@mail.ru', 'b4f5dfd621a840f10b51ce5024cf5529', 'oiidqlyz', NULL, NULL, NULL, NULL, NULL, NULL, NULL, NULL, 1401141656, 0, 0, 0, 0, 0, 0, 0, NULL, NULL, NULL, 30, 10, 10, 10, 0, 0, 0, 0, NULL, 1, 1, 1, 1, 1, 1, 1, 0, ''),
(135, NULL, 'annekitty87@hotmail.com', '6b8c65a9ed6f6adb4c5eabc071b147d9', 'Anne Namiko', NULL, NULL, 'none', NULL, NULL, '', NULL, NULL, 1421989435, 0, 0, 0, 0, 0, 0, 0, NULL, NULL, NULL, 30, 10, 10, 10, 1, 0, 0, 0, NULL, 1, 1, 1, 1, 1, 1, 1, 0, ''),
(98, NULL, 'ecokompleks@gmail.com', '33fc638f511d561f2a4d0b72fe4633f7', 'Josephhert', NULL, NULL, NULL, NULL, NULL, NULL, NULL, NULL, 1401198243, 0, 0, 0, 0, 0, 0, 0, NULL, NULL, NULL, 30, 10, 10, 10, 0, 0, 0, 0, NULL, 1, 1, 1, 1, 1, 1, 1, 0, ''),
(99, NULL, 'mahedi302@gmail.com', 'e10adc3949ba59abbe56e057f20f883e', 'mahedi', NULL, 'mahedi', 'male', '', '', '', '', ' ', 1401358702, 0, 0, 0, 0, 0, 0, 0, NULL, NULL, 1434446023, 78, 14, 12, 49, 0, 0, 0, 0, NULL, 1, 1, 1, 1, 1, 1, 1, 0, ''),
(100, NULL, 'tuladhar2012@gmail.com', '7dd014827ec8620eb847298864af4fbe', 'Michelle', NULL, NULL, NULL, NULL, NULL, NULL, NULL, NULL, 1404894569, 0, 0, 0, 0, 0, 0, 0, NULL, NULL, 1407473183, 5377, 5, 0, 349, 0, 0, 0, 0, NULL, 1, 1, 1, 1, 1, 1, 1, 0, ''),
(101, NULL, 'jasminetuladhar1@gmail.com', '7dd014827ec8620eb847298864af4fbe', 'JasminE', NULL, NULL, NULL, NULL, NULL, NULL, NULL, NULL, 1405098469, 0, 0, 0, 0, 0, 0, 0, NULL, NULL, 1410852180, 2553, 7, 0, 771, 0, 0, 0, 0, NULL, 1, 1, 1, 1, 1, 1, 1, 0, ''),
(102, NULL, 'fansshirt@outlook.com', '4dc6d6bf8d829f038170079ee23d2bda', 'fansshirt', NULL, NULL, NULL, NULL, NULL, NULL, NULL, NULL, 1405427962, 0, 0, 0, 0, 0, 0, 0, NULL, NULL, 1428111212, 29, 3, 2, 5, 0, 0, 0, 0, NULL, 1, 1, 1, 1, 1, 1, 1, 0, ''),
(103, NULL, 'ailinngx@yahoo.com.sg', 'b3286810ca6011ce896b458626a38beb', 'ailing', NULL, NULL, NULL, NULL, NULL, NULL, NULL, NULL, 1405622567, 0, 0, 0, 0, 0, 0, 0, NULL, NULL, NULL, 0, 0, 0, 0, 0, 0, 0, 0, NULL, 1, 1, 1, 1, 1, 1, 1, 0, ''),
(104, NULL, 'merry_poppins2002@yahoo.com.sg', '4849db7d3f58af4605cc16596a4b1d16', 'merry_poppins2002', NULL, NULL, NULL, NULL, NULL, NULL, NULL, NULL, 1406089966, 0, 0, 0, 0, 0, 0, 0, NULL, NULL, NULL, 31, 10, 10, 11, 0, 0, 0, 0, NULL, 1, 1, 1, 1, 1, 1, 1, 0, ''),
(105, NULL, 'mahedi.hasan47@yahoo.com', '0dcf12683d06afdf19a4d6740e1e6ba0', 'shuvo807', NULL, NULL, 'male', NULL, NULL, '', NULL, NULL, 1406095268, 0, 0, 0, 0, 0, 0, 0, NULL, NULL, NULL, 32, 11, 10, 10, 1, 0, 0, 0, NULL, 1, 1, 1, 1, 1, 1, 1, 0, ''),
(106, NULL, 'pr@vumurt.org', 'bd72966a9c3438e1aba7cb16df27a888', 'AfaGok', NULL, NULL, NULL, NULL, NULL, NULL, NULL, NULL, 1406981198, 0, 0, 0, 0, 0, 0, 0, NULL, NULL, NULL, 30, 10, 10, 10, 0, 0, 0, 0, NULL, 1, 1, 1, 1, 1, 1, 1, 0, ''),
(107, NULL, 'shreeshrestha37@gmail.com', '67c07b400f0756524a33753e2d05db50', 'Samantha', NULL, NULL, NULL, NULL, NULL, NULL, NULL, NULL, 1407475902, 0, 0, 0, 0, 0, 0, 0, NULL, NULL, 1410852796, 7749, 22, 11, 628, 0, 0, 0, 0, NULL, 1, 1, 1, 1, 1, 1, 1, 0, ''),
(108, NULL, 'pr@canallow.com', 'bd72966a9c3438e1aba7cb16df27a888', 'BloGoka', NULL, NULL, NULL, NULL, NULL, NULL, NULL, NULL, 1407523581, 0, 0, 0, 0, 0, 0, 0, NULL, NULL, 1414704541, 56, 10, 10, 36, 0, 0, 0, 0, NULL, 1, 1, 1, 1, 1, 1, 1, 0, ''),
(109, NULL, '8f13693d2c0fdf2f6505d16767d5f23a@puzzing.com', '377d9d40d4772c318967a53205e10f5a', 'ulovelifestore', NULL, NULL, 'none', NULL, NULL, 'Singapore', NULL, 'Singapore based indie KPOP online shop selling collectibles, favourites, KPOP Snapbacks & apparel. Free Shipping & Next Day Deliveries available.', 1407771746, 0, 0, 0, 0, 0, 0, 0, NULL, NULL, NULL, 68, 14, 10, 22, 1, 0, 0, 0, NULL, 1, 1, 1, 1, 1, 1, 1, 0, ''),
(110, NULL, 'xx@yahoo.com', 'd2e11764a5a6c77805eb703a78fbb404', 'xxxx', NULL, NULL, NULL, NULL, NULL, NULL, NULL, NULL, 1409782944, 0, 0, 0, 0, 0, 0, 0, NULL, NULL, NULL, 30, 10, 10, 10, 0, 0, 0, 0, NULL, 1, 1, 1, 1, 1, 1, 1, 0, ''),
(115, NULL, 'himaloy.rana@gmail.com', '78e30d2b3616b5d57da665da838ed5da', 'Rudro Polash', NULL, NULL, 'male', NULL, NULL, '', NULL, NULL, 1410345315, 0, 0, 0, 0, 0, 0, 0, NULL, NULL, NULL, 30, 10, 10, 10, 1, 0, 0, 0, NULL, 1, 1, 1, 1, 1, 1, 1, 0, ''),
(124, NULL, 'xmenfc@hotmail.com', 'e10adc3949ba59abbe56e057f20f883e', 'xmen', NULL, NULL, NULL, NULL, NULL, NULL, '0', '0', 1416983341, 0, 0, 0, 0, 0, 0, 0, NULL, NULL, NULL, 30, 10, 10, 10, 0, 0, 0, 0, NULL, 1, 1, 1, 1, 1, 1, 1, 0, ''),
(125, NULL, 'tkevin1995@hotmail.com', 'b94705c817b09f287e31606604e526ba', 'chunkkit', NULL, '', 'male', '0', '', '', '', '', 1417035012, 0, 0, 0, 0, 0, 0, 0, NULL, NULL, NULL, 30, 10, 10, 10, 0, 0, 0, 0, NULL, 1, 1, 1, 1, 1, 1, 1, 0, ''),
(118, NULL, 'mallarajat312@gmail.com', 'b3d3208158f6faf0b745ceee6e9bf365', 'Simon', NULL, NULL, NULL, NULL, NULL, NULL, NULL, NULL, 1410431561, 0, 0, 0, 0, 0, 0, 0, NULL, NULL, 1410525588, 187, 15, 10, 52, 0, 0, 0, 0, NULL, 1, 1, 1, 1, 1, 1, 1, 0, ''),
(119, NULL, 'seejantuladhar2312@gmail.com', 'aeb5e3a679d0cf2535b6fd5e477e895d', 'SeeJan', NULL, NULL, NULL, NULL, NULL, NULL, NULL, NULL, 1410894140, 0, 0, 0, 0, 0, 0, 0, NULL, NULL, 1411900013, 655, 20, 10, 131, 0, 0, 0, 0, NULL, 1, 1, 1, 1, 1, 1, 1, 0, ''),
(120, NULL, 'jveerash@hotmail.com', '74024f7fdc49f74f541b065ae6639b09', 'Jai Veerashini', NULL, NULL, 'none', NULL, NULL, '', NULL, NULL, 1411028733, 0, 0, 0, 0, 0, 0, 0, NULL, NULL, NULL, 32, 11, 10, 10, 1, 0, 0, 0, NULL, 1, 1, 1, 1, 1, 1, 1, 0, ''),
(121, NULL, 'binitashakya25@gmail.com', 'aeb5e3a679d0cf2535b6fd5e477e895d', 'Binita', NULL, NULL, NULL, NULL, NULL, NULL, NULL, NULL, 1411269715, 0, 0, 0, 0, 0, 0, 0, NULL, NULL, 1411302950, 161, 17, 10, 53, 0, 0, 0, 0, NULL, 1, 1, 1, 1, 1, 1, 1, 0, ''),
(122, NULL, 'eelynlin@hotmail.com', 'a22d48bc8e78d81fbf78e5d5ff25d365', 'eelynlinsg', NULL, '', 'none', '0', '', '', '0', '0', 1415195099, 0, 0, 0, 0, 0, 0, 0, NULL, NULL, 1419989754, 2439, 10, 10, 806, 0, 0, 0, 0, NULL, 0, 0, 0, 0, 0, 0, 0, 0, ''),
(128, NULL, 'ychient@hotmail.com', '13929f69bd29a5acad12f174c46f2547', 'Yee Chien', NULL, NULL, 'none', NULL, NULL, '', NULL, NULL, 1419096464, 0, 0, 0, 0, 0, 0, 0, NULL, NULL, NULL, 30, 10, 10, 10, 1, 0, 0, 0, NULL, 1, 1, 1, 1, 1, 1, 1, 0, ''),
(129, NULL, 'jasmine_ng81@hotmail.com', '2c3c093102cc987eac27926f8093d738', 'jasmine81', NULL, NULL, NULL, NULL, NULL, NULL, '0', '0', 1419258464, 0, 0, 0, 0, 0, 0, 0, NULL, NULL, NULL, 32, 11, 10, 10, 0, 0, 0, 0, NULL, 1, 1, 1, 1, 1, 1, 1, 0, ''),
(130, NULL, 'janell_chen@hotmail.com', '2460745a7619386db475faadf36a4bca', 'janellchen', NULL, NULL, NULL, NULL, NULL, NULL, NULL, NULL, 1419765559, 0, 0, 0, 0, 0, 0, 0, NULL, NULL, NULL, 35, 11, 10, 13, 0, 0, 0, 0, NULL, 1, 1, 1, 1, 1, 1, 1, 0, ''),
(131, NULL, 'cindygoh39@hotmail.com', '0850dd242051aaccefb546b46d26e4dd', 'xidigou', NULL, NULL, 'none', NULL, NULL, '', NULL, NULL, 1420025591, 0, 0, 0, 0, 0, 0, 0, NULL, NULL, NULL, 30, 10, 10, 10, 1, 0, 0, 0, NULL, 1, 1, 1, 1, 1, 1, 1, 0, ''),
(132, NULL, 'nancythedoll@gmail.com', '0de2d4c12cecf346dbe9c3c37a12ca20', 'Anne Foo', NULL, NULL, NULL, NULL, NULL, NULL, NULL, NULL, 1420630545, 0, 0, 0, 0, 0, 0, 0, NULL, NULL, NULL, 31, 10, 10, 11, 0, 0, 0, 0, NULL, 1, 1, 1, 1, 1, 1, 1, 0, ''),
(133, NULL, 'maeniekoay@gmail.com', '35b0ef1e3c1f8689e0c99a68e82d7ce7', 'Maenie Koay', NULL, NULL, 'none', NULL, NULL, '', NULL, NULL, 1420769587, 0, 0, 0, 0, 0, 0, 0, NULL, NULL, NULL, 30, 10, 10, 10, 1, 0, 0, 0, NULL, 1, 1, 1, 1, 1, 1, 1, 0, ''),
(136, NULL, 'c31f7af964d350577a93bec5c2b55cb8@puzzing.com', 'daefb77aa8a08df2d58318a2d69637a0', '_SamanthaChua', NULL, NULL, 'none', NULL, NULL, '', NULL, 'I am magical.\r\nInstagram: samanthaczl', 1422006625, 0, 0, 0, 0, 0, 0, 0, NULL, NULL, NULL, 30, 10, 10, 10, 1, 0, 0, 0, NULL, 1, 1, 1, 1, 1, 1, 1, 0, ''),
(137, NULL, 'ozoc05@hotmail.com', '24667a11730a3a03383124e8e18be396', 'ozoc05', NULL, NULL, NULL, NULL, NULL, NULL, NULL, NULL, 1422548919, 0, 0, 0, 0, 0, 0, 0, NULL, NULL, NULL, 30, 10, 10, 10, 0, 0, 0, 0, NULL, 1, 1, 1, 1, 1, 1, 1, 0, ''),
(138, NULL, '21jenniferlee@gmail.com', '95a184b24c736bae40953ed74d40944f', 'happyredpanda', NULL, NULL, NULL, NULL, NULL, NULL, NULL, NULL, 1424327505, 0, 0, 0, 0, 0, 0, 0, NULL, NULL, NULL, 30, 10, 10, 10, 0, 0, 0, 0, NULL, 1, 1, 1, 1, 1, 1, 1, 0, ''),
(139, NULL, 'lyl_010@hotmail.com', '4a49b00fd014ac952cf2221b61f65de2', 'chocopie010', NULL, NULL, NULL, NULL, NULL, NULL, NULL, NULL, 1424676537, 0, 0, 0, 0, 0, 0, 0, NULL, NULL, NULL, 30, 10, 10, 10, 0, 0, 0, 0, NULL, 1, 1, 1, 1, 1, 1, 1, 0, ''),
(140, NULL, 'nlys92@gmail.com', '7a19f62b9660952c67c4afb3ccb8910e', 'schwanncells', NULL, NULL, NULL, NULL, NULL, NULL, NULL, NULL, 1427040961, 0, 0, 0, 0, 0, 0, 0, NULL, NULL, 1427211317, 34, 10, 12, 12, 0, 0, 0, 0, NULL, 1, 1, 1, 1, 1, 1, 1, 0, ''),
(141, NULL, 'linoi_c@yahoo.com', '15f8700397126935fd664186eb557198', 'linoi', NULL, NULL, NULL, NULL, NULL, NULL, NULL, NULL, 1427377432, 0, 0, 0, 0, 0, 0, 0, NULL, NULL, NULL, 32, 10, 10, 12, 0, 0, 0, 0, NULL, 1, 1, 1, 1, 1, 1, 1, 0, ''),
(142, NULL, 'maynyc711@yahoo.com', '71732d92098305766826db8483d1d8eb', 'maynyc711@yahoo.com', NULL, NULL, NULL, NULL, NULL, NULL, NULL, NULL, 1429470101, 0, 0, 0, 0, 0, 0, 0, NULL, NULL, NULL, 30, 10, 10, 10, 0, 0, 0, 0, NULL, 1, 1, 1, 1, 1, 1, 1, 0, ''),
(143, NULL, 'g.emma.hoi@hotmail.com', '3c086f596b4aee58e1d71b3626fefc87', 'gemmahoi', NULL, NULL, NULL, NULL, NULL, NULL, NULL, NULL, 1430294136, 0, 0, 0, 0, 0, 0, 0, NULL, NULL, NULL, 30, 10, 10, 10, 0, 0, 0, 0, NULL, 1, 1, 1, 1, 1, 1, 1, 0, ''),
(144, NULL, 'arrowshimmer@gmail.com', 'a184f8b2ab0f6a4080213bec38b413b9', 'Jmazur', NULL, NULL, 'none', NULL, NULL, '', NULL, NULL, 1430432492, 0, 0, 0, 0, 0, 0, 0, NULL, NULL, NULL, 30, 10, 10, 10, 1, 0, 0, 0, NULL, 1, 1, 1, 1, 1, 1, 1, 0, ''),
(145, NULL, 'kouzou951weiduanzh@163.com', '0354bcad0b7dc0028b6afd0a71f117d2', 'Robertbren', NULL, NULL, NULL, NULL, NULL, NULL, NULL, NULL, 1431304691, 0, 0, 0, 0, 0, 0, 0, NULL, NULL, NULL, 30, 10, 10, 10, 0, 0, 0, 0, NULL, 1, 1, 1, 1, 1, 1, 1, 0, ''),
(146, NULL, 'cameralicious@gmail.com', '7214a7fcbb01f1f218c5c20e59a72aff', 'initials', NULL, 'camlens', 'none', '0', '', '', '', 'http://www.camera-licious.com', 1431418805, 0, 0, 0, 0, 0, 0, 0, NULL, NULL, NULL, 30, 10, 10, 10, 0, 0, 0, 0, NULL, 1, 1, 1, 1, 1, 1, 1, 0, ''),
(147, NULL, 'joannamazur@outlook.com', '96489974a2e221cecb32e19cd132012a', 'joannathecat', NULL, NULL, NULL, NULL, NULL, NULL, NULL, NULL, 1432083817, 0, 0, 0, 0, 0, 0, 0, NULL, NULL, NULL, 30, 10, 10, 10, 0, 0, 0, 0, NULL, 1, 1, 1, 1, 1, 1, 1, 0, ''),
(148, NULL, 'b2abcbd917a91f2fe1f50342810b60ff@puzzing.com', '64d2143633969680b9fdfe7a709376f3', 'Alexey Konovalov', NULL, NULL, 'male', NULL, NULL, '', NULL, NULL, 1433967353, 0, 0, 0, 0, 0, 0, 0, NULL, NULL, NULL, 30, 10, 10, 10, 1, 0, 0, 0, NULL, 1, 1, 1, 1, 1, 1, 1, 0, ''),
(149, NULL, 'javier_chai95@outlook.com', '70880861fb921655fede48714ff22474', 'Karina', NULL, NULL, NULL, NULL, NULL, NULL, NULL, NULL, 1434113318, 0, 2, 118, 1, 0, 0, 0, NULL, NULL, 1434445947, 153, 10, 10, 53, 0, 0, 0, 0, NULL, 1, 1, 1, 1, 1, 1, 1, 0, ''),
(150, NULL, 'crystalworners@outlook.com', '07f709e57d9981d86f92af04e3d27ba0', 'BranySpound', NULL, NULL, NULL, NULL, NULL, NULL, NULL, NULL, 1434648193, 0, 0, 0, 0, 0, 0, 0, NULL, NULL, NULL, 30, 10, 10, 10, 0, 0, 0, 0, NULL, 1, 1, 1, 1, 1, 1, 1, 0, ''),
(151, NULL, 'canadafasion@gmail.com', 'b22c1d87e021452efe0e73321e3006a7', 'canadafasion', NULL, NULL, NULL, NULL, NULL, NULL, NULL, NULL, 1434906101, 0, 0, 0, 0, 0, 0, 0, NULL, NULL, 1435145777, 32, 10, 10, 12, 0, 0, 0, 0, NULL, 1, 1, 1, 1, 1, 1, 1, 0, ''),
(152, NULL, 'melissarriley@outlook.com', 'd4692c297b66e1f2b390ee909b4f3308', 'MelisIrospiff', NULL, NULL, NULL, NULL, NULL, NULL, NULL, NULL, 1435087991, 0, 0, 0, 0, 0, 0, 0, NULL, NULL, NULL, 30, 10, 10, 10, 0, 0, 0, 0, NULL, 1, 1, 1, 1, 1, 1, 1, 0, ''),
(153, NULL, 'jamilbd11@gmail.com', 'a3fc2e675d938b6ff24014db1df2a0fb', 'Jam.Jussi', NULL, NULL, NULL, NULL, NULL, NULL, NULL, NULL, 1435824623, 0, 0, 0, 0, 0, 0, 0, NULL, NULL, NULL, 0, 0, 0, 0, 1, 0, 0, 0, NULL, 1, 1, 1, 1, 1, 1, 1, 0, ''),
(154, NULL, 'ccket0055@yahoo.com', '2ac847fdb76ab7e8a3bbcce2e83ab3ed', 'Ck.Cheng3', NULL, NULL, NULL, NULL, NULL, NULL, NULL, NULL, 1436330555, 0, 0, 2, 2, 0, 1, 0, NULL, NULL, NULL, 0, 0, 0, 0, 1, 0, 0, 0, NULL, 1, 1, 1, 1, 1, 1, 1, 0, ''),
(155, NULL, '559df52a628d1@yolve.it', '7b5420e47162de8abde9c3ff00924dee', 'YOLOVE_IT', NULL, NULL, NULL, NULL, NULL, NULL, NULL, NULL, 1436415274, 0, 0, 0, 0, 0, 0, 0, NULL, NULL, NULL, 0, 0, 0, 0, 1, 0, 0, 0, NULL, 1, 1, 1, 1, 1, 1, 1, 0, ''),
(156, NULL, 'faymeKhan@gmail.com', 'e10adc3949ba59abbe56e057f20f883e', 'faymeKhan', NULL, NULL, NULL, NULL, NULL, NULL, NULL, NULL, 1437812776, 0, 0, 0, 0, 0, 0, 0, NULL, NULL, NULL, 0, 0, 0, 0, 0, 0, 0, 0, NULL, 1, 1, 1, 1, 1, 1, 1, 0, ''),
(157, NULL, 'gada@gmail.com', 'fcea920f7412b5da7be0cf42b8c93759', 'gada', NULL, NULL, NULL, NULL, NULL, NULL, NULL, NULL, 1437815243, 0, 0, 0, 0, 0, 0, 0, NULL, NULL, NULL, 0, 0, 0, 0, 0, 0, 0, 0, NULL, 1, 1, 1, 1, 1, 1, 1, 0, '56068f1b702b0bf2d4938635abc3a4ea'),
(158, NULL, 'newShuvo@gmail.com', 'e10adc3949ba59abbe56e057f20f883e', 'newShuvo', NULL, NULL, NULL, NULL, NULL, NULL, NULL, NULL, 1437818636, 0, 0, 0, 0, 0, 0, 0, NULL, NULL, NULL, 0, 0, 0, 0, 0, 0, 0, 0, NULL, 1, 1, 1, 1, 1, 1, 1, 0, 'aa03b3476eccccf377d2e80a8966bdb7'),
(159, NULL, 'newMahedi@gmail.com', 'e10adc3949ba59abbe56e057f20f883e', 'newMahedi', NULL, NULL, NULL, NULL, NULL, NULL, NULL, NULL, 1437819540, 0, 0, 0, 0, 0, 0, 0, NULL, NULL, NULL, 0, 0, 0, 0, 0, 0, 0, 0, NULL, 1, 1, 1, 1, 1, 1, 1, 0, '8dd724526e157d24097a1b479f42b087'),
(160, NULL, 'mahedi807@gmail.com', 'e10adc3949ba59abbe56e057f20f883e', 'shadat', NULL, NULL, NULL, NULL, NULL, NULL, NULL, NULL, 1438000791, 0, 0, 0, 0, 0, 0, 0, NULL, NULL, NULL, 0, 0, 0, 0, 0, 0, 0, 0, NULL, 1, 1, 1, 1, 1, 1, 1, 0, 'a596a9208ff831247a2c64bb8dc0fa9e');

-- --------------------------------------------------------

--
-- Table structure for table `usergroup`
--

CREATE TABLE IF NOT EXISTS `usergroup` (
  `id` smallint(6) unsigned NOT NULL AUTO_INCREMENT,
  `usergroup_type` enum('system','special','member') NOT NULL DEFAULT 'member',
  `usergroup_key` varchar(255) NOT NULL DEFAULT '',
  `usergroup_name` varchar(255) NOT NULL DEFAULT '',
  `credits_lower` int(10) NOT NULL DEFAULT '0',
  `credits_higher` int(10) NOT NULL DEFAULT '0',
  `stars` tinyint(3) NOT NULL DEFAULT '0',
  `color` varchar(255) NOT NULL DEFAULT '',
  `icon` varchar(255) NOT NULL DEFAULT '',
  `allow_visit` tinyint(1) NOT NULL DEFAULT '1',
  `allow_share` tinyint(1) NOT NULL DEFAULT '1',
  `need_verify` tinyint(1) NOT NULL DEFAULT '1',
  `other_permission` text,
  PRIMARY KEY (`id`),
  KEY `idx_credits_range` (`credits_higher`,`credits_lower`)
) ENGINE=MyISAM  DEFAULT CHARSET=utf8 AUTO_INCREMENT=21 ;

--
-- Dumping data for table `usergroup`
--

INSERT INTO `usergroup` (`id`, `usergroup_type`, `usergroup_key`, `usergroup_name`, `credits_lower`, `credits_higher`, `stars`, `color`, `icon`, `allow_visit`, `allow_share`, `need_verify`, `other_permission`) VALUES
(1, 'system', 'admin', 'Administrator', 0, 0, 9, '', '', 1, 1, 1, 'a:10:{s:11:"allowvisite";s:3:"200";s:12:"allowmessage";s:1:"1";s:12:"allowposturl";s:1:"3";s:9:"allowpost";s:1:"1";s:10:"postverify";s:1:"0";s:12:"allowcomment";s:1:"1";s:11:"allowupload";s:1:"1";s:7:"allowat";s:1:"1";s:13:"allowdownload";s:1:"1";s:12:"ignorecensor";s:1:"1";}'),
(2, 'system', 'editer', 'Editor', 0, 0, 8, '', '', 1, 1, 1, 'a:10:{s:11:"allowvisite";s:3:"200";s:12:"allowmessage";s:1:"1";s:12:"allowposturl";s:1:"3";s:9:"allowpost";s:1:"1";s:10:"postverify";s:1:"0";s:12:"allowcomment";s:1:"1";s:11:"allowupload";s:1:"1";s:7:"allowat";s:1:"1";s:13:"allowdownload";s:1:"1";s:12:"ignorecensor";s:1:"1";}'),
(3, 'system', 'banned_visit', 'Banned Visit', 0, 0, 0, '', '', 0, 0, 1, 'a:10:{s:11:"allowvisite";s:4:"-100";s:12:"allowmessage";s:1:"0";s:12:"allowposturl";s:1:"0";s:9:"allowpost";s:1:"0";s:10:"postverify";s:1:"0";s:12:"allowcomment";s:1:"0";s:11:"allowupload";s:1:"0";s:7:"allowat";s:1:"0";s:13:"allowdownload";s:1:"0";s:12:"ignorecensor";s:1:"0";}'),
(4, 'system', 'banned_post', 'Banned Post', 0, 0, 0, '', '', 1, 0, 1, 'a:10:{s:11:"allowvisite";s:3:"100";s:12:"allowmessage";s:1:"0";s:12:"allowposturl";s:1:"0";s:9:"allowpost";s:1:"0";s:10:"postverify";s:1:"0";s:12:"allowcomment";s:1:"0";s:11:"allowupload";s:1:"0";s:7:"allowat";s:1:"0";s:13:"allowdownload";s:1:"1";s:12:"ignorecensor";s:1:"0";}'),
(5, 'system', 'waiting_verify', 'Waiting Verify', 0, 0, 0, '', '', 1, 0, 1, 'a:10:{s:11:"allowvisite";s:3:"100";s:12:"allowmessage";s:1:"1";s:12:"allowposturl";s:1:"0";s:9:"allowpost";s:1:"0";s:10:"postverify";s:1:"1";s:12:"allowcomment";s:1:"1";s:11:"allowupload";s:1:"0";s:7:"allowat";s:1:"0";s:13:"allowdownload";s:1:"1";s:12:"ignorecensor";s:1:"0";}'),
(6, 'system', 'member', 'Member', 0, 0, 0, '', '', 1, 1, 1, 'a:10:{s:11:"allowvisite";s:3:"100";s:12:"allowmessage";s:1:"1";s:12:"allowposturl";s:1:"3";s:9:"allowpost";s:1:"1";s:10:"postverify";s:1:"0";s:12:"allowcomment";s:1:"1";s:11:"allowupload";s:1:"1";s:7:"allowat";s:1:"1";s:13:"allowdownload";s:1:"1";s:12:"ignorecensor";s:1:"0";}'),
(7, 'system', 'guest', 'Guest', 0, 0, 0, '', '', 1, 1, 1, 'a:10:{s:11:"allowvisite";s:3:"100";s:12:"allowmessage";s:1:"0";s:12:"allowposturl";s:1:"0";s:9:"allowpost";s:1:"0";s:10:"postverify";s:1:"0";s:12:"allowcomment";s:1:"0";s:11:"allowupload";s:1:"0";s:7:"allowat";s:1:"0";s:13:"allowdownload";s:1:"1";s:12:"ignorecensor";s:1:"0";}'),
(16, '', 'da', 'asd', 0, 0, 0, '', '', 1, 1, 1, NULL),
(17, '', 'sdf', 'df', 0, 0, 0, '', '', 1, 1, 1, NULL),
(18, '', 'Grownup', 'asd', 0, 0, 0, '', '', 1, 1, 1, NULL),
(19, 'system', 'Grownup', 'Grownup', 0, 0, 0, '', '', 1, 1, 1, NULL),
(9, 'member', 'learner', '', 50, 200, 2, '0', '', 1, 1, 1, 'a:12:{s:8:"allowurl";s:1:"1";s:12:"allowposturl";s:1:"3";s:8:"maxalbum";s:2:"20";s:9:"maxfollow";s:3:"100";s:12:"maxattachnum";s:2:"10";s:13:"maxattachsize";s:7:"2048000";s:10:"maxmessage";s:3:"100";s:10:"allowvideo";s:1:"1";s:10:"allowfetch";s:1:"1";s:12:"allowfileext";s:15:"jpg|png|gif|zip";s:10:"maxcrgroup";s:2:"10";s:10:"maxcrtopic";s:2:"20";}'),
(10, 'member', 'Grownup', 'Fashion Grownup', 200, 500, 3, '0', '', 1, 1, 1, 'a:12:{s:8:"allowurl";s:1:"1";s:12:"allowposturl";s:1:"3";s:8:"maxalbum";s:2:"20";s:9:"maxfollow";s:3:"100";s:12:"maxattachnum";s:2:"10";s:13:"maxattachsize";s:7:"2048000";s:10:"maxmessage";s:3:"100";s:10:"allowvideo";s:1:"1";s:10:"allowfetch";s:1:"1";s:12:"allowfileext";s:15:"jpg|png|gif|zip";s:10:"maxcrgroup";s:2:"10";s:10:"maxcrtopic";s:2:"20";}'),
(11, 'member', 'explorer', 'Fashion Explorer', 500, 1000, 4, '0', '', 1, 1, 1, 'a:12:{s:8:"allowurl";s:1:"1";s:12:"allowposturl";s:1:"3";s:8:"maxalbum";s:3:"200";s:9:"maxfollow";s:3:"100";s:12:"maxattachnum";s:2:"10";s:13:"maxattachsize";s:7:"2048000";s:10:"maxmessage";s:3:"100";s:10:"allowvideo";s:1:"1";s:10:"allowfetch";s:1:"1";s:12:"allowfileext";s:15:"jpg|png|gif|zip";s:10:"maxcrgroup";s:2:"10";s:10:"maxcrtopic";s:2:"20";}'),
(12, 'member', 'stylist', 'Fashion Stylist', 1000, 3000, 6, '0', '', 1, 1, 1, 'a:12:{s:8:"allowurl";s:1:"1";s:12:"allowposturl";s:1:"3";s:8:"maxalbum";s:2:"20";s:9:"maxfollow";s:3:"100";s:12:"maxattachnum";s:2:"10";s:13:"maxattachsize";s:7:"2048000";s:10:"maxmessage";s:3:"200";s:10:"allowvideo";s:1:"1";s:10:"allowfetch";s:1:"1";s:12:"allowfileext";s:15:"jpg|png|gif|zip";s:10:"maxcrgroup";s:2:"10";s:10:"maxcrtopic";s:2:"20";}'),
(14, 'special', 'star', 'Star', 0, 9999999, 8, '', '', 1, 1, 1, ''),
(15, 'special', 'store', 'Store', 0, 9999999, 8, '', '', 1, 1, 1, '');

-- --------------------------------------------------------

--
-- Table structure for table `user_newsletter`
--

CREATE TABLE IF NOT EXISTS `user_newsletter` (
  `id` int(11) NOT NULL AUTO_INCREMENT,
  `email` varchar(100) NOT NULL,
  `create_time` int(10) NOT NULL,
  PRIMARY KEY (`id`)
) ENGINE=MyISAM DEFAULT CHARSET=latin1 AUTO_INCREMENT=1 ;

-- --------------------------------------------------------

--
-- Table structure for table `user_usergroup`
--

CREATE TABLE IF NOT EXISTS `user_usergroup` (
  `id` int(11) NOT NULL,
  `user_id` int(11) NOT NULL,
  `create_time` int(10) NOT NULL,
  PRIMARY KEY (`id`,`user_id`),
  KEY `idx_user_id` (`user_id`),
  KEY `idx_group_id` (`id`)
) ENGINE=MyISAM DEFAULT CHARSET=utf8;

--
-- Dumping data for table `user_usergroup`
--

INSERT INTO `user_usergroup` (`id`, `user_id`, `create_time`) VALUES
(1, 1, 1373314324),
(8, 1, 1379914040),
(1, 2, 1376499764),
(8, 2, 1376499764),
(6, 3, 1374221672),
(8, 3, 1374221672),
(1, 4, 1377758638),
(9, 4, 1379928652),
(1, 5, 1377758848),
(10, 5, 1393923651),
(1, 6, 1416978984),
(11, 6, 1416978984),
(1, 7, 1378194281),
(8, 7, 1378194281),
(6, 8, 1378200338),
(8, 8, 1378200338),
(6, 9, 1378723815),
(9, 9, 1378798616),
(1, 10, 1394000425),
(13, 10, 1423567430),
(6, 11, 1379479197),
(12, 11, 1403453416),
(6, 12, 1379480511),
(8, 12, 1379480511),
(6, 13, 1379485744),
(8, 13, 1379485744),
(1, 14, 1424142665),
(9, 14, 1424142665),
(6, 15, 1379574053),
(8, 15, 1389300029),
(6, 16, 1379934087),
(10, 16, 1380168767),
(6, 17, 1379939339),
(9, 17, 1380102597),
(6, 18, 1380265677),
(12, 18, 1412666449),
(6, 19, 1380709430),
(8, 19, 1380709430),
(6, 20, 1382513251),
(12, 20, 1413972283),
(6, 21, 1382607056),
(8, 21, 1382607056),
(6, 22, 1382948658),
(8, 22, 1382948658),
(6, 23, 1382954369),
(8, 23, 1382954369),
(1, 25, 1388684691),
(9, 25, 1392264170),
(6, 26, 1392474845),
(8, 26, 1392474845),
(6, 27, 1393373237),
(8, 27, 1393373237),
(15, 10, 1394000425),
(6, 30, 1394874542),
(8, 30, 1394874542),
(6, 32, 1394879666),
(8, 32, 1394879666),
(6, 33, 1395330432),
(8, 33, 1395330432),
(6, 34, 1395641956),
(8, 34, 1395641956),
(6, 35, 1395642492),
(8, 35, 1395642492),
(6, 36, 1395659423),
(8, 36, 1395659423),
(6, 37, 1395668825),
(8, 37, 1395668825),
(6, 38, 1395669900),
(8, 38, 1395669900),
(6, 39, 1395670167),
(8, 39, 1395670167),
(6, 40, 1395670911),
(8, 40, 1395670911),
(6, 41, 1395676605),
(8, 41, 1395676605),
(6, 42, 1395681824),
(8, 42, 1395681824),
(6, 43, 1395684499),
(8, 43, 1395684499),
(6, 44, 1395686408),
(8, 44, 1395686408),
(6, 45, 1395697638),
(8, 45, 1395697638),
(6, 46, 1395699629),
(8, 46, 1395699629),
(6, 47, 1395705615),
(8, 47, 1395705615),
(6, 48, 1395891782),
(8, 48, 1395891782),
(6, 49, 1395905404),
(8, 49, 1395905404),
(6, 50, 1395949530),
(8, 50, 1395949530),
(6, 51, 1396382868),
(8, 51, 1396382868),
(6, 52, 1396422461),
(8, 52, 1396422461),
(6, 53, 1396617124),
(8, 53, 1396617124),
(6, 54, 1396724299),
(8, 54, 1409901397),
(6, 55, 1396962759),
(8, 55, 1396962759),
(6, 56, 1397026269),
(8, 56, 1397026269),
(6, 57, 1397288218),
(8, 57, 1397288218),
(6, 58, 1397901369),
(8, 58, 1397901369),
(6, 59, 1397963184),
(8, 59, 1397963184),
(6, 60, 1398200185),
(8, 60, 1398200185),
(6, 61, 1398547641),
(8, 61, 1398547641),
(6, 62, 1398581803),
(8, 62, 1398581803),
(6, 63, 1398592043),
(8, 63, 1398592043),
(6, 64, 1398604800),
(8, 64, 1398604800),
(6, 65, 1398637816),
(8, 65, 1398637816),
(6, 66, 1398820066),
(8, 66, 1398820066),
(6, 67, 1398838332),
(8, 67, 1398838332),
(6, 68, 1398921239),
(8, 68, 1398921239),
(6, 69, 1398977957),
(8, 69, 1398977957),
(6, 70, 1399045113),
(8, 70, 1399045113),
(6, 71, 1399051879),
(8, 71, 1399051879),
(6, 72, 1399054648),
(8, 72, 1399054648),
(6, 73, 1399155972),
(8, 73, 1399155972),
(6, 74, 1399365988),
(8, 74, 1399365988),
(6, 75, 1399404780),
(8, 75, 1399404780),
(6, 76, 1399506959),
(8, 76, 1399506959),
(6, 77, 1399510489),
(8, 77, 1399510489),
(6, 78, 1399530654),
(8, 78, 1399530654),
(6, 79, 1399629100),
(8, 79, 1399629100),
(6, 80, 1399644412),
(8, 80, 1399644412),
(6, 81, 1399788937),
(8, 81, 1399788937),
(6, 82, 1399942258),
(8, 82, 1399942258),
(6, 83, 1399942272),
(8, 83, 1399942272),
(6, 84, 1400012495),
(8, 84, 1400012495),
(6, 85, 1400185563),
(8, 85, 1400185563),
(6, 87, 1400367153),
(8, 87, 1400367153),
(6, 86, 1400367153),
(8, 86, 1400367153),
(6, 88, 1400401734),
(8, 88, 1400401734),
(6, 89, 1400585563),
(8, 89, 1400585563),
(6, 90, 1400619082),
(8, 90, 1400619082),
(6, 91, 1400859493),
(8, 91, 1400859493),
(6, 92, 1400953720),
(8, 92, 1400953720),
(6, 93, 1400979166),
(8, 93, 1400979166),
(6, 94, 1401033267),
(8, 94, 1401033267),
(6, 95, 1401141656),
(8, 95, 1401141656),
(6, 96, 1401153539),
(8, 96, 1401153539),
(6, 97, 1401164545),
(9, 97, 1408356533),
(6, 98, 1401198243),
(8, 98, 1401198243),
(1, 99, 1401326778),
(9, 99, 1408428857),
(6, 100, 1404894569),
(13, 100, 1411299016),
(6, 101, 1405098469),
(12, 101, 1411299021),
(6, 102, 1405427962),
(8, 102, 1408344263),
(6, 103, 1405622567),
(8, 103, 1401500359),
(6, 104, 1406089966),
(8, 104, 1406089966),
(6, 105, 1410345074),
(8, 105, 1412222616),
(6, 106, 1406981198),
(8, 106, 1406981198),
(6, 107, 1407475902),
(13, 107, 1422365511),
(6, 108, 1407523581),
(9, 108, 1413570432),
(6, 109, 1407771746),
(9, 109, 1411525937),
(6, 110, 1409782944),
(8, 110, 1409782944),
(6, 111, 1410153313),
(8, 111, 1410153313),
(6, 112, 1410157914),
(8, 112, 1410157914),
(6, 113, 1424142733),
(8, 113, 1424142733),
(6, 114, 1410344458),
(8, 114, 1410344458),
(6, 115, 1410345315),
(8, 115, 1410345315),
(6, 116, 1402003037),
(8, 116, 1402003037),
(6, 117, 1410419070),
(8, 117, 1412222632),
(6, 118, 1410431561),
(9, 118, 1411299035),
(6, 119, 1410894140),
(11, 119, 1411299035),
(6, 120, 1411028733),
(8, 120, 1412222631),
(6, 121, 1411269715),
(9, 121, 1411298992),
(1, 122, 1418711205),
(12, 122, 1418711205),
(6, 123, 1416983095),
(8, 123, 1416983095),
(6, 124, 1416995858),
(8, 124, 1416995858),
(6, 125, 1417035012),
(8, 125, 1417035012),
(6, 126, 1418586791),
(8, 126, 1418586791),
(6, 127, 1423566878),
(8, 127, 1423567254),
(6, 128, 1419096464),
(8, 128, 1419096464),
(6, 129, 1419337086),
(8, 129, 1419337086),
(6, 130, 1419765559),
(8, 130, 1420561285),
(6, 131, 1420025591),
(8, 131, 1420025591),
(6, 132, 1420630545),
(8, 132, 1420630545),
(6, 133, 1420769587),
(8, 133, 1420769587),
(1, 134, 1422349628),
(9, 134, 1422520125),
(6, 135, 1421989435),
(8, 135, 1421989435),
(6, 136, 1422006625),
(8, 136, 1422006625),
(6, 137, 1422548919),
(8, 137, 1422548919),
(6, 138, 1424327505),
(8, 138, 1424327505),
(6, 139, 1424676537),
(8, 139, 1424676537),
(6, 140, 1427040961),
(8, 140, 1427040961),
(6, 141, 1427377432),
(8, 141, 1427377432),
(6, 142, 1429470101),
(8, 142, 1429470101),
(6, 143, 1430294136),
(8, 143, 1430294136),
(6, 144, 1430432492),
(8, 144, 1430432492),
(6, 145, 1431304691),
(8, 145, 1431304691),
(6, 146, 1431418805),
(8, 146, 1431418805),
(6, 147, 1432083817),
(8, 147, 1432083817),
(6, 148, 1433967353),
(8, 148, 1433967353),
(6, 149, 1434113318),
(9, 149, 1434175432),
(6, 150, 1434648193),
(8, 150, 1434648193),
(6, 151, 1434906101),
(8, 151, 1434906101),
(6, 152, 1435087991),
(8, 152, 1435087991),
(6, 153, 1435824623),
(6, 154, 1436330555),
(6, 155, 1436415274),
(6, 156, 1437812776),
(6, 157, 1437815244),
(6, 158, 1437818636),
(8, 158, 1437818637),
(6, 159, 1437819540),
(8, 159, 1437819541),
(6, 160, 1438000792),
(8, 160, 1438000793);

/*!40101 SET CHARACTER_SET_CLIENT=@OLD_CHARACTER_SET_CLIENT */;
/*!40101 SET CHARACTER_SET_RESULTS=@OLD_CHARACTER_SET_RESULTS */;
/*!40101 SET COLLATION_CONNECTION=@OLD_COLLATION_CONNECTION */;
